city,fetched_at,aqi,pm25,pm10,no2,o3,co,temperature,humidity,wind_speed,pressure,hour,day_of_week,month,is_weekend,aqi_lag_1,aqi_lag_3,aqi_lag_6,aqi_lag_24,aqi_rolling_mean_3,aqi_rolling_mean_6,aqi_change_rate
Karachi,2026-03-10 22:29:07.097653,45,7.282089250788111,22.280911104548853,16.88746967710064,28.848929701364536,1.8945364626299581,31.229353329004095,89.1244915897031,4.743986930853726,1017.9356499935332,22,1,3,0,37.0,68.0,81.0,61.0,49.333333333333336,63.833333333333336,0.21621621621621623
Karachi,2026-03-10 23:29:07.097653,52,28.741594129272006,31.830145472997074,37.497955763584216,51.34127604170095,0.43095763311800944,32.46297058296624,47.83521738979741,1.7858456172486006,1014.4427286596967,23,1,3,0,45.0,66.0,66.0,48.0,44.666666666666664,61.5,0.15555555555555545
Karachi,2026-03-11 00:29:07.097653,32,5.974252773215458,19.262092182843787,55.22632789977948,52.71250033656493,1.5793182811729591,29.434946966028445,67.04060353990377,1.8216419006047064,1013.6749419948106,0,2,3,0,52.0,37.0,101.0,59.0,43.0,50.0,-0.3846153846153846
Karachi,2026-03-11 01:29:07.097653,56,21.32981654843314,21.337203185138797,48.879130471473424,20.778189082068035,0.5864165682417652,28.886257130639905,44.94355775268255,1.2406523731707264,1013.1527962411209,1,2,3,0,32.0,45.0,68.0,73.0,46.666666666666664,48.0,0.75
Karachi,2026-03-11 02:29:07.097653,45,15.857640913580598,19.482603190736032,55.68017549190917,65.56021980496486,2.4281021789073005,24.371112419404742,55.92481566319393,4.1025666655511746,1008.2365437309832,2,2,3,0,56.0,52.0,66.0,50.0,44.333333333333336,44.5,-0.1964285714285714
Karachi,2026-03-11 03:29:07.097653,54,24.707322475855367,28.16074693466377,58.81782818129795,64.96420075389776,2.085096505941444,25.580448078622343,66.37629618372993,0.9997221575200865,1017.3963919154958,3,2,3,0,45.0,32.0,37.0,55.0,51.666666666666664,47.333333333333336,0.19999999999999996
Karachi,2026-03-11 04:29:07.097653,55,14.399138567204883,17.29487646708793,5.586856985338952,26.612239294272378,0.5413923627436643,20.66702883143691,87.3315872982669,5.1667842871667045,1014.439944728542,4,2,3,0,54.0,56.0,45.0,88.0,51.333333333333336,49.0,0.0185185185185186
Karachi,2026-03-11 05:29:07.097653,100,42.3187038962331,60.39170859474821,39.250770200761266,30.20664118728223,0.5678543948248925,17.400766012231635,59.56141106417415,5.645946616691086,1008.916264844993,5,2,3,0,55.0,45.0,52.0,83.0,69.66666666666667,57.0,0.8181818181818181
Karachi,2026-03-11 06:29:07.097653,79,42.04056476800666,45.88595022013426,27.706166876739854,75.65915058216478,1.6078424808077618,22.426437531808933,43.24533481073349,1.2419674620990977,1008.2095217029453,6,2,3,0,100.0,54.0,32.0,72.0,78.0,64.83333333333333,-0.20999999999999996
Karachi,2026-03-11 07:29:07.097653,71,21.9436929445308,29.75619324074968,52.2919969684317,67.79700121856347,1.0587561831810033,13.622637895765221,59.40807239801585,2.6289029308142924,1008.5078363923675,7,2,3,0,79.0,55.0,56.0,95.0,83.33333333333333,67.33333333333333,-0.10126582278481011
Karachi,2026-03-11 08:29:07.097653,107,43.88380031067111,67.63660713114734,18.849808610502244,58.845792314376666,0.3767928899608404,15.522522549390144,47.28705879369889,3.0332419627248273,1014.0939576343224,8,2,3,0,71.0,100.0,45.0,88.0,85.66666666666667,77.66666666666667,0.5070422535211268
Karachi,2026-03-11 09:29:07.097653,82,29.8503085854294,55.467311169146335,58.956621901329186,15.756325505742037,1.491611317232717,16.018537686026665,51.49948066457226,4.767966320939335,1014.1401541489458,9,2,3,0,107.0,79.0,54.0,94.0,86.66666666666667,82.33333333333333,-0.23364485981308414
Karachi,2026-03-11 10:29:07.097653,109,45.77492244640698,67.28450545408181,38.7539383249061,39.278485663180305,1.1532592193088633,23.08840931583762,70.90453115824953,6.218686751219754,1012.9966729178144,10,2,3,0,82.0,71.0,55.0,109.0,99.33333333333333,91.33333333333333,0.3292682926829269
Karachi,2026-03-11 11:29:07.097653,79,31.928828059268927,45.157088356613485,48.6445571225857,49.151131045377895,0.5223682832178338,22.956863518800645,43.37119331018408,0.3709847857371549,1011.0676582065295,11,2,3,0,109.0,107.0,100.0,80.0,90.0,87.83333333333333,-0.27522935779816515
Karachi,2026-03-11 12:29:07.097653,90,32.82344916138787,58.77786277392896,9.707975405252258,23.118790158864385,2.064224862963162,23.987856287284394,63.23618781250187,2.3636385649466343,1013.3174273161464,12,2,3,0,79.0,82.0,79.0,84.0,92.66666666666667,89.66666666666667,0.139240506329114
Karachi,2026-03-11 13:29:07.097653,111,47.21163875503893,72.60017887983886,15.090183661737576,41.375860747575715,2.3131688836133733,22.26813031442717,70.47307930053822,2.467966608879306,1013.1630182087625,13,2,3,0,90.0,109.0,71.0,100.0,93.33333333333333,96.33333333333333,0.2333333333333334
Karachi,2026-03-11 14:29:07.097653,117,55.84484487431944,72.6938850458361,46.71220201688118,52.0718114242083,1.964506654831086,29.85235600768355,61.09291961837484,0.19866029022690457,1008.1941555987656,14,2,3,0,111.0,79.0,107.0,90.0,106.0,98.0,0.054054054054053946
Karachi,2026-03-11 15:29:07.097653,103,40.558972102741905,55.673338588589495,6.209258712162798,32.91636760807795,2.10932908203581,27.80725636850211,40.95631753118652,2.0297799613918768,1010.824692303275,15,2,3,0,117.0,90.0,82.0,105.0,110.33333333333333,101.5,-0.11965811965811968
Karachi,2026-03-11 16:29:07.097653,93,40.90490001641147,58.17197158259528,49.92828922415806,64.66613732653411,0.7762792479854582,30.954526740606244,89.27596784514327,3.8555378887012224,1008.5318534146714,16,2,3,0,103.0,111.0,109.0,81.0,104.33333333333333,98.83333333333333,-0.09708737864077666
Karachi,2026-03-11 17:29:07.097653,83,26.832841578338698,59.51265475814561,5.76719602805513,68.83147071471637,0.8798604920209223,31.016245011704793,58.35578836702676,2.442642194320886,1017.0015475144766,17,2,3,0,93.0,117.0,79.0,66.0,93.0,99.5,-0.10752688172043012
Karachi,2026-03-11 18:29:07.097653,57,18.346686173705393,29.92026961779931,41.14153614837004,32.65266286038495,0.758760588658213,31.829270087629006,78.92885934666334,0.08924233721482722,1015.2522316278513,18,2,3,0,83.0,103.0,90.0,101.0,77.66666666666667,94.0,-0.3132530120481928
Karachi,2026-03-11 19:29:07.097653,61,26.937137597803385,53.64617402566169,25.080165612749322,68.70600081447199,1.983139549004241,32.223849262459794,56.282324609372665,8.748165396019827,1017.9611517019291,19,2,3,0,57.0,93.0,111.0,68.0,67.0,85.66666666666667,0.07017543859649122
Karachi,2026-03-11 20:29:07.097653,58,30.656747516921108,30.649203589478844,38.63221689955595,17.25035962721105,2.3854175736558934,32.580720013161674,63.750837849670944,3.5323557304083604,1011.0217126330529,20,2,3,0,61.0,83.0,117.0,66.0,58.666666666666664,75.83333333333333,-0.049180327868852514
Karachi,2026-03-11 21:29:07.097653,74,31.63551872700323,45.04543408133348,43.28172738440125,68.64103690358594,1.877041854814586,33.94438990766871,59.423182130549826,3.22338826021335,1016.7848584775691,21,2,3,0,58.0,57.0,103.0,37.0,64.33333333333333,71.0,0.27586206896551735
Karachi,2026-03-11 22:29:07.097653,59,22.104114739381735,30.12422256994557,23.83613705524673,20.69253021673316,2.2392268827350232,32.662602827826284,57.126961475480385,0.8041472738659072,1014.0305426793249,22,2,3,0,74.0,61.0,93.0,45.0,63.666666666666664,65.33333333333333,-0.20270270270270274
Karachi,2026-03-11 23:29:07.097653,24,9.827106179471548,16.53214041589425,10.937934646095956,15.804900675680823,1.7051380087429797,30.59391150908501,41.09256886038894,3.5214123239425508,1012.5312540690361,23,2,3,0,59.0,58.0,83.0,52.0,52.333333333333336,55.5,-0.5932203389830508
Karachi,2026-03-12 00:29:07.097653,54,15.692465146520181,18.978982183470947,8.83052272615461,54.92427831087078,1.152851781229358,32.019047985397705,58.00104689272517,2.6715724319170113,1010.2257311128864,0,3,3,0,24.0,74.0,57.0,32.0,45.666666666666664,55.0,1.25
Karachi,2026-03-12 01:29:07.097653,45,21.120973033810113,22.77926021251615,37.39148124094013,43.0356156028706,1.2366755528466715,21.137046223338704,84.4744995199765,0.7770468254308125,1015.3839216528614,1,3,3,0,54.0,59.0,61.0,56.0,41.0,52.333333333333336,-0.16666666666666663
Karachi,2026-03-12 02:29:07.097653,43,21.95782846436803,17.582275126337937,33.63604445537614,73.5523420288983,0.4657071507682906,26.01977449584239,74.51966692968418,0.8594891199711676,1017.041407489043,2,3,3,0,45.0,24.0,58.0,45.0,47.333333333333336,49.833333333333336,-0.0444444444444444
Karachi,2026-03-12 03:29:07.097653,67,24.924324694641236,41.85987132134828,45.821055501662286,35.423243726359445,0.36920582954125736,24.36492505249779,47.27114295477199,4.58985203534789,1010.3530839807537,3,3,3,0,43.0,54.0,74.0,54.0,51.666666666666664,48.666666666666664,0.558139534883721
Karachi,2026-03-12 04:29:07.097653,80,29.8357863961782,56.23457470653482,33.035453050216546,30.100658440634007,1.8300463292159703,23.29392573651034,69.55775023113696,6.888035300000883,1009.7539033497361,4,3,3,0,67.0,45.0,59.0,55.0,63.333333333333336,52.166666666666664,0.19402985074626855
Karachi,2026-03-12 05:29:07.097653,86,35.81124332172718,56.89082775711682,28.234518451698353,45.05144343009388,1.2645435624245975,19.213402868400898,84.61154299744358,3.7343308100860892,1014.9622191500487,5,3,3,0,80.0,43.0,24.0,100.0,77.66666666666667,62.5,0.07499999999999996
Karachi,2026-03-12 06:29:07.097653,67,24.78109618046119,21.473767404125113,26.894794802992696,41.91623300380629,1.514873149720185,18.487636904492405,75.00170204824278,5.2061665565867346,1017.7697316272552,6,3,3,0,86.0,67.0,54.0,79.0,77.66666666666667,64.66666666666667,-0.22093023255813948
Karachi,2026-03-12 07:29:07.097653,83,32.91989121299385,66.21238865260749,6.45457964287171,34.10996323520318,1.526854744769316,19.244490156316896,47.434219617834835,2.68848938283358,1015.4995510110408,7,3,3,0,67.0,80.0,45.0,71.0,78.66666666666667,71.0,0.23880597014925375
Karachi,2026-03-12 08:29:07.097653,99,50.48618953425397,62.343610407599016,23.455646093316144,58.561890908883,0.9102267893332632,19.98233280856036,83.39162483672484,2.8269076786387943,1010.8458073904765,8,3,3,0,83.0,86.0,43.0,107.0,83.0,80.33333333333333,0.19277108433734935
Karachi,2026-03-12 09:29:07.097653,115,45.10342363324275,63.29583508151509,58.68110866384718,63.169328373973585,1.3469635238248796,16.671521419329917,55.07720066444327,5.18195805523893,1012.1995542414778,9,3,3,0,99.0,67.0,67.0,82.0,99.0,88.33333333333333,0.16161616161616155
Karachi,2026-03-12 10:29:07.097653,98,37.725558658235414,60.532912479439815,53.04555669248988,69.70887783210956,1.3356724876689452,18.605748335979612,62.70380721561709,6.325554578358938,1011.8431763545838,10,3,3,0,115.0,83.0,80.0,109.0,104.0,91.33333333333333,-0.14782608695652177
Karachi,2026-03-12 11:29:07.097653,106,39.23944702731013,65.12525266325041,23.115793686881972,78.099962329724,1.1545398867012855,22.700293679205135,66.30713798445731,5.602193386931243,1016.5209501804704,11,3,3,0,98.0,99.0,86.0,79.0,106.33333333333333,94.66666666666667,0.08163265306122458
Karachi,2026-03-12 12:29:07.097653,93,41.08295001346352,50.70819549833324,37.32874727865047,28.66593344927531,2.1054858434823553,16.751945848242297,82.52533021890977,0.867273849230362,1015.7137077887222,12,3,3,0,106.0,115.0,67.0,90.0,99.0,99.0,-0.12264150943396224
Karachi,2026-03-12 13:29:07.097653,91,35.50774930489428,56.20413859521379,51.60132100445217,60.1265437742973,1.2925608081127111,21.549422439550664,86.58037475738305,2.8660822193695084,1013.8897543476152,13,3,3,0,93.0,98.0,83.0,111.0,96.66666666666667,100.33333333333333,-0.021505376344086002
Karachi,2026-03-12 14:29:07.097653,118,44.02059458817133,66.04141136870521,29.270088521253776,37.59807648470216,1.6280179539131734,27.931671957205925,86.4826438895278,3.5550493689525906,1010.749591103969,14,3,3,0,91.0,106.0,99.0,117.0,100.66666666666667,103.5,0.29670329670329676
Karachi,2026-03-12 15:29:07.097653,121,55.22924170702857,69.69918637697508,5.987682506258302,57.39573803657757,2.2701442648378176,29.25562802803677,40.39770906392703,2.480644072984942,1017.3798852772205,15,3,3,0,118.0,93.0,115.0,103.0,110.0,104.5,0.025423728813559254
Karachi,2026-03-12 16:29:07.097653,93,44.66595429308618,50.86167581973632,9.098075400025204,43.31871832444542,2.2057139702896293,30.04489042185339,86.09442427927286,3.7757150868311915,1014.5331522476914,16,3,3,0,121.0,91.0,98.0,93.0,110.66666666666667,103.66666666666667,-0.23140495867768596
Karachi,2026-03-12 17:29:07.097653,102,38.12490809988887,50.22916857495637,33.07159967417886,79.56411719375521,2.2589288483141634,29.75966050327414,42.719348300078614,4.641153623337894,1017.7047664644178,17,3,3,0,93.0,118.0,106.0,83.0,105.33333333333333,103.0,0.09677419354838701
Karachi,2026-03-12 18:29:07.097653,85,24.837116393482724,52.42141598715178,58.31916566217331,61.02314950535249,0.8940109922230308,30.16456623230467,53.28868284087177,5.005619503910281,1013.8011703304203,18,3,3,0,102.0,121.0,93.0,57.0,93.33333333333333,101.66666666666667,-0.16666666666666663
Karachi,2026-03-12 19:29:07.097653,62,30.061021380323616,42.21757488883921,43.12652482203773,76.67439103040272,0.37696147427773824,31.544975371827803,65.74939273639164,6.371740304443046,1016.2119275836361,19,3,3,0,85.0,93.0,91.0,61.0,83.0,96.83333333333333,-0.2705882352941177
Karachi,2026-03-12 20:29:07.097653,70,24.74522450425047,46.37162921818671,8.900390529121324,68.447868463683,0.8743469597697242,36.09601644163739,63.996284450219704,2.3411177905503306,1016.1310537939453,20,3,3,0,62.0,102.0,118.0,58.0,72.33333333333333,88.83333333333333,0.12903225806451624
Karachi,2026-03-12 21:29:07.097653,81,36.69606602037109,55.673809057917744,15.414848168552453,73.20307078143597,0.9131561603655591,31.470521232001857,70.23548969436959,0.27193367032137195,1011.3732877683359,21,3,3,0,70.0,85.0,121.0,74.0,71.0,82.16666666666667,0.15714285714285725
Karachi,2026-03-12 22:29:07.097653,53,11.542219831367852,34.683830060009484,47.42277287692675,67.00934380502724,2.3005927187949298,32.13104915875483,63.97231143685029,3.7164691880289054,1017.6402072295723,22,3,3,0,81.0,62.0,93.0,59.0,68.0,75.5,-0.345679012345679
Karachi,2026-03-12 23:29:07.097653,74,34.25973871091176,40.43332404338759,51.27918679759346,42.141139126313796,1.7283340122435356,29.149438959768887,86.71878398202104,6.767622062369604,1008.2194146759756,23,3,3,0,53.0,70.0,102.0,24.0,69.33333333333333,70.83333333333333,0.39622641509433953
Karachi,2026-03-13 00:29:07.097653,20,1.9441403535960937,18.71731091544951,38.973202240372494,27.625191734281906,0.47974871112490325,30.68554806019805,52.02744241072935,2.046048280091882,1015.6871090876741,0,4,3,0,74.0,81.0,85.0,54.0,49.0,60.0,-0.7297297297297297
Karachi,2026-03-13 01:29:07.097653,63,28.994125706115145,27.150317347438303,40.44327432963991,35.92241228153655,0.5978329112244225,25.993099800127283,53.70123470192429,4.373693954127439,1017.6555708576404,1,4,3,0,20.0,53.0,62.0,45.0,52.333333333333336,60.166666666666664,2.15
Karachi,2026-03-13 02:29:07.097653,55,22.201342903197936,25.989595285923798,6.558559771086156,11.416536284796532,0.6424874761923459,24.804812219691172,86.03689678465281,4.391491584945285,1011.3890820328372,2,4,3,0,63.0,74.0,70.0,43.0,46.0,57.666666666666664,-0.12698412698412698
Karachi,2026-03-13 03:29:07.097653,54,16.950977425983005,24.86741121306338,50.56916427698297,46.6795217225267,1.686927845971631,19.56268337309418,43.836975687262814,3.382884094689218,1014.4811058779097,3,4,3,0,55.0,20.0,81.0,67.0,57.333333333333336,53.166666666666664,-0.018181818181818188
Karachi,2026-03-13 04:29:07.097653,66,24.51538309457911,48.466295461933996,48.35513644939563,45.35404601892861,1.917910856115407,17.77326352759012,70.47804109524048,3.013849442087429,1013.6222324984421,4,4,3,0,54.0,63.0,53.0,80.0,58.333333333333336,55.333333333333336,0.22222222222222232
Karachi,2026-03-13 05:29:07.097653,42,20.4003502559479,32.995445069867195,19.246932925684092,46.767532538134176,2.1912166032438716,19.358492137150634,74.08679760328053,1.153141588557215,1015.6150730967653,5,4,3,0,66.0,55.0,74.0,86.0,54.0,50.0,-0.36363636363636365
Karachi,2026-03-13 06:29:07.097653,76,31.2114409385511,49.92139490582235,43.977219598102884,78.18218574804447,2.369400411773735,15.421482459328965,65.27708617148697,1.5633241448411548,1016.6617792164506,6,4,3,0,42.0,54.0,20.0,67.0,61.333333333333336,59.333333333333336,0.8095238095238095
Karachi,2026-03-13 07:29:07.097653,93,40.17056887266315,64.44819487714547,16.817003353374893,73.80178024183874,0.743750026250172,21.482766668356458,74.71159394115686,0.7762985866719423,1014.0304456929955,7,4,3,0,76.0,66.0,63.0,83.0,70.33333333333333,64.33333333333333,0.2236842105263157
Karachi,2026-03-13 08:29:07.097653,117,56.74956719102653,63.26678414337774,7.218158857833215,21.31989448310756,0.981499466392908,12.876953775775501,48.63773230059835,2.2193917017766016,1016.1590458638145,8,4,3,0,93.0,42.0,55.0,99.0,95.33333333333333,74.66666666666667,0.25806451612903225
Karachi,2026-03-13 09:29:07.097653,93,29.55445200604143,58.852251055782865,16.06250984247075,35.821776508912244,0.8287103376386276,15.672242792359246,82.631611638577,5.194845374845414,1011.1228557588926,9,4,3,0,117.0,76.0,54.0,115.0,101.0,81.16666666666667,-0.20512820512820518
Karachi,2026-03-13 10:29:07.097653,93,45.627406102897254,55.31061941501589,14.824588221486472,39.676932562428334,1.0892754484255032,18.105198504259594,47.00128447349428,2.793743875297249,1010.2858705870482,10,4,3,0,93.0,93.0,66.0,98.0,101.0,85.66666666666667,0.0
Karachi,2026-03-13 11:29:07.097653,101,41.10234734157767,67.6459083120217,23.576139820416596,35.23730424961534,2.3122632363322486,18.61287987491605,60.04062221578749,1.961948562163703,1012.3066768953285,11,4,3,0,93.0,117.0,42.0,106.0,95.66666666666667,95.5,0.08602150537634401
Karachi,2026-03-13 12:29:07.097653,123,44.99849246459681,73.31682519890109,28.014722344650195,65.89471745227391,1.5652476472665955,18.791709086672164,43.76288006541029,1.2180291160931391,1014.7773659958078,12,4,3,0,101.0,93.0,76.0,93.0,105.66666666666667,103.33333333333333,0.2178217821782178
Karachi,2026-03-13 13:29:07.097653,113,38.91204844473199,65.26588175285974,32.969639032373934,46.68263689073108,1.924022174113898,21.0135919601893,67.26055394087001,4.313611657018961,1009.8724694893872,13,4,3,0,123.0,93.0,93.0,91.0,112.33333333333333,106.66666666666667,-0.08130081300813008
Karachi,2026-03-13 14:29:07.097653,98,38.268141668925864,63.14788358270446,31.221463152958048,50.04698718801375,1.3782623194789205,23.018691845001523,73.48729037128196,5.71671433286121,1014.803521921519,14,4,3,0,113.0,101.0,117.0,118.0,111.33333333333333,103.5,-0.1327433628318584
Karachi,2026-03-13 15:29:07.097653,108,48.17313653254101,72.35668229690792,19.887103328090916,69.71094912915478,0.363487409339474,26.49710897118004,87.06108175476453,5.1268714437349185,1011.9409364857207,15,4,3,0,98.0,123.0,93.0,121.0,106.33333333333333,106.0,0.1020408163265305
Karachi,2026-03-13 16:29:07.097653,96,37.94471969420057,52.52693638535795,6.604386771574095,66.4149707390751,0.44123006919519153,32.90385817903485,76.96680979480004,4.212299399516938,1015.9557527389263,16,4,3,0,108.0,113.0,93.0,93.0,100.66666666666667,106.5,-0.11111111111111116
Karachi,2026-03-13 17:29:07.097653,102,48.47347313566433,60.88794235582237,38.280589223043286,19.25480659742098,1.4834306687893488,30.8127288426088,67.05514582270756,0.04877450723411991,1008.368358171033,17,4,3,0,96.0,98.0,101.0,102.0,102.0,106.66666666666667,0.0625
Karachi,2026-03-13 18:29:07.097653,69,20.53180298647809,33.213997085970604,26.76596564160449,59.9740208858544,1.8813358766040567,34.294004209050556,86.63085085851668,2.2966515143124573,1014.6798263782939,18,4,3,0,102.0,108.0,123.0,85.0,89.0,97.66666666666667,-0.32352941176470584
Karachi,2026-03-13 19:29:07.097653,67,26.86775383995287,20.407809728831197,21.426968656315236,40.48052902314249,0.7737271605632093,33.741359301968835,63.92184190204382,6.89460845777935,1014.4982233664997,19,4,3,0,69.0,96.0,113.0,62.0,79.33333333333333,90.0,-0.02898550724637683
Karachi,2026-03-13 20:29:07.097653,59,17.385383859141466,37.07470367312042,52.68175735567818,30.625423214375033,1.888201062783069,35.22772479596444,68.06028265494348,5.24390098383045,1017.4093547612531,20,4,3,0,67.0,102.0,98.0,70.0,65.0,83.5,-0.11940298507462688
Karachi,2026-03-13 21:29:07.097653,36,16.551788350093563,26.971686255490138,46.070881928898785,13.501317463153043,2.0834647016637273,27.127478005125376,69.80492638350479,0.07500643646945004,1015.1336755356407,21,4,3,0,59.0,69.0,108.0,81.0,54.0,71.5,-0.38983050847457623
Karachi,2026-03-13 22:29:07.097653,58,27.818853767460695,37.1731596981551,52.177105160484324,44.10746922418157,1.2061744523966447,31.31928718797905,60.49898629432835,2.888818953601457,1015.9630189642328,22,4,3,0,36.0,67.0,96.0,53.0,51.0,65.16666666666667,0.6111111111111112
Karachi,2026-03-13 23:29:07.097653,54,19.87141274920525,17.366338834380834,32.224053709185355,34.8805676507172,1.942122312257031,33.271125095793806,81.9241345282912,3.7261968653220774,1017.0459101585317,23,4,3,0,58.0,59.0,102.0,74.0,49.333333333333336,57.166666666666664,-0.06896551724137934
Karachi,2026-03-14 00:29:07.097653,50,7.009611456719096,27.23922566917035,12.201218866972761,27.605912777348056,1.1888658907226117,27.85652835450133,49.25879694225296,1.4756830739475602,1014.7505191829199,0,5,3,1,54.0,36.0,69.0,20.0,54.0,54.0,-0.07407407407407407
Karachi,2026-03-14 01:29:07.097653,47,19.99610801826277,10.755268846011795,43.29217898666998,58.62702107178703,1.792371384801044,30.59549869055939,67.7421095185804,1.6184080428176975,1010.9015363495997,1,5,3,1,50.0,58.0,67.0,63.0,50.333333333333336,50.666666666666664,-0.06000000000000005
Karachi,2026-03-14 02:29:07.097653,32,15.299163460951798,30.63081491465985,16.33405789654464,63.86397711209109,1.9807935085029948,27.967780307535524,76.1116628093597,3.1976480900328634,1016.6977379958353,2,5,3,1,47.0,54.0,59.0,55.0,43.0,46.166666666666664,-0.3191489361702128
Karachi,2026-03-14 03:29:07.097653,52,23.012320463977762,22.797833376809223,29.267631800044423,27.135266332059736,2.482238560277844,21.991186206924905,85.19880859382886,1.4244834847591215,1015.4757811947597,3,5,3,1,32.0,50.0,36.0,54.0,43.666666666666664,48.833333333333336,0.625
Karachi,2026-03-14 04:29:07.097653,59,30.122623859950156,45.95879822693824,8.575043392188867,13.461320567554308,1.0598726565399115,19.993672961907286,84.19591982171391,1.4323165218306317,1012.2443760400089,4,5,3,1,52.0,47.0,58.0,66.0,47.666666666666664,49.0,0.13461538461538458
Karachi,2026-03-14 05:29:07.097653,60,18.725239445194795,43.68771891463322,50.39196213326403,69.41268903956646,1.2042897172641454,17.315934065798682,65.4370144715071,2.2906392801384836,1015.1052917264997,5,5,3,1,59.0,32.0,54.0,42.0,57.0,50.0,0.016949152542372836
Karachi,2026-03-14 06:29:07.097653,77,34.433366257256196,39.34370577471742,11.926735257612531,10.697181884301232,0.6643641307023769,16.812608305996893,72.15807255816708,2.7326481706903767,1016.6768887718114,6,5,3,1,60.0,52.0,50.0,76.0,65.33333333333333,54.5,0.28333333333333344
Karachi,2026-03-14 07:29:07.097653,93,43.492671244507356,47.23292091303426,54.67036288771203,75.59787457450304,0.7489607284839752,14.807415261349623,59.71188680646505,2.9818344118086273,1017.7565213139127,7,5,3,1,77.0,59.0,47.0,93.0,76.66666666666667,62.166666666666664,0.20779220779220786
Karachi,2026-03-14 08:29:07.097653,123,40.424177487230594,76.77863484198546,52.53268312438564,53.933391178789414,1.8254690057164311,17.85762236086601,63.408888144010014,1.2320202021559972,1017.5235150395905,8,5,3,1,93.0,60.0,32.0,117.0,97.66666666666667,77.33333333333333,0.32258064516129026
Karachi,2026-03-14 09:29:07.097653,103,43.13100738082449,55.54453007937984,30.552052044158533,32.52926446409242,2.3175002983398474,14.360500402994587,85.31328962865248,2.5595809407318453,1011.2532782676415,9,5,3,1,123.0,77.0,52.0,93.0,106.33333333333333,85.83333333333333,-0.16260162601626016
Karachi,2026-03-14 10:29:07.097653,109,41.4167080347115,66.72628792189043,45.94025123671948,27.253453670371535,1.1681308936547292,19.279262802104938,86.5351996596237,0.5148467408055102,1012.2169371371818,10,5,3,1,103.0,93.0,59.0,93.0,111.66666666666667,94.16666666666667,0.058252427184465994
Karachi,2026-03-14 11:29:07.097653,107,42.73682105536359,60.85403090485238,39.06947905999843,10.630396498513267,0.6956577830381907,20.599303144308116,84.77070290335098,3.6220781307361563,1009.0953660497737,11,5,3,1,109.0,123.0,60.0,101.0,106.33333333333333,102.0,-0.01834862385321101
Karachi,2026-03-14 12:29:07.097653,81,34.22575512589743,34.48179174658355,49.16916032857597,26.4829991907614,0.9272188986425869,17.677591189632153,46.91854309068191,2.712550826682315,1010.4754428701805,12,5,3,1,107.0,103.0,77.0,123.0,99.0,102.66666666666667,-0.2429906542056075
Karachi,2026-03-14 13:29:07.097653,108,40.995883842205764,47.3042958411646,28.74928054322516,19.640981106199877,1.3011137505779051,26.02908485183651,82.5042010665318,2.421019839132761,1016.8242120848695,13,5,3,1,81.0,109.0,93.0,113.0,98.66666666666667,105.16666666666667,0.33333333333333326
Karachi,2026-03-14 14:29:07.097653,106,39.37514570925136,65.9440031455459,48.219466633439254,52.85163545062019,0.9394307246038105,26.027218588830443,87.41818655107402,4.838372307353906,1011.6084992627935,14,5,3,1,108.0,107.0,123.0,98.0,98.33333333333333,102.33333333333333,-0.01851851851851849
Karachi,2026-03-14 15:29:07.097653,138,55.435496136590416,78.40463910308043,30.435124938583137,21.65819120156609,0.8138739828681059,28.569948403709905,58.06248472868023,0.8813186254503469,1014.2055265859489,15,5,3,1,106.0,81.0,103.0,108.0,117.33333333333333,108.16666666666667,0.3018867924528301
Karachi,2026-03-14 16:29:07.097653,92,31.409604516999252,50.844032781656836,56.75311833135366,47.00408862756335,1.9191658752655751,27.482669596914455,65.93231447108346,4.4328604073148,1014.6596561830703,16,5,3,1,138.0,108.0,109.0,96.0,112.0,105.33333333333333,-0.33333333333333337
Karachi,2026-03-14 17:29:07.097653,92,31.485986950805998,60.939579605598176,31.75046554538312,51.30814956411296,0.317258826729371,31.901612486438616,78.9547627906498,5.311465424241785,1015.8182927514331,17,5,3,1,92.0,106.0,107.0,102.0,107.33333333333333,102.83333333333333,0.0
Karachi,2026-03-14 18:29:07.097653,79,35.188595796551056,57.075132285712364,30.444059956355126,30.862918884284017,1.486307160140263,34.18099012971964,68.10390687828243,3.615799904994777,1009.8280003024563,18,5,3,1,92.0,138.0,81.0,69.0,87.66666666666667,102.5,-0.14130434782608692
Karachi,2026-03-14 19:29:07.097653,54,16.13813305725928,30.64279707868436,48.1789523859932,12.454546431310309,2.0462869754654585,32.53018981230319,89.67417608531247,2.697274192848515,1011.0481313461444,19,5,3,1,79.0,92.0,108.0,67.0,75.0,93.5,-0.31645569620253167
Karachi,2026-03-14 20:29:07.097653,82,36.188499391636185,46.560615675356296,50.186773046846085,12.607771642993727,0.8857022298984301,37.003844918496725,62.78566825784142,2.7515468552565503,1012.4833634145818,20,5,3,1,54.0,92.0,106.0,59.0,71.66666666666667,89.5,0.5185185185185186
Karachi,2026-03-14 21:29:07.097653,70,30.339273286151837,46.040619497734184,35.49690128766439,11.844313253574231,1.6272413233464382,32.81553588013843,75.69713556036888,2.763583108858108,1011.6484106123827,21,5,3,1,82.0,79.0,138.0,36.0,68.66666666666667,78.16666666666667,-0.14634146341463417
Karachi,2026-03-14 22:29:07.097653,65,17.724853192892038,28.675345697670927,14.888879742229147,61.738726699558235,1.7715802323609593,34.20977483118046,79.62955700982721,2.985657578037346,1017.8290523285968,22,5,3,1,70.0,54.0,92.0,58.0,72.33333333333333,73.66666666666667,-0.0714285714285714
Karachi,2026-03-14 23:29:07.097653,37,11.564742094084473,24.214072471625695,30.726702702666874,32.260679337000866,1.7410543320911982,31.24287186400969,64.70502078792197,1.965087971821677,1016.3494080321371,23,5,3,1,65.0,82.0,92.0,54.0,57.333333333333336,64.5,-0.4307692307692308
Karachi,2026-03-15 00:29:07.097653,71,34.38731288085346,47.04023657300212,58.24398766003231,65.74101301773645,1.2808691952371791,30.171043065713732,82.8491902855688,6.849676724159731,1012.7968675462049,0,6,3,1,37.0,70.0,79.0,50.0,57.666666666666664,63.166666666666664,0.9189189189189189
Karachi,2026-03-15 01:29:07.097653,29,7.091956052079087,23.438517229007275,46.41424061715518,40.22129766899944,1.0624715733267143,23.72788782555062,67.30772956035982,3.5720316152692497,1016.7926862608647,1,6,3,1,71.0,65.0,54.0,47.0,45.666666666666664,59.0,-0.5915492957746479
Karachi,2026-03-15 02:29:07.097653,62,22.806816405841424,22.19923495606282,49.61394321335227,41.70986705809747,2.1390329606611895,25.742107476430725,60.582539840081566,1.3019531358359293,1011.476529475833,2,6,3,1,29.0,37.0,82.0,32.0,54.0,55.666666666666664,1.1379310344827585
Karachi,2026-03-15 03:29:07.097653,91,38.96775684688078,48.89533641246042,6.805402435058207,45.901782175670164,1.9685811053997015,21.4594974366653,45.39118369259735,5.930758854997037,1015.8582832389027,3,6,3,1,62.0,71.0,70.0,52.0,60.666666666666664,59.166666666666664,0.467741935483871
Karachi,2026-03-15 04:29:07.097653,50,23.973734595628848,23.059067051236074,30.732270444878793,59.91220194625727,1.0067613815106076,19.307203388444623,59.67067881752121,0.5912264412846335,1010.2367559810646,4,6,3,1,91.0,29.0,65.0,59.0,67.66666666666667,56.666666666666664,-0.4505494505494505
Karachi,2026-03-15 05:29:07.097653,63,24.238690650930643,39.04367325700338,40.56416235116554,29.145200608079495,0.5266422277728534,22.83135211943958,76.69682273666422,0.5416579329633655,1015.7232204522636,5,6,3,1,50.0,62.0,37.0,60.0,68.0,61.0,0.26
Karachi,2026-03-15 06:29:07.097653,81,29.61035721706764,52.74281892393264,50.65179759954411,18.511114467346882,0.4579765999800322,17.64425627359979,86.06432058400537,1.5989110473397972,1012.5645340319572,6,6,3,1,63.0,91.0,71.0,77.0,64.66666666666667,62.666666666666664,0.2857142857142858
Karachi,2026-03-15 07:29:07.097653,80,39.19682392502559,60.10114518436743,7.710050947052431,48.924013463402304,0.5074071513776593,15.26598972773646,52.58397019301552,6.602090393078668,1009.0749932099225,7,6,3,1,81.0,50.0,29.0,93.0,74.66666666666667,71.16666666666667,-0.012345679012345734
Karachi,2026-03-15 08:29:07.097653,71,37.3905177325911,39.084305277460224,51.88413871030302,32.88843362699175,1.5823125946224943,16.28173674378225,57.76177586652513,3.664692742944007,1010.7326245455558,8,6,3,1,80.0,63.0,62.0,123.0,77.33333333333333,72.66666666666667,-0.11250000000000004
Karachi,2026-03-15 09:29:07.097653,102,45.79094947698371,57.36440884813838,35.16205152080514,40.97439195676262,0.4136567868237773,14.671692931843626,47.69804970522131,4.31880357969699,1012.0227462402356,9,6,3,1,71.0,81.0,91.0,103.0,84.33333333333333,74.5,0.43661971830985924
Karachi,2026-03-15 10:29:07.097653,90,36.445073275881754,63.22509999561493,15.852268381683295,55.28626958361138,1.0412391249208846,20.939565706117033,74.53614471144844,3.6020024678369515,1015.4929291166444,10,6,3,1,102.0,80.0,50.0,109.0,87.66666666666667,81.16666666666667,-0.11764705882352944
Karachi,2026-03-15 11:29:07.097653,116,42.391335891075286,72.02161225716232,22.4490369047335,44.58880187988894,1.9570393442113048,17.95178426217459,88.00942150049627,4.14753552228917,1008.7298271473095,11,6,3,1,90.0,71.0,63.0,107.0,102.66666666666667,90.0,0.288888888888889
Karachi,2026-03-15 12:29:07.097653,96,34.33123256181436,67.86639398139955,20.506125346335843,53.419517197059,0.9475659663338318,22.058599867887338,72.04761099240878,3.1561554277919788,1014.5954699509264,12,6,3,1,116.0,102.0,81.0,81.0,100.66666666666667,92.5,-0.1724137931034483
Karachi,2026-03-15 13:29:07.097653,132,55.50328687190285,81.64589854243978,34.197246885866164,48.09400014795395,1.9792777697962858,25.641661067600484,70.85382650031131,3.5418426854148826,1015.1601364093284,13,6,3,1,96.0,90.0,80.0,108.0,114.66666666666667,101.16666666666667,0.375
Karachi,2026-03-15 14:29:07.097653,94,39.78477619583926,47.282244687387596,7.84271239511225,61.78574603552694,1.9400274840555218,23.999694637570542,67.6744965250217,3.2152068724459015,1014.5392136992575,14,6,3,1,132.0,116.0,71.0,106.0,107.33333333333333,105.0,-0.28787878787878785
Karachi,2026-03-15 15:29:07.097653,96,45.56090524173666,47.16434157728432,13.719488717495794,59.415563239813395,0.8408196917930759,28.134597225365738,44.42278703427682,1.782816388861443,1015.6066963816755,15,6,3,1,94.0,96.0,102.0,138.0,107.33333333333333,104.0,0.02127659574468077
Karachi,2026-03-15 16:29:07.097653,107,46.13335376689871,51.90955696385559,49.698117385668034,47.393292426603345,1.9034087962040402,26.93982789019114,76.47519132146918,2.9067504695706616,1009.7816861602283,16,6,3,1,96.0,132.0,90.0,92.0,99.0,106.83333333333333,0.11458333333333326
Karachi,2026-03-15 17:29:07.097653,69,20.20524113382743,46.87737864200756,12.293219491074609,57.52321146017948,1.9451086041986219,35.54839338771975,70.10247717746753,3.547189146523355,1013.8710335506304,17,6,3,1,107.0,94.0,116.0,92.0,90.66666666666667,99.0,-0.3551401869158879
Karachi,2026-03-15 18:29:07.097653,83,38.62449769623937,59.55591399613322,17.836794820196985,71.1491721590829,1.1743986364674592,33.800963499508754,73.07383844281435,3.2210982391042617,1017.4114494720388,18,6,3,1,69.0,96.0,96.0,79.0,86.33333333333333,96.83333333333333,0.2028985507246377
Karachi,2026-03-15 19:29:07.097653,91,31.746724847892253,69.90043910778752,29.93538330822865,40.2589901451718,0.7629250642313401,32.34219373279094,84.94055465137109,0.04445578449336596,1014.1078426980454,19,6,3,1,83.0,107.0,132.0,54.0,81.0,90.0,0.09638554216867479
Karachi,2026-03-15 20:29:07.097653,40,14.435244232870884,31.27749354753488,33.44164884623318,38.89341509241555,1.446795775162112,31.454332538222072,79.19803935305089,0.31002666278318136,1014.1133634695295,20,6,3,1,91.0,69.0,94.0,82.0,71.33333333333333,81.0,-0.5604395604395604
Karachi,2026-03-15 21:29:07.097653,61,25.873522808213735,46.23649128571278,46.99857637877872,63.49719345966661,2.327074693600432,32.499413504633296,79.0457626077263,5.165682867832782,1015.3643964211327,21,6,3,1,40.0,83.0,96.0,70.0,64.0,75.16666666666667,0.5249999999999999
Karachi,2026-03-15 22:29:07.097653,57,33.1453293689971,30.110357218886442,29.603283466640328,50.778768592939585,1.7071568113505364,31.248235785572472,86.35918844396738,2.3860119082331965,1011.3320423212585,22,6,3,1,61.0,91.0,107.0,65.0,52.666666666666664,66.83333333333333,-0.06557377049180324
Karachi,2026-03-15 23:29:07.097653,62,40.64942009522185,28.398414438841712,48.442554156954635,14.9704746155812,0.6804294947799747,34.56274335749139,89.49674757314997,4.169450694071881,1015.0047590132154,23,6,3,1,57.0,40.0,69.0,37.0,60.0,65.66666666666667,0.08771929824561409
Karachi,2026-03-16 00:29:07.097653,31,15.611911030412424,25.668078261437692,39.00904688750016,72.44784109837569,1.802065234413744,26.54893055557019,69.06413659805298,0.8157601805552073,1017.1623383331322,0,0,3,0,62.0,61.0,83.0,71.0,50.0,57.0,-0.5
Karachi,2026-03-16 01:29:07.097653,31,11.570167312423584,22.070671626953487,11.220485668310236,12.15481715663481,1.2398466600200362,27.340155207400574,45.444080801558286,0.05370824670694008,1008.1089547302535,1,0,3,0,31.0,57.0,91.0,29.0,41.333333333333336,47.0,0.0
Karachi,2026-03-16 02:29:07.097653,61,27.411872790690875,37.96857181715932,13.598229111606122,62.38774493468202,1.6013633541818209,24.96332386673258,62.95649538877182,1.312806774936574,1016.7011304110887,2,0,3,0,31.0,62.0,40.0,62.0,41.0,50.5,0.967741935483871
Karachi,2026-03-16 03:29:07.097653,63,29.734903794529725,41.04391184280474,29.036854899737396,63.1155899893019,1.9149408770508376,22.69462703849009,79.38005732308221,2.5548698584571734,1010.1861833125886,3,0,3,0,61.0,31.0,61.0,91.0,51.666666666666664,50.833333333333336,0.032786885245901676
Karachi,2026-03-16 04:29:07.097653,68,25.899618974289304,43.839919512778536,26.82891661989718,76.71777596973513,1.4328841733317788,20.782766690123314,41.38626623809246,1.6697194014311754,1012.5592327370038,4,0,3,0,63.0,31.0,57.0,50.0,64.0,52.666666666666664,0.0793650793650793
Karachi,2026-03-16 05:29:07.097653,77,39.94891749531322,56.7298259524559,45.894934830051206,13.789408588162452,2.090764744061279,19.111004130266654,42.84437191780745,5.587867046211428,1016.5234780095263,5,0,3,0,68.0,61.0,62.0,63.0,69.33333333333333,55.166666666666664,0.13235294117647056
Karachi,2026-03-16 06:29:07.097653,69,29.070205466486065,52.239662184329234,36.94054268885435,51.77998025491437,1.8887422744965812,19.81792890238869,43.35788911914106,3.359046603074923,1016.2391212745663,6,0,3,0,77.0,63.0,31.0,81.0,71.33333333333333,61.5,-0.10389610389610393
Karachi,2026-03-16 07:29:07.097653,91,38.988066169653244,59.102788905017185,26.34731945512371,39.9488399438937,1.6531613480407237,18.490562282672325,76.55178791641555,6.697877237123717,1016.9192747812606,7,0,3,0,69.0,68.0,31.0,80.0,79.0,71.5,0.318840579710145
Karachi,2026-03-16 08:29:07.097653,99,43.08805610006439,66.40407524019155,14.391815589771209,33.14430684016794,0.6317441948311733,17.837823222745573,65.0583314281586,3.8088163081428346,1017.4041679263253,8,0,3,0,91.0,77.0,61.0,71.0,86.33333333333333,77.83333333333333,0.08791208791208782
Karachi,2026-03-16 09:29:07.097653,90,38.30710591915265,58.41125971851875,17.476040627902233,16.322299220935115,2.1390880440054505,11.204614665396917,58.44489717602968,1.825101635839622,1012.4715695677176,9,0,3,0,99.0,69.0,63.0,102.0,93.33333333333333,82.33333333333333,-0.09090909090909094
Karachi,2026-03-16 10:29:07.097653,133,57.78165441462987,76.69107001214574,36.65255601579824,49.38578837699164,2.3589922877035954,18.67138651805082,45.2808522630868,5.112083212917109,1014.5636381080101,10,0,3,0,90.0,91.0,68.0,90.0,107.33333333333333,93.16666666666667,0.47777777777777786
Karachi,2026-03-16 11:29:07.097653,116,43.34784150820494,75.70367856071444,28.289134269488585,43.532850797222956,0.6013232723804487,16.031867030167454,76.61201251029445,0.01910324493990956,1011.904784405261,11,0,3,0,133.0,99.0,77.0,116.0,113.0,99.66666666666667,-0.1278195488721805
Karachi,2026-03-16 12:29:07.097653,92,34.06067024705396,44.122307974302075,33.321012987336964,17.3188120705717,1.3741304847535474,22.292640326271652,56.05099052754498,3.4610673344226783,1011.5071671749216,12,0,3,0,116.0,90.0,69.0,96.0,113.66666666666667,103.5,-0.2068965517241379
Karachi,2026-03-16 13:29:07.097653,118,42.02966040241332,79.72677976927476,14.387258941622852,52.874265496795836,0.8695552323351099,25.878442374320862,53.266203503233356,1.4506318846723103,1012.3159541059767,13,0,3,0,92.0,133.0,91.0,132.0,108.66666666666667,108.0,0.28260869565217384
Karachi,2026-03-16 14:29:07.097653,91,38.741720977150464,45.26013871794572,41.45984387895112,61.65671841770569,1.9599512763362423,23.1475217748229,72.61596007767756,7.285422068928373,1015.4307613478268,14,0,3,0,118.0,116.0,99.0,94.0,100.33333333333333,106.66666666666667,-0.22881355932203384
Karachi,2026-03-16 15:29:07.097653,113,49.10247151425386,70.0981097893978,51.889630747078186,63.70948107375538,1.88758519921034,26.546990916134753,67.95054462984208,5.879195854860271,1013.0144074714156,15,0,3,0,91.0,92.0,90.0,96.0,107.33333333333333,110.5,0.2417582417582418
Karachi,2026-03-16 16:29:07.097653,112,47.24043780480386,60.66612854365737,19.186672873279534,73.37612317836991,0.6099472652548772,27.801288589894007,58.12053209066508,1.5163587165964836,1016.1405967444834,16,0,3,0,113.0,118.0,133.0,107.0,105.33333333333333,107.0,-0.008849557522123908
Karachi,2026-03-16 17:29:07.097653,75,38.55419679785767,49.69971381127539,32.03328242075046,38.662951932214405,2.229459996775602,33.12771780100598,72.0743735402794,2.7452846637577766,1015.4521847719616,17,0,3,0,112.0,91.0,116.0,69.0,100.0,100.16666666666667,-0.3303571428571429
Karachi,2026-03-16 18:29:07.097653,94,37.7522766813207,56.39898335577562,58.654003096149594,76.71509380354959,0.698140740751605,32.118259000819656,53.56107601920591,3.4891961392984348,1008.204784611244,18,0,3,0,75.0,113.0,92.0,83.0,93.66666666666667,100.5,0.2533333333333334
Karachi,2026-03-16 19:29:07.097653,78,34.7145652983513,34.29823786527645,23.32829573029002,70.58005835578803,2.0539698564258364,36.184065371445215,79.74151308021634,4.726828143123221,1014.3023815710616,19,0,3,0,94.0,112.0,118.0,91.0,82.33333333333333,93.83333333333333,-0.17021276595744683
Karachi,2026-03-16 20:29:07.097653,77,25.473856579270375,49.76413848809825,37.727548970806865,30.755109971675733,1.3053567911816109,33.827508405894775,51.465947515382695,3.058303824650025,1012.3657112330859,20,0,3,0,78.0,75.0,91.0,40.0,83.0,91.5,-0.012820512820512775
Karachi,2026-03-16 21:29:07.097653,87,32.95997800931311,47.71984856786599,9.96076351101344,21.149812614462093,1.0221990458279329,33.21230697158419,47.94188476910078,0.9502102012382663,1012.5662898915114,21,0,3,0,77.0,94.0,113.0,61.0,80.66666666666667,87.16666666666667,0.1298701298701299
Karachi,2026-03-16 22:29:07.097653,50,23.613055246398407,37.25222345436122,38.33082513636938,40.477257728960936,0.6481263778832698,32.064616795481186,79.12197047494374,1.5648827215998942,1016.1837305386989,22,0,3,0,87.0,78.0,112.0,57.0,71.33333333333333,76.83333333333333,-0.4252873563218391
Karachi,2026-03-16 23:29:07.097653,39,20.13198365210196,23.84031515745462,9.929747531753986,38.13290955691767,0.6687513635225847,32.29283844800705,75.39460153489665,2.9910364072464173,1013.4760798608468,23,0,3,0,50.0,77.0,75.0,62.0,58.666666666666664,70.83333333333333,-0.21999999999999997
Karachi,2026-03-17 00:29:07.097653,36,13.193078683925949,25.157738016474596,57.75794894281021,50.3003513731843,1.756159220341981,25.52462760350931,49.13194878508992,5.468913957529383,1016.8562182345895,0,1,3,0,39.0,87.0,94.0,31.0,41.666666666666664,61.166666666666664,-0.07692307692307687
Karachi,2026-03-17 01:29:07.097653,38,15.156032115448216,15.610490921986127,44.361445863977124,50.83703626294236,1.5109468534836652,27.241240271861187,45.8122876344969,3.855675721072088,1015.1280559239169,1,1,3,0,36.0,50.0,78.0,31.0,37.666666666666664,54.5,0.05555555555555558
Karachi,2026-03-17 02:29:07.097653,52,13.555716164698065,27.002969495734266,48.34878834746385,62.49908890659827,0.5685879276327119,24.85990711254407,81.9199544243346,1.4531701467699683,1013.5284000876405,2,1,3,0,38.0,39.0,77.0,61.0,42.0,50.333333333333336,0.368421052631579
Karachi,2026-03-17 03:29:07.097653,63,23.776484470628247,34.67333662318326,43.72573984244003,45.69229637439271,0.5479352929643154,24.380285293495362,78.8299241098344,4.29674555541958,1015.5453797615111,3,1,3,0,52.0,36.0,87.0,63.0,51.0,46.333333333333336,0.21153846153846145
Karachi,2026-03-17 04:29:07.097653,69,32.11206061357905,48.34383703591061,37.435096984205614,17.337584865853586,0.4590832645001412,20.624596788251925,56.36286868498321,2.2260303222436804,1008.3834905092541,4,1,3,0,63.0,38.0,50.0,68.0,61.333333333333336,49.5,0.09523809523809534
Karachi,2026-03-17 05:29:07.097653,84,36.73329603351873,64.20492313192275,29.745202959702794,70.08039348871742,1.9362881642217973,17.26567688218228,72.90987041066833,4.780816010373682,1008.2708365482821,5,1,3,0,69.0,52.0,39.0,77.0,72.0,57.0,0.21739130434782616
Karachi,2026-03-17 06:29:07.097653,80,34.58133995817349,41.67564301295815,52.21053588685843,31.683520822963096,1.8661405875044363,18.08649811956389,46.20800932739054,8.05402083665721,1008.8334932692085,6,1,3,0,84.0,63.0,36.0,69.0,77.66666666666667,64.33333333333333,-0.04761904761904767
Karachi,2026-03-17 07:29:07.097653,109,44.07590144007896,74.35533466352265,57.62596171486847,77.99082222146144,0.4285481798800653,15.106912331950767,65.3523829523839,2.282347258112901,1012.3756532514715,7,1,3,0,80.0,69.0,38.0,91.0,91.0,76.16666666666667,0.36250000000000004
Karachi,2026-03-17 08:29:07.097653,91,36.447374793713145,37.26066915905278,32.446989509724474,18.25020760758391,1.5325941663133407,13.14947557482503,40.936514603020996,4.603210319452742,1010.3545014562694,8,1,3,0,109.0,84.0,52.0,99.0,93.33333333333333,82.66666666666667,-0.1651376146788991
Karachi,2026-03-17 09:29:07.097653,142,53.504690676409055,75.6559293519261,56.23442770353941,77.07758205627522,0.4862875415339178,18.72683835265844,59.580094046077775,1.5092133359245405,1017.8426129441578,9,1,3,0,91.0,80.0,63.0,90.0,114.0,95.83333333333333,0.5604395604395604
Karachi,2026-03-17 10:29:07.097653,115,49.64045103301598,61.549235748510746,37.083310049368464,16.370826481776188,2.2882406953396717,19.229919915113832,43.74214107357025,2.775472465617405,1013.4229013901137,10,1,3,0,142.0,109.0,69.0,133.0,116.0,103.5,-0.1901408450704225
Karachi,2026-03-17 11:29:07.097653,96,40.55302929891807,46.852177349930905,34.61113027930382,26.172529656294163,2.2956583221962914,20.277327638494768,63.75735900784413,3.0591245737442025,1014.6241574608116,11,1,3,0,115.0,91.0,84.0,116.0,117.66666666666667,105.5,-0.16521739130434787
Karachi,2026-03-17 12:29:07.097653,93,40.03473925159732,43.69326039914935,29.996550312544617,13.260595946057911,1.8361125775888865,23.605856843891623,61.08408234264472,2.612632679911239,1010.788201362467,12,1,3,0,96.0,142.0,80.0,92.0,101.33333333333333,107.66666666666667,-0.03125
Karachi,2026-03-17 13:29:07.097653,116,43.85577019359003,73.03290790749428,16.510826884156593,59.35792026472964,2.33761562716679,21.599383858571983,62.2192513319028,7.926027377550048,1011.2179690858761,13,1,3,0,93.0,115.0,109.0,118.0,101.66666666666667,108.83333333333333,0.24731182795698925
Karachi,2026-03-17 14:29:07.097653,102,30.284813534101943,59.86475061836434,5.204581344993255,69.52091156002543,2.0851966669101194,22.13777171445749,42.2665651023997,2.386813850643235,1011.3546191414116,14,1,3,0,116.0,96.0,91.0,91.0,103.66666666666667,110.66666666666667,-0.12068965517241381
Karachi,2026-03-17 15:29:07.097653,111,50.2550478975596,70.18916968902757,18.28284247708337,40.38497572711863,2.122784867039509,26.930492807204075,58.08081706409162,4.173703077569736,1014.987357051503,15,1,3,0,102.0,93.0,142.0,113.0,109.66666666666667,105.5,0.08823529411764697
Karachi,2026-03-17 16:29:07.097653,102,38.44523846739926,66.782920110134,33.03477443819608,74.99654525297008,1.5533572712538533,28.30499940058818,77.82419245499582,0.8601737386468646,1012.737062076893,16,1,3,0,111.0,116.0,115.0,112.0,105.0,103.33333333333333,-0.08108108108108103
Karachi,2026-03-17 17:29:07.097653,86,30.354976245073413,54.12821854331378,25.89779737428639,51.32093502289197,0.9733302360755869,28.97226281595224,58.44571866768101,3.8639931267392207,1013.1768365253007,17,1,3,0,102.0,102.0,96.0,75.0,99.66666666666667,101.66666666666667,-0.1568627450980392
Karachi,2026-03-17 18:29:07.097653,67,30.38663225115954,45.64096194658734,29.66668754014486,54.10049948125663,0.7791580532561275,31.768504923299915,75.75859763047903,5.284109184704493,1013.9200298215934,18,1,3,0,86.0,111.0,93.0,94.0,85.0,97.33333333333333,-0.22093023255813948
Karachi,2026-03-17 19:29:07.097653,49,17.845024911058918,29.151373876043685,58.93565207602273,69.1793441190539,1.0198400484856442,31.50419631790338,58.47393618168666,1.9448053148418982,1015.6881165623822,19,1,3,0,67.0,102.0,116.0,78.0,67.33333333333333,86.16666666666667,-0.26865671641791045
Karachi,2026-03-17 20:29:07.097653,58,28.620592207830992,25.48541832495086,24.26498038681302,30.776014353628725,1.6826899461959366,29.327989433286337,61.16197207450932,2.0204442820808257,1008.9036974851248,20,1,3,0,49.0,86.0,102.0,77.0,58.0,78.83333333333333,0.18367346938775508
Karachi,2026-03-17 21:29:07.097653,71,31.73814113958576,51.44218053411977,29.870061664805934,34.7986004929338,0.6798443788312777,31.84505322872503,68.19460564146331,2.9226964623453497,1015.7687391221882,21,1,3,0,58.0,67.0,111.0,87.0,59.333333333333336,72.16666666666667,0.22413793103448265
Karachi,2026-03-17 22:29:07.097653,57,26.310104235370353,29.625489366802928,12.343355324405076,73.4166343436251,0.8690085206021076,29.655452896867796,87.53409684035412,3.0343677007710563,1013.6323506887518,22,1,3,0,71.0,49.0,102.0,50.0,62.0,64.66666666666667,-0.19718309859154926
Karachi,2026-03-17 23:29:07.097653,32,6.104678856256581,11.91691572828947,7.63767528403432,73.06744472271347,1.329733898150022,31.120150392714226,45.44302233233276,4.448150101488608,1014.6909544485526,23,1,3,0,57.0,58.0,86.0,39.0,53.333333333333336,55.666666666666664,-0.4385964912280702
Karachi,2026-03-18 00:29:07.097653,52,27.098805482039097,30.135285326225453,47.6475233025872,78.35379433406096,0.8127102167541542,27.687930483518688,41.64568843305869,7.021806070826868,1011.2755176484076,0,2,3,0,32.0,71.0,67.0,36.0,47.0,53.166666666666664,0.625
Karachi,2026-03-18 01:29:07.097653,56,24.027047019073482,26.778704189984197,36.38757462895882,73.12868215091697,1.5950160733753358,29.293815309102268,70.39785919050226,2.2398926987993866,1012.0938683681645,1,2,3,0,52.0,57.0,49.0,38.0,46.666666666666664,54.333333333333336,0.07692307692307687
Karachi,2026-03-18 02:29:07.097653,40,14.458164841148923,21.11738275015445,46.83876433241423,18.91604252233526,2.3309872626039256,28.207732134535732,87.45485444642131,1.2874237526794392,1010.3116581965392,2,2,3,0,56.0,32.0,58.0,52.0,49.333333333333336,51.333333333333336,-0.2857142857142857
Karachi,2026-03-18 03:29:07.097653,61,25.154011598145853,39.408035264659624,13.24245393876034,67.66070002958912,1.9457966045468784,24.288210385203644,89.48615662773574,0.6661643972571136,1017.7929999741741,3,2,3,0,40.0,52.0,71.0,63.0,52.333333333333336,49.666666666666664,0.5249999999999999
Karachi,2026-03-18 04:29:07.097653,65,17.468076146184405,42.31061237998302,36.450582415048004,38.688693467671584,1.7661385511276089,17.89794763603336,64.20821236960009,3.3961572340631987,1012.9700297251031,4,2,3,0,61.0,56.0,57.0,69.0,55.333333333333336,51.0,0.06557377049180335
Karachi,2026-03-18 05:29:07.097653,55,24.07961372918937,25.871883976273985,18.950336088775657,79.35609491621565,1.5819872471643135,22.3535377482657,63.40408105425492,3.958708517637004,1017.960769157966,5,2,3,0,65.0,40.0,32.0,84.0,60.333333333333336,54.833333333333336,-0.15384615384615385
Karachi,2026-03-18 06:29:07.097653,85,28.99986662117934,47.31844325954459,17.543399929501096,43.05966750301607,1.3734854003655428,21.22323767047202,72.24818853725981,1.908689211274831,1012.8978597806126,6,2,3,0,55.0,61.0,52.0,80.0,68.33333333333333,60.333333333333336,0.5454545454545454
Karachi,2026-03-18 07:29:07.097653,96,31.707184270221987,66.30046758732142,5.633930772914189,48.76852577515544,0.7104404911962514,17.310174412303336,67.78173786024848,4.557365491451579,1010.1975126438407,7,2,3,0,85.0,65.0,56.0,109.0,78.66666666666667,67.0,0.12941176470588234
Karachi,2026-03-18 08:29:07.097653,111,36.886511527962206,70.71866213044902,12.168739796298954,47.084244067975895,2.2683630019391043,19.645852320671064,71.70440288070591,3.9307681536383514,1013.0745239673686,8,2,3,0,96.0,55.0,40.0,91.0,97.33333333333333,78.83333333333333,0.15625
Karachi,2026-03-18 09:29:07.097653,117,52.371535561397614,86.81266084446031,22.009746132483244,32.521592090079444,0.8467792044282398,16.1692431135941,83.69997127689471,3.0864633792897807,1008.3959557179908,9,2,3,0,111.0,85.0,61.0,142.0,108.0,88.16666666666667,0.054054054054053946
Karachi,2026-03-18 10:29:07.097653,85,30.979971669206776,60.630458346438296,11.428331832501648,15.251546222504272,0.5008795306719537,14.339304900025315,77.31530847438046,1.1951705585117491,1017.0476980142195,10,2,3,0,117.0,96.0,65.0,115.0,104.33333333333333,91.5,-0.27350427350427353
Karachi,2026-03-18 11:29:07.097653,94,45.632798225560585,66.10058406244663,59.222214222601565,72.6955861281343,1.9500333943031296,17.82257687326443,64.84386958433979,2.036271369030554,1016.1855025119444,11,2,3,0,85.0,111.0,55.0,96.0,98.66666666666667,98.0,0.10588235294117654
Karachi,2026-03-18 12:29:07.097653,117,44.41120428799047,59.53236900123152,21.974795668817286,66.18730687684007,0.686354175528566,24.458601732089512,63.09322295000848,1.85951059536509,1015.2582052069429,12,2,3,0,94.0,117.0,85.0,93.0,98.66666666666667,103.33333333333333,0.24468085106382986
Karachi,2026-03-18 13:29:07.097653,116,38.13703583297734,76.12162124448048,12.16781706862805,19.766874639176848,1.1181711989905874,19.94728779195689,71.9800874256558,3.4715741283960675,1014.0982671544245,13,2,3,0,117.0,85.0,96.0,116.0,109.0,106.66666666666667,-0.008547008547008517
Karachi,2026-03-18 14:29:07.097653,113,39.89996876350625,67.79903203129903,15.949527205537676,64.3737789945051,0.3622268422401554,24.99904256386299,62.78531422101487,3.0526825774948705,1013.7983423367036,14,2,3,0,116.0,94.0,111.0,102.0,115.33333333333333,107.0,-0.025862068965517238
Karachi,2026-03-18 15:29:07.097653,159,69.78072841820159,90.99465104894435,37.323677558781206,53.8092666235427,0.6015494735889857,27.13884014750059,62.888967563281994,3.376957982178973,1017.9672821407946,15,2,3,0,113.0,117.0,117.0,111.0,129.33333333333334,114.0,0.4070796460176991
Karachi,2026-03-18 16:29:07.097653,103,40.645852174475664,63.48213732049873,8.522393812563369,38.64006515423356,0.6810479876718065,27.974051512064378,40.81529508932524,4.00863803112912,1010.7799743401994,16,2,3,0,159.0,116.0,85.0,102.0,125.0,117.0,-0.35220125786163525
Karachi,2026-03-18 17:29:07.097653,104,39.177785899860844,70.44052585036263,52.43387715776363,27.781480436689392,0.4197022810503915,29.76981104981815,48.70320687036542,3.771642972864446,1015.7968436536557,17,2,3,0,103.0,113.0,94.0,86.0,122.0,118.66666666666667,0.009708737864077666
Karachi,2026-03-18 18:29:07.097653,94,38.52410171022316,60.59266859947251,57.8824823580431,70.18101484515627,1.7446453045702595,32.07270149874791,64.42568199978766,2.7792336387079293,1013.8140477021366,18,2,3,0,104.0,159.0,117.0,67.0,100.33333333333333,114.83333333333333,-0.09615384615384615
Karachi,2026-03-18 19:29:07.097653,82,35.31143264744226,42.17598803917033,18.57110813670595,59.01317815058371,2.141417150766858,31.603081926443096,81.13267295251845,3.097336086325505,1017.7588054375889,19,2,3,0,94.0,103.0,116.0,49.0,93.33333333333333,109.16666666666667,-0.12765957446808507
Karachi,2026-03-18 20:29:07.097653,60,29.69537861167024,42.10224810697786,29.755239772497266,48.34179366283958,1.12129389400507,30.155883005664137,53.936350336356206,0.19136716660766107,1016.2780318329825,20,2,3,0,82.0,104.0,113.0,58.0,78.66666666666667,100.33333333333333,-0.2682926829268293
Karachi,2026-03-18 21:29:07.097653,70,35.31103009818567,37.00210058647385,6.217394806622339,52.66979737289249,2.224068248780042,33.15747049619946,66.13217165655745,1.8325587086211483,1017.9852511298959,21,2,3,0,60.0,94.0,159.0,71.0,70.66666666666667,85.5,0.16666666666666674
Karachi,2026-03-18 22:29:07.097653,42,15.171900638415877,27.18958075275625,40.239062359997185,16.37463274575267,0.7693624640322784,34.07493639516545,57.24810423796161,3.1009421073669228,1013.8832499446245,22,2,3,0,70.0,82.0,103.0,57.0,57.333333333333336,75.33333333333333,-0.4
Karachi,2026-03-18 23:29:07.097653,47,12.357740013680935,26.055167126319617,27.765933192892387,43.17438326378343,1.0158589318347269,32.395999286799224,45.24019947697945,1.5282928481752789,1010.0454395754493,23,2,3,0,42.0,60.0,104.0,32.0,53.0,65.83333333333333,0.11904761904761907
Karachi,2026-03-19 00:29:07.097653,42,15.020492907409,23.88079805565306,19.853215635585563,23.55902049499914,0.6316213846685705,27.380529065220372,87.91492415356504,4.720301591745093,1013.0368703569474,0,3,3,0,47.0,70.0,94.0,52.0,43.666666666666664,57.166666666666664,-0.1063829787234043
Karachi,2026-03-19 01:29:07.097653,52,22.201537453763546,37.480146181597746,16.376041083913467,24.586857530617777,1.6652302299217971,24.568096530064814,82.73369351251509,1.682735838089939,1015.1111113405058,1,3,3,0,42.0,42.0,82.0,56.0,47.0,52.166666666666664,0.23809523809523814
Karachi,2026-03-19 02:29:07.097653,88,30.676851923574734,44.92192007341449,40.971269271231826,56.29127736008067,1.223713099914675,24.431624235690443,43.92462122334532,3.4326108224966325,1015.7436038618159,2,3,3,0,52.0,47.0,60.0,40.0,60.666666666666664,56.833333333333336,0.6923076923076923
Karachi,2026-03-19 03:29:07.097653,30,7.525372895735726,34.02825179953187,27.891936706777294,73.78793062840018,1.6492233630521773,26.065030658771157,75.98936312341422,3.233131313630672,1008.0050998901594,3,3,3,0,88.0,42.0,70.0,61.0,56.666666666666664,50.166666666666664,-0.6590909090909092
Karachi,2026-03-19 04:29:07.097653,75,31.83650054999651,30.607653159014646,14.881260896645161,38.26296273348426,1.975684791867204,22.291196157919092,57.37899521787501,4.49255518722082,1013.050270885023,4,3,3,0,30.0,52.0,42.0,65.0,64.33333333333333,55.666666666666664,1.5
Karachi,2026-03-19 05:29:07.097653,48,18.974614473779585,24.0454728814089,42.90099948177532,24.542449110853326,1.5005466352724868,20.75107510409609,89.74249035308964,4.801582348056604,1010.3523457997064,5,3,3,0,75.0,88.0,47.0,55.0,51.0,55.833333333333336,-0.36
Karachi,2026-03-19 06:29:07.097653,72,29.33239378232133,46.71430832742902,36.07897556701815,55.412285606565796,1.6807867807839334,19.85151067329548,55.11992599144888,4.388065221935879,1016.7491183325479,6,3,3,0,48.0,30.0,42.0,85.0,65.0,60.833333333333336,0.5
Karachi,2026-03-19 07:29:07.097653,104,37.8470554495341,67.13381151603414,52.22696302112229,70.98309324452225,2.3575506916675324,18.114126514724628,51.93692226813,1.212012402766267,1009.5290544405023,7,3,3,0,72.0,75.0,52.0,96.0,74.66666666666667,69.5,0.4444444444444444
Karachi,2026-03-19 08:29:07.097653,95,37.23367654354394,56.77471440728553,11.46117443820711,62.382316078574355,0.9579414811394549,17.241217095227157,68.39452741527026,5.388296296026253,1014.6645624957483,8,3,3,0,104.0,48.0,88.0,111.0,90.33333333333333,70.66666666666667,-0.08653846153846156
Karachi,2026-03-19 09:29:07.097653,85,29.397646985321213,50.569093435981756,48.21166310694509,70.8130061375611,1.0901606649946969,18.59720718298339,81.7563081671602,6.054616448389195,1010.6606219032492,9,3,3,0,95.0,72.0,30.0,117.0,94.66666666666667,79.83333333333333,-0.10526315789473684
Karachi,2026-03-19 10:29:07.097653,95,42.55147464547739,60.43512456740111,42.04342327494925,47.55882697075595,1.8789473957605414,16.979464561288452,49.6259435909899,2.035751431357061,1011.5654214321427,10,3,3,0,85.0,104.0,75.0,85.0,91.66666666666667,83.16666666666667,0.11764705882352944
Karachi,2026-03-19 11:29:07.097653,119,52.84494308269564,69.65448879395387,11.32560152554538,62.63133710584336,1.644872137521851,16.51421972777498,75.47013848596657,3.4732938253456997,1017.4055926075685,11,3,3,0,95.0,95.0,48.0,94.0,99.66666666666667,95.0,0.2526315789473683
Karachi,2026-03-19 12:29:07.097653,99,30.38686089850671,70.57215037802501,43.21514014294464,19.804519155125554,0.6927723899873726,22.445993869248646,43.070329157056086,1.218336639738436,1010.4044812540808,12,3,3,0,119.0,85.0,72.0,117.0,104.33333333333333,99.5,-0.16806722689075626
Karachi,2026-03-19 13:29:07.097653,112,40.242307151998624,74.04958509329381,29.285100888390673,34.379223075423404,1.1275240820230785,25.404923850678284,85.94673715552486,0.8967570134643026,1008.9500276182293,13,3,3,0,99.0,95.0,104.0,116.0,110.0,100.83333333333333,0.13131313131313127
Karachi,2026-03-19 14:29:07.097653,106,35.18308960938576,70.9811986352993,56.97416320557137,37.26844151370657,1.329243628874373,22.763536121287938,44.05374580736494,1.5225694689152274,1008.6928490144422,14,3,3,0,112.0,119.0,95.0,113.0,105.66666666666667,102.66666666666667,-0.0535714285714286
Karachi,2026-03-19 15:29:07.097653,91,33.32555961656918,47.134265145942166,12.788624283984461,45.79070223722242,1.2226576435304566,28.714395325651967,85.71156881720813,1.9197219210727794,1013.0461511009946,15,3,3,0,106.0,99.0,85.0,159.0,103.0,103.66666666666667,-0.14150943396226412
Karachi,2026-03-19 16:29:07.097653,127,50.44647468700015,75.6603894086823,40.35583649486559,75.03534521797766,0.6922045783084898,32.36153142677638,64.54036247263514,2.290298537296369,1014.4171148228429,16,3,3,0,91.0,112.0,95.0,103.0,108.0,109.0,0.39560439560439553
Karachi,2026-03-19 17:29:07.097653,97,31.661116576645668,55.96028642294184,26.00890250046203,71.2007592155522,2.333746201925377,30.652361845978138,62.40455563979599,1.0821718199880241,1011.2729364357089,17,3,3,0,127.0,106.0,119.0,104.0,105.0,105.33333333333333,-0.2362204724409449
Karachi,2026-03-19 18:29:07.097653,49,15.239845414427794,21.72890571456581,57.62480688249828,19.416784460242916,1.977101275726747,30.292198860792013,88.66535397501883,1.5331496663655222,1014.9025974179308,18,3,3,0,97.0,91.0,99.0,94.0,91.0,97.0,-0.4948453608247423
Karachi,2026-03-19 19:29:07.097653,75,24.99311048697882,47.90065949264561,23.148619240965207,22.095275631772424,1.358982830637275,32.97344395736606,89.51920888491095,2.9779873567431845,1008.6103371857324,19,3,3,0,49.0,127.0,112.0,82.0,73.66666666666667,90.83333333333333,0.5306122448979591
Karachi,2026-03-19 20:29:07.097653,55,23.0656178583844,28.742755754845984,57.92022502204901,35.03483847122379,1.7961342622750407,31.898932063598597,72.50890629805059,1.459546033779716,1016.5733464492288,20,3,3,0,75.0,97.0,106.0,60.0,59.666666666666664,82.33333333333333,-0.2666666666666667
Karachi,2026-03-19 21:29:07.097653,71,28.976040319720028,48.18720859061006,54.5817218105412,30.352070612347173,2.2740218786981483,31.493946390399746,46.35596459285242,4.087048665100056,1016.1656720973924,21,3,3,0,55.0,49.0,91.0,70.0,67.0,79.0,0.290909090909091
Karachi,2026-03-19 22:29:07.097653,42,13.243882957304269,16.71732358283115,19.871077942086096,53.03396672093836,0.5995831131954568,32.794571364818594,65.30850428276013,4.363321302794879,1017.8549627139208,22,3,3,0,71.0,75.0,127.0,42.0,56.0,64.83333333333333,-0.4084507042253521
Karachi,2026-03-19 23:29:07.097653,49,20.60457579642678,43.333032056329245,49.194797725453526,73.19432334351814,0.850820711555351,27.449395299432588,66.45815504778312,7.760775492328979,1017.3650498090185,23,3,3,0,42.0,55.0,97.0,47.0,54.0,56.833333333333336,0.16666666666666674
Karachi,2026-03-20 00:29:07.097653,57,20.296523250946418,27.37422424208762,59.75823109919283,77.36040791708108,1.4939427439646191,26.11214215501554,65.72232140676549,5.251359864246924,1011.5619716391893,0,4,3,0,49.0,71.0,49.0,42.0,49.333333333333336,58.166666666666664,0.16326530612244894
Karachi,2026-03-20 01:29:07.097653,64,24.245145697921647,40.159550571931355,18.89646511942053,55.75220667746586,2.057822816975189,27.10913412156805,68.47459192600049,3.486206116656829,1011.9927538401557,1,4,3,0,57.0,42.0,75.0,52.0,56.666666666666664,56.333333333333336,0.12280701754385959
Karachi,2026-03-20 02:29:07.097653,36,22.773177163744762,27.94374955148266,29.02274431278258,68.67114409807607,0.3797607699713602,24.955382922175136,40.93623568971953,1.7594714066646426,1015.4596484747826,2,4,3,0,64.0,49.0,55.0,88.0,52.333333333333336,53.166666666666664,-0.4375
Karachi,2026-03-20 03:29:07.097653,53,28.21001646966748,27.696443374472707,33.609940511171786,46.7641540161558,2.4648399304319932,23.6165567932597,75.56136407352511,3.5874947033479976,1009.3408277195498,3,4,3,0,36.0,57.0,71.0,30.0,51.0,50.166666666666664,0.4722222222222223
Karachi,2026-03-20 04:29:07.097653,57,16.652421948396277,41.545241347015,21.22121246921254,24.58288628020278,1.300794526341274,24.750450776966776,75.6197150976494,3.6531919198327123,1011.1401471024484,4,4,3,0,53.0,64.0,42.0,75.0,48.666666666666664,52.666666666666664,0.07547169811320753
Karachi,2026-03-20 05:29:07.097653,62,29.122858152723357,27.627825312587888,5.839566180531637,46.72818884654342,1.0903085093677907,19.552173822659263,45.773488758894395,1.9733738219886783,1009.1854093697565,5,4,3,0,57.0,36.0,49.0,48.0,57.333333333333336,54.833333333333336,0.08771929824561409
Karachi,2026-03-20 06:29:07.097653,106,46.64970821414454,75.50602975599035,17.107108430863967,48.85578210063558,0.9439937632474982,19.26814107039408,68.51197212229003,4.567462793505755,1012.5488644907283,6,4,3,0,62.0,53.0,57.0,72.0,75.0,63.0,0.7096774193548387
Karachi,2026-03-20 07:29:07.097653,93,31.79440236323289,56.41677233022004,20.506528638796716,61.97202949494896,0.6835847568319176,15.32152751845819,68.41805912178873,0.20380397063624933,1013.5200427988532,7,4,3,0,106.0,57.0,64.0,104.0,87.0,67.83333333333333,-0.12264150943396224
Karachi,2026-03-20 08:29:07.097653,76,34.52858449276404,40.880753147233555,29.397983572500294,25.391809279514437,2.0414625996460614,18.535875327033075,74.12252100952,2.511200328924979,1010.1116046996275,8,4,3,0,93.0,62.0,36.0,95.0,91.66666666666667,74.5,-0.18279569892473113
Karachi,2026-03-20 09:29:07.097653,114,53.682112648629996,66.59522540543136,14.410636312737102,35.78172674607122,2.4019111624414125,16.2198116594661,44.269884606754054,4.111716918634814,1008.2663168691411,9,4,3,0,76.0,106.0,53.0,85.0,94.33333333333333,84.66666666666667,0.5
Karachi,2026-03-20 10:29:07.097653,137,49.51251799626699,89.15921719637534,53.028989618042,35.48192284501964,1.210018460659876,18.21463843488668,71.32516536330482,2.424831704815806,1015.1935583175052,10,4,3,0,114.0,93.0,57.0,95.0,109.0,98.0,0.20175438596491224
Karachi,2026-03-20 11:29:07.097653,124,45.198387373704385,70.00320988336006,43.77011230022349,77.16077170188154,2.3953255284576036,19.1254485003693,54.037597537317055,2.5864911931414576,1008.2000516442616,11,4,3,0,137.0,76.0,62.0,119.0,125.0,108.33333333333333,-0.0948905109489051
Karachi,2026-03-20 12:29:07.097653,87,39.97208753849343,46.330808791031664,9.68602626578141,41.076147222870325,2.1123547539570753,23.06594846982806,65.3501495248086,2.724428277615439,1017.7340260892836,12,4,3,0,124.0,114.0,106.0,99.0,116.0,105.16666666666667,-0.2983870967741935
Karachi,2026-03-20 13:29:07.097653,101,42.04318203239956,59.25626543673706,40.755084812696225,62.856577710870255,1.3583124804479003,20.309494530429834,78.66617763520384,1.328797518624509,1010.2160725674239,13,4,3,0,87.0,137.0,93.0,112.0,104.0,106.5,0.16091954022988508
Karachi,2026-03-20 14:29:07.097653,124,52.75115311673061,65.57496070863974,40.95110620230912,62.55679669621073,1.7828575940774922,20.433522730769923,75.28229681815066,5.347801863148416,1014.639000921163,14,4,3,0,101.0,124.0,76.0,106.0,104.0,114.5,0.2277227722772277
Karachi,2026-03-20 15:29:07.097653,90,37.94221066252837,68.92324813432334,57.592164550399524,28.588092936226897,1.2569651941750186,26.643686966644317,45.94515088389967,0.96392465615437,1012.3475172624,15,4,3,0,124.0,87.0,114.0,91.0,105.0,110.5,-0.27419354838709675
Karachi,2026-03-20 16:29:07.097653,101,42.61639617351809,56.46321812359827,5.166147924588868,50.030878256021246,1.5291914980676153,29.937062513810247,69.55923935580367,3.63631865481977,1008.596738603371,16,4,3,0,90.0,101.0,137.0,127.0,105.0,104.5,0.12222222222222223
Karachi,2026-03-20 17:29:07.097653,99,33.12127222025086,66.28338358215264,18.636284739319397,72.60120253230536,0.4277019414407084,30.96139300110738,88.45582654703693,3.827295796564747,1012.7218360663446,17,4,3,0,101.0,124.0,124.0,97.0,96.66666666666667,100.33333333333333,-0.01980198019801982
Karachi,2026-03-20 18:29:07.097653,66,31.675005703638742,41.33338642497943,56.02853136564235,43.26384036198646,1.831779645661173,34.39261170510333,47.83847186675011,1.1027561975820663,1013.167606342968,18,4,3,0,99.0,90.0,87.0,49.0,88.66666666666667,96.83333333333333,-0.33333333333333337
Karachi,2026-03-20 19:29:07.097653,71,34.38496928453782,34.92925657974268,56.26736534690557,76.15822551397822,0.41621421786510077,33.60215195867188,82.64535438627075,3.146208508761487,1016.5468320809287,19,4,3,0,66.0,101.0,101.0,75.0,78.66666666666667,91.83333333333333,0.07575757575757569
Karachi,2026-03-20 20:29:07.097653,20,6.8530462796598615,11.952362326298164,44.63225306538506,25.012076052691313,2.097586883223229,31.87230333628028,75.12740402768884,1.1807356545105956,1015.323490696479,20,4,3,0,71.0,99.0,124.0,55.0,52.333333333333336,74.5,-0.7183098591549295
Karachi,2026-03-20 21:29:07.097653,43,17.151008028686388,32.324611401119526,47.1169826576147,15.19113740418215,2.1148832448132264,28.07656630203319,78.70016564548798,5.782084950111891,1008.7930247475339,21,4,3,0,20.0,66.0,90.0,71.0,44.666666666666664,66.66666666666667,1.15
Karachi,2026-03-20 22:29:07.097653,50,12.436748733449168,28.632338688651213,10.031562686130592,72.40177112013245,0.8215700326236721,31.453578761885073,54.09791635713228,0.722434126047574,1010.0916268343226,22,4,3,0,43.0,71.0,101.0,42.0,37.666666666666664,58.166666666666664,0.16279069767441867
Karachi,2026-03-20 23:29:07.097653,32,15.493464772831256,28.928190055921345,33.26317091280285,69.33768385735516,1.0120581182787607,32.71277225400797,54.39444646899212,1.6922058115360712,1011.1188768421495,23,4,3,0,50.0,20.0,99.0,49.0,41.666666666666664,47.0,-0.36
Karachi,2026-03-21 00:29:07.097653,74,32.65475503216053,52.86382487763962,17.737064520894968,79.48129131536913,1.3588828328282454,28.215904434665767,85.3009727888244,0.5515499832888389,1009.1640768646482,0,5,3,1,32.0,43.0,66.0,57.0,52.0,48.333333333333336,1.3125
Karachi,2026-03-21 01:29:07.097653,29,11.51708673177083,25.09338156241771,14.96699239874895,57.55754416786982,1.6126583952514595,27.127192888175696,57.99160160462793,0.284602546264896,1012.5689907091449,1,5,3,1,74.0,50.0,71.0,64.0,45.0,41.333333333333336,-0.6081081081081081
Karachi,2026-03-21 02:29:07.097653,47,24.589195033757345,24.773888173423273,49.56668145178329,75.56815486670047,0.9321780558323929,25.842720508613418,43.150769534640524,6.182430581764587,1017.8430919086254,2,5,3,1,29.0,32.0,20.0,36.0,50.0,45.833333333333336,0.6206896551724137
Karachi,2026-03-21 03:29:07.097653,60,22.628775934578275,27.810003551965067,12.42709751743011,67.88643175588776,1.6034700901902352,20.8988628906802,70.0298351789725,4.085549347825124,1013.1461279123777,3,5,3,1,47.0,74.0,43.0,53.0,45.333333333333336,48.666666666666664,0.27659574468085113
Karachi,2026-03-21 04:29:07.097653,86,37.4706693638647,47.06275875869268,30.77584003480119,69.10984331840608,0.9551315611044575,22.246471793277635,46.240883452092135,3.280586851401088,1015.4188216832317,4,5,3,1,60.0,29.0,50.0,57.0,64.33333333333333,54.666666666666664,0.43333333333333335
Karachi,2026-03-21 05:29:07.097653,50,15.18067685823254,31.988425352873435,56.62180317723182,49.83990993179878,0.42207958635633347,22.61738933051103,79.8298120703954,1.6868460733061568,1014.8293779769934,5,5,3,1,86.0,47.0,32.0,62.0,65.33333333333333,57.666666666666664,-0.41860465116279066
Karachi,2026-03-21 06:29:07.097653,97,38.86122175855857,62.83476747765348,15.22076305609384,36.76552185416976,0.30556060963019965,17.726170065937676,72.08732212505288,4.815223622093537,1016.4991143509213,6,5,3,1,50.0,60.0,74.0,106.0,77.66666666666667,61.5,0.94
Karachi,2026-03-21 07:29:07.097653,87,34.295455617833596,35.37826912293807,58.78963830560291,75.41906507802973,0.5225323274205429,15.01446454602285,83.73632526106041,1.351555121265094,1010.1572349046561,7,5,3,1,97.0,86.0,29.0,93.0,78.0,71.16666666666667,-0.1030927835051546
Karachi,2026-03-21 08:29:07.097653,80,33.237487703917004,48.10151652767444,59.68583921685825,40.24820229311261,2.04295154036084,16.86679794595605,79.24186248913176,4.587278588660206,1015.5382626169303,8,5,3,1,87.0,50.0,47.0,76.0,88.0,76.66666666666667,-0.08045977011494254
Karachi,2026-03-21 09:29:07.097653,108,41.4102675756514,66.15156713231276,35.55894350753216,47.717355707476834,2.4151488872433418,12.823825172469718,45.60568241690981,1.2549774467887276,1016.8135524030575,9,5,3,1,80.0,97.0,60.0,114.0,91.66666666666667,84.66666666666667,0.3500000000000001
Karachi,2026-03-21 10:29:07.097653,108,42.929300040495754,63.15964047775672,14.357850709743685,41.22800149876314,1.2393256384186824,18.745603297677725,59.05353382172112,1.7109845962486563,1009.7150982298024,10,5,3,1,108.0,87.0,86.0,137.0,98.66666666666667,88.33333333333333,0.0
Karachi,2026-03-21 11:29:07.097653,99,44.120044509723584,70.3149036909011,22.38576883674926,49.537281977213794,1.4279046975898742,20.247694505804777,78.72801249572936,4.516564772235842,1011.46802219788,11,5,3,1,108.0,80.0,50.0,124.0,105.0,96.5,-0.08333333333333337
Karachi,2026-03-21 12:29:07.097653,111,42.23499132374903,70.00245935891714,28.347105797209434,42.9353555294629,0.6230659719615375,24.351272587691124,60.86707366331629,4.727654688311534,1017.7010176433156,12,5,3,1,99.0,108.0,97.0,87.0,106.0,98.83333333333333,0.1212121212121211
Karachi,2026-03-21 13:29:07.097653,103,33.246342830604874,72.40037776609456,22.01283233970226,13.357729100563311,1.5122689758963457,22.541458054046583,88.61827423899891,4.194945867793522,1015.807878459798,13,5,3,1,111.0,108.0,87.0,101.0,104.33333333333333,101.5,-0.07207207207207211
Karachi,2026-03-21 14:29:07.097653,107,51.821328437947855,62.882429212579275,20.434956893208366,71.74337302053891,0.618240784415349,25.81697067629294,76.78702249467247,0.9006517684864104,1010.8259083253753,14,5,3,1,103.0,99.0,80.0,124.0,107.0,106.0,0.03883495145631066
Karachi,2026-03-21 15:29:07.097653,111,51.36533581481729,74.18691807210269,58.47263400689967,41.10756732410388,1.6446715286374263,25.347976156048365,40.77499583451605,2.1065462685543426,1013.6394176964449,15,5,3,1,107.0,111.0,108.0,90.0,107.0,106.5,0.03738317757009346
Karachi,2026-03-21 16:29:07.097653,118,41.054787421344024,84.35468250152833,13.43506550786601,51.22605539551441,2.3531690686778783,28.287145758949844,83.99928457804182,3.313797482397027,1012.0432612284948,16,5,3,1,111.0,103.0,108.0,101.0,112.0,108.16666666666667,0.06306306306306309
Karachi,2026-03-21 17:29:07.097653,69,31.12747457449513,52.01195091658502,45.333034979427424,19.74314619305909,0.7305367864666872,27.606483376167983,45.04023924342788,1.3014380761798168,1012.8996517632713,17,5,3,1,118.0,107.0,99.0,99.0,99.33333333333333,103.16666666666667,-0.4152542372881356
Karachi,2026-03-21 18:29:07.097653,111,42.283326395180886,58.460167624476526,5.0225659191546175,10.23714935878474,1.9820401797256246,31.538623987709038,47.026186209004294,5.741925520258587,1011.5516619139071,18,5,3,1,69.0,111.0,111.0,66.0,99.33333333333333,103.16666666666667,0.6086956521739131
Karachi,2026-03-21 19:29:07.097653,42,18.499080738290036,23.743058372113058,37.79004681713073,27.170306555055006,0.3517053302003129,32.11678830327542,76.72462003055254,1.8038938879010917,1010.7933101853034,19,5,3,1,111.0,118.0,103.0,71.0,74.0,93.0,-0.6216216216216216
Karachi,2026-03-21 20:29:07.097653,62,26.560410074853976,34.87261650108138,55.37686521747288,59.32102224933452,1.1260939309075662,33.598399532177794,83.24842797152401,1.4425209692616943,1014.7476304139142,20,5,3,1,42.0,69.0,107.0,20.0,71.66666666666667,85.5,0.4761904761904763
Karachi,2026-03-21 21:29:07.097653,67,25.872582863087285,44.48096907761396,20.836375175127046,16.943617107901503,0.5436467172271199,31.48021284964727,66.8174813949778,1.9808669942603365,1015.7854181508611,21,5,3,1,62.0,111.0,111.0,43.0,57.0,78.16666666666667,0.08064516129032251
Karachi,2026-03-21 22:29:07.097653,58,19.37481803306495,40.431297981611664,15.203928639174556,73.62212082705275,1.075445971510539,32.094893932225695,54.45248664728896,2.6878873295435355,1016.7395712274734,22,5,3,1,67.0,42.0,118.0,50.0,62.333333333333336,68.16666666666667,-0.13432835820895528
Karachi,2026-03-21 23:29:07.097653,41,13.219987704026323,18.297898056205533,40.84238871831349,25.05157985493292,0.6817812232055438,29.990094138277048,57.56577726265878,0.20754173952761823,1009.5532996731819,23,5,3,1,58.0,62.0,69.0,32.0,55.333333333333336,63.5,-0.2931034482758621
Karachi,2026-03-22 00:29:07.097653,46,14.170306920450138,28.669607858120024,44.19307740141162,24.321553000424306,1.1212709782703525,28.337001223400968,57.1444664798028,4.250579025084137,1016.2285552364524,0,6,3,1,41.0,67.0,111.0,74.0,48.333333333333336,52.666666666666664,0.12195121951219523
Karachi,2026-03-22 01:29:07.097653,43,13.291773435425958,10.016908057618181,42.84167854235897,22.705557313504684,1.218550173436567,27.231277012746226,56.33390519047561,3.0605672731059275,1010.5480082447706,1,6,3,1,46.0,58.0,42.0,29.0,43.333333333333336,52.833333333333336,-0.06521739130434778
Karachi,2026-03-22 02:29:07.097653,45,17.73561516267469,38.64281996579732,22.562428401175573,10.978719907995533,0.9613004701180206,25.08104588463402,52.14548359108249,6.146272044085805,1012.2733638991006,2,6,3,1,43.0,41.0,62.0,47.0,44.666666666666664,50.0,0.04651162790697683
Karachi,2026-03-22 03:29:07.097653,71,25.03353126233382,38.81950288641781,18.8711321187632,64.02638279347642,1.7445682888408842,24.451795717283108,70.44335473146165,6.0904528917696386,1017.0144368584924,3,6,3,1,45.0,46.0,67.0,60.0,53.0,50.666666666666664,0.5777777777777777
Karachi,2026-03-22 04:29:07.097653,70,31.552353244353384,42.6600508924414,57.57553399791243,71.2524171871681,2.3214745127696013,20.75871393174033,85.02026592825337,3.8660927572078934,1012.545036009826,4,6,3,1,71.0,43.0,58.0,86.0,62.0,52.666666666666664,-0.014084507042253502
Karachi,2026-03-22 05:29:07.097653,61,32.17294466388546,34.62787311890425,55.78147295484612,52.99138918313392,1.1813098230315993,18.643375052261614,55.35412065416706,3.6264764980014235,1009.9706353404432,5,6,3,1,70.0,45.0,41.0,50.0,67.33333333333333,56.0,-0.12857142857142856
Karachi,2026-03-22 06:29:07.097653,93,34.49733304574929,65.26461947900657,30.152413544105116,23.17399871759036,0.7231549442450471,17.71018187955004,49.3347148730706,3.131862217157801,1009.5986865523712,6,6,3,1,61.0,71.0,46.0,97.0,74.66666666666667,63.833333333333336,0.5245901639344261
Karachi,2026-03-22 07:29:07.097653,92,38.146648169166795,32.724386968555834,51.54066263849054,29.96945978586158,0.8955900680311635,15.843265156005469,81.92888331857125,2.31016403575898,1012.7298376665213,7,6,3,1,93.0,70.0,43.0,87.0,82.0,72.0,-0.010752688172043001
Karachi,2026-03-22 08:29:07.097653,107,45.37559826454843,64.18287633094336,29.87779126988628,43.31486881554743,2.178801811692012,16.280177812866658,77.08916654448517,0.2108809733478494,1015.6267242397655,8,6,3,1,92.0,61.0,45.0,80.0,97.33333333333333,82.33333333333333,0.16304347826086962
Karachi,2026-03-22 09:29:07.097653,110,46.62306578037662,65.54803157868878,28.341395993988073,76.80421661363106,1.5576073911943256,21.334910815833915,86.54185157799552,3.2013510061978683,1017.972051439743,9,6,3,1,107.0,93.0,71.0,108.0,103.0,88.83333333333333,0.028037383177569986
Karachi,2026-03-22 10:29:07.097653,93,37.79811111946127,52.49841106908779,13.621962117961207,27.314596027241997,1.3010242710753062,16.24643924833276,48.27598678024548,4.232051417495343,1015.874086284309,10,6,3,1,110.0,92.0,70.0,108.0,103.33333333333333,92.66666666666667,-0.15454545454545454
Karachi,2026-03-22 11:29:07.097653,100,43.943435766085614,74.15484787651556,28.452333107058507,61.21521327439216,0.6292007873196388,18.785833082749,47.212565705829576,3.5793396242762814,1016.7701195894285,11,6,3,1,93.0,107.0,61.0,99.0,101.0,99.16666666666667,0.07526881720430101
Karachi,2026-03-22 12:29:07.097653,121,50.89500639414286,65.62700677526318,34.557931622989386,40.76137563050442,1.2894000783123203,20.225022673460618,67.07146971524983,1.2150700645686847,1015.4783236093489,12,6,3,1,100.0,110.0,93.0,111.0,104.66666666666667,103.83333333333333,0.20999999999999996
Karachi,2026-03-22 13:29:07.097653,118,41.065019396433115,77.0543666799897,6.237738008577756,30.849314385201527,0.9126824073862507,22.435104414691036,70.72168274175476,4.874812564938991,1016.9543510075611,13,6,3,1,121.0,93.0,92.0,103.0,113.0,108.16666666666667,-0.024793388429752095
Karachi,2026-03-22 14:29:07.097653,105,46.61267560357474,66.25036523209123,29.426215284647352,41.91411559154796,2.3749588812773683,24.33752138224321,64.00867209297948,5.964888057509273,1008.7629354331391,14,6,3,1,118.0,100.0,107.0,107.0,114.66666666666667,107.83333333333333,-0.11016949152542377
Karachi,2026-03-22 15:29:07.097653,102,45.62569986042498,71.87602253142101,47.974592011736014,14.984470227886277,2.244954240714609,27.629032563262165,69.94833181619377,4.875979200582679,1017.2993159898165,15,6,3,1,105.0,121.0,110.0,111.0,108.33333333333333,106.5,-0.02857142857142858
Karachi,2026-03-22 16:29:07.097653,114,41.84955885383764,63.16147138387577,42.40253310058484,65.90811596512538,0.48458559202203566,25.579649797216412,49.01898844375357,4.979198659180941,1011.9640615372566,16,6,3,1,102.0,118.0,93.0,118.0,107.0,110.0,0.11764705882352944
Karachi,2026-03-22 17:29:07.097653,78,31.746089385453278,41.470849119332826,39.93363438751643,27.031134958807698,1.4366376763747344,32.73119719455639,63.98068770820417,1.8815484040895782,1017.2161422328045,17,6,3,1,114.0,105.0,100.0,69.0,98.0,106.33333333333333,-0.3157894736842105
Karachi,2026-03-22 18:29:07.097653,88,38.69922925107557,61.69243569034953,55.02554856404614,60.77884862350793,0.7951283601322786,33.1933688295599,72.90462804698339,5.151868245401598,1008.7573283745947,18,6,3,1,78.0,102.0,121.0,111.0,93.33333333333333,100.83333333333333,0.1282051282051282
Karachi,2026-03-22 19:29:07.097653,69,26.634446446269582,44.92409378289046,5.99176054038765,14.78438600137363,1.2037095969534393,30.24166343818628,61.635322462435184,3.2915172786553146,1015.1524295712113,19,6,3,1,88.0,114.0,118.0,42.0,78.33333333333333,92.66666666666667,-0.21590909090909094
Karachi,2026-03-22 20:29:07.097653,61,30.058803019466744,24.681370397540952,35.63761724057288,76.85689893159802,2.2290655961532044,28.461845454095197,73.9723667908299,4.02311105704401,1015.356887486702,20,6,3,1,69.0,78.0,105.0,62.0,72.66666666666667,85.33333333333333,-0.1159420289855072
Karachi,2026-03-22 21:29:07.097653,75,41.92674221078138,40.846629490820696,48.30418666253389,23.511048978398904,1.4605319437547988,30.773262318029747,62.55956402769198,3.7308636856494184,1017.9691088929777,21,6,3,1,61.0,88.0,102.0,67.0,68.33333333333333,80.83333333333333,0.2295081967213115
Karachi,2026-03-22 22:29:07.097653,66,22.630263085340008,42.931351103556864,34.773446048569696,71.79194533449564,1.0352736454156717,31.442870307421266,56.679979042113864,2.757025789119178,1015.6885527068981,22,6,3,1,75.0,69.0,114.0,58.0,67.33333333333333,72.83333333333333,-0.12
Karachi,2026-03-22 23:29:07.097653,63,18.384724884766136,44.63703562317523,22.814255391920852,66.6631246730804,0.7573543790309936,35.81743804687393,55.18025235435462,1.2799950497553962,1011.825737058156,23,6,3,1,66.0,61.0,78.0,41.0,68.0,70.33333333333333,-0.045454545454545414
Karachi,2026-03-23 00:29:07.097653,69,29.351965820950355,36.31546403884532,12.493781080058781,77.75019468569911,2.0607146906942764,30.086513929948545,60.5451029494294,2.8357266728919073,1013.5724855161855,0,0,3,0,63.0,75.0,88.0,46.0,66.0,67.16666666666667,0.09523809523809534
Karachi,2026-03-23 01:29:07.097653,51,24.142725659958455,7.488321782956071,53.815968949890525,43.452346266202476,1.673939633801564,23.45537306245725,41.15448113411004,4.973523234965645,1011.6655093816659,1,0,3,0,69.0,66.0,69.0,43.0,61.0,64.16666666666667,-0.26086956521739135
Karachi,2026-03-23 02:29:07.097653,64,24.545081113132674,42.73490495943104,30.891931581318165,60.917810569216606,1.3297440129377087,23.62068899019811,73.42625692230568,2.117048389374181,1009.9601864530485,2,0,3,0,51.0,63.0,61.0,45.0,61.333333333333336,64.66666666666667,0.2549019607843137
Karachi,2026-03-23 03:29:07.097653,54,28.919421402805863,22.71711160974923,53.29633583421358,35.949745992644885,0.7784655784985517,22.823022766633866,82.25528204901309,4.7866945252162925,1010.4850232750227,3,0,3,0,64.0,69.0,75.0,71.0,56.333333333333336,61.166666666666664,-0.15625
Karachi,2026-03-23 04:29:07.097653,69,21.251969116314413,25.778786787416692,37.22186673382426,22.905776661378567,1.035342023145689,21.507367108596195,57.73135472215593,4.4741413412353435,1010.2201053427432,4,0,3,0,54.0,51.0,66.0,70.0,62.333333333333336,61.666666666666664,0.2777777777777777
Karachi,2026-03-23 05:29:07.097653,70,31.577906247721703,19.511362298972337,42.080566413825046,41.01531530534142,2.411655538824741,16.713648029886773,42.30165680708593,2.4021252059603393,1013.4881533016321,5,0,3,0,69.0,64.0,63.0,61.0,64.33333333333333,62.833333333333336,0.01449275362318847
Karachi,2026-03-23 06:29:07.097653,81,29.552671686161844,55.3848105665164,49.23436349081475,21.60243107719184,1.4441978627328356,17.801816313770367,89.33877986927789,5.7776002072391535,1017.061606345319,6,0,3,0,70.0,54.0,69.0,93.0,73.33333333333333,64.83333333333333,0.15714285714285725
Karachi,2026-03-23 07:29:07.097653,96,47.27366022488822,59.04409564401733,41.25355495300739,78.74312359504688,1.1815384187351565,15.837315114466373,53.184912772553346,2.288906657618588,1017.127266260884,7,0,3,0,81.0,69.0,51.0,92.0,82.33333333333333,72.33333333333333,0.18518518518518512
Karachi,2026-03-23 08:29:07.097653,82,43.05325266643976,47.830762805200735,26.893016237341573,16.737254379850146,1.4471284931663126,14.792482874795366,46.33105608453865,6.019093725225263,1008.5476377752583,8,0,3,0,96.0,70.0,64.0,107.0,86.33333333333333,75.33333333333333,-0.14583333333333337
Karachi,2026-03-23 09:29:07.097653,132,49.20632208943459,90.67160244622909,33.249836116075805,51.244820641683425,2.013774712979139,17.79178468308536,58.487625398651396,3.868253963081945,1008.7989940095189,9,0,3,0,82.0,81.0,54.0,110.0,103.33333333333333,88.33333333333333,0.6097560975609757
Karachi,2026-03-23 10:29:07.097653,90,33.60841487687215,59.632898298807156,49.167503857173394,53.85246986778391,1.0482396603063113,19.619551116610136,76.92785203167783,2.968268163092973,1010.4511905717235,10,0,3,0,132.0,96.0,69.0,93.0,101.33333333333333,91.83333333333333,-0.31818181818181823
Karachi,2026-03-23 11:29:07.097653,90,40.60391767364143,67.38936769988896,25.55076630051413,47.6655680011838,0.6931534660517396,21.025228304430858,54.695829844528284,1.2243972393246925,1010.5505945246947,11,0,3,0,90.0,82.0,70.0,100.0,104.0,95.16666666666667,0.0
Karachi,2026-03-23 12:29:07.097653,127,49.01301199205284,65.28111408416463,26.34668012226734,56.35301199982835,1.5868594603459052,22.148772702267753,68.73516019597439,2.8234795397299175,1008.9488917523925,12,0,3,0,90.0,132.0,81.0,121.0,102.33333333333333,102.83333333333333,0.4111111111111112
Karachi,2026-03-23 13:29:07.097653,120,48.11402998958525,72.23522412723794,10.262956383190064,18.132654250832367,1.7634490276583479,21.934708572899307,60.777999721857114,2.5924809730111593,1011.8846334117344,13,0,3,0,127.0,90.0,96.0,118.0,112.33333333333333,106.83333333333333,-0.055118110236220486
Karachi,2026-03-23 14:29:07.097653,115,46.263965850438254,56.271828622005174,55.30214393719612,48.851296694370376,1.8679796065088092,26.42909952292701,45.88819961383092,0.48340722949818904,1013.8772539269129,14,0,3,0,120.0,90.0,82.0,105.0,120.66666666666667,112.33333333333333,-0.04166666666666663
Karachi,2026-03-23 15:29:07.097653,110,34.65698864883597,64.54797298989264,10.006997321999295,30.104879978915307,2.2403726996854854,27.688661237028743,56.51435062460551,2.5647691545646656,1013.7816220059947,15,0,3,0,115.0,127.0,132.0,102.0,115.0,108.66666666666667,-0.04347826086956519
Karachi,2026-03-23 16:29:07.097653,94,37.85733063244733,54.90085221424435,40.65150475967057,75.81232443107396,1.1165830655160487,29.267883765904028,76.24352528570333,1.3923936398058285,1013.4342968125859,16,0,3,0,110.0,120.0,90.0,114.0,106.33333333333333,109.33333333333333,-0.1454545454545455
Karachi,2026-03-23 17:29:07.097653,74,26.27366344199439,49.596362566577454,27.725696334153874,63.3450157407808,0.46578077170356197,29.433468006088784,70.60019486657228,4.171983537957564,1011.386719248875,17,0,3,0,94.0,115.0,90.0,78.0,92.66666666666667,106.66666666666667,-0.21276595744680848
Karachi,2026-03-23 18:29:07.097653,81,29.989213237163504,49.046752072878725,27.30906646404933,78.07601375118199,2.408366883988073,30.93445097559245,45.98891899417805,5.612560951456405,1015.0645568531658,18,0,3,0,74.0,110.0,127.0,88.0,83.0,99.0,0.09459459459459452
Karachi,2026-03-23 19:29:07.097653,62,32.04936120704115,42.234058890784944,42.375351011497614,12.628924881813269,1.2570262403624455,32.87518048256166,48.166120485715425,0.5461686474095186,1016.2648394098107,19,0,3,0,81.0,94.0,120.0,69.0,72.33333333333333,89.33333333333333,-0.23456790123456794
Karachi,2026-03-23 20:29:07.097653,79,25.568183929110234,53.40359866587092,8.69015529464333,29.959322262649607,1.671166521280889,37.879748933971,72.03666796537227,6.424615456733845,1011.462742664774,20,0,3,0,62.0,74.0,115.0,61.0,74.0,83.33333333333333,0.27419354838709675
Karachi,2026-03-23 21:29:07.097653,56,26.69840027048849,51.18799092418804,37.6538180623289,23.679581064684427,1.7658717108822433,33.32989157049533,80.67077071604345,2.7428979312297406,1008.8553535929947,21,0,3,0,79.0,81.0,110.0,75.0,65.66666666666667,74.33333333333333,-0.2911392405063291
Karachi,2026-03-23 22:29:07.097653,41,15.259897322172627,22.459694718458508,47.461748228479514,10.780821111828136,1.502330159142648,30.70582622577494,57.47372479790846,1.0499572301229716,1010.9633025109185,22,0,3,0,56.0,62.0,94.0,66.0,58.666666666666664,65.5,-0.2678571428571429
Karachi,2026-03-23 23:29:07.097653,46,17.08177419213405,20.192680946588794,50.55170168376268,26.9628011172425,0.7515665654197943,28.992075359553493,69.7655375921725,4.515509560416366,1009.373686545749,23,0,3,0,41.0,79.0,74.0,63.0,47.666666666666664,60.833333333333336,0.12195121951219523
Karachi,2026-03-24 00:29:07.097653,56,26.4294482059123,35.68505201101189,14.379171416657641,57.51431884643002,1.9613147102555115,28.01646677468759,48.532179437605265,2.1070910434899037,1012.6735872722718,0,1,3,0,46.0,56.0,81.0,69.0,47.666666666666664,56.666666666666664,0.21739130434782616
Karachi,2026-03-24 01:29:07.097653,42,18.726799240551784,19.121573934444648,54.358047754299555,26.1762245494198,2.0682543434689795,31.425139255918296,55.56881684526619,2.8365266479370117,1009.5593515131608,1,1,3,0,56.0,41.0,62.0,51.0,48.0,53.333333333333336,-0.25
Karachi,2026-03-24 02:29:07.097653,41,19.527437767285804,36.8672453192745,41.088035051609324,45.630241183783276,1.5165462892383677,24.201486708108074,41.01351028365263,2.191443511575842,1012.6284475765798,2,1,3,0,42.0,46.0,79.0,64.0,46.333333333333336,47.0,-0.023809523809523836
Karachi,2026-03-24 03:29:07.097653,62,29.81776519737721,35.19951853050749,53.50201404513756,72.1472680475499,1.3748345532866515,24.7431887084004,78.41379738997614,1.3665241362701999,1010.2100289232465,3,1,3,0,41.0,56.0,56.0,54.0,48.333333333333336,48.0,0.5121951219512195
Karachi,2026-03-24 04:29:07.097653,68,25.813257510735728,36.68008819698659,31.690439441060903,58.563054424435265,0.5506640028815677,20.248143509057286,60.050490988648335,4.447994064803807,1015.387311054624,4,1,3,0,62.0,42.0,41.0,69.0,57.0,52.5,0.09677419354838701
Karachi,2026-03-24 05:29:07.097653,64,22.791328734004225,35.00824284060551,34.81183398034611,37.624034893422234,0.48469365529952446,19.86551483306688,80.8062786826977,2.4273971942116255,1008.2756824083584,5,1,3,0,68.0,41.0,46.0,70.0,64.66666666666667,55.5,-0.05882352941176472
Karachi,2026-03-24 06:29:07.097653,72,23.748017533501077,49.50799463720823,55.54710523657691,36.072825723847586,1.0470426602397633,19.655287317741934,75.41864980113631,0.12669641564150824,1013.5474630383193,6,1,3,0,64.0,62.0,56.0,81.0,68.0,58.166666666666664,0.125
Karachi,2026-03-24 07:29:07.097653,91,32.371075515481294,53.48521638221222,54.49502488450695,41.901506980593936,0.9838615421382653,16.128787690067607,81.43721328642386,4.1021202484318655,1009.6948827492006,7,1,3,0,72.0,68.0,42.0,96.0,75.66666666666667,66.33333333333333,0.26388888888888884
Karachi,2026-03-24 08:29:07.097653,73,44.05696607755968,38.83390636548102,29.64884803529511,22.392900874193447,2.3980441921191966,15.71777669169446,54.28293347914414,0.5888352979524893,1008.0099186446963,8,1,3,0,91.0,64.0,41.0,82.0,78.66666666666667,71.66666666666667,-0.19780219780219777
Karachi,2026-03-24 09:29:07.097653,80,38.26389663166317,61.38356343295711,20.092694739962496,54.38005371911917,2.0239700333755457,20.590332778598114,49.25543652139226,0.6934796546494826,1016.692000880648,9,1,3,0,73.0,72.0,62.0,132.0,81.33333333333333,74.66666666666667,0.09589041095890405
Karachi,2026-03-24 10:29:07.097653,95,31.326267686858536,50.273100551553966,26.624373901034527,35.49069733732239,1.751833449569932,20.040982559516088,88.59528413258353,5.385212409954632,1014.7152778781407,10,1,3,0,80.0,91.0,68.0,90.0,82.66666666666667,79.16666666666667,0.1875
Karachi,2026-03-24 11:29:07.097653,105,35.69813722147989,63.75016910006055,26.327038069136236,69.66557444834305,1.4388257958387314,20.924490387889076,75.86638935204348,0.6073202015795762,1008.9894282205053,11,1,3,0,95.0,73.0,64.0,90.0,93.33333333333333,86.0,0.10526315789473695
Karachi,2026-03-24 12:29:07.097653,114,48.27477570218049,74.01661730326387,20.777678124053665,62.95868620404714,0.6682085675986329,22.57455258624583,81.70211339633352,1.632889713854981,1014.6407236768385,12,1,3,0,105.0,80.0,72.0,127.0,104.66666666666667,93.0,0.08571428571428563
Karachi,2026-03-24 13:29:07.097653,131,55.17957120405597,65.61418994241261,19.771878238313164,52.735921486451204,2.4526046788054248,23.848598615801965,40.65666868549668,4.2457229699229915,1014.116473327376,13,1,3,0,114.0,95.0,91.0,120.0,116.66666666666667,99.66666666666667,0.14912280701754388
Karachi,2026-03-24 14:29:07.097653,118,50.28268176121221,75.14947788818546,52.35846150638457,35.494155585466125,1.125089536128462,29.03555162635013,57.72308101479433,2.392273141037739,1012.733566870432,14,1,3,0,131.0,105.0,73.0,115.0,121.0,107.16666666666667,-0.0992366412213741
Karachi,2026-03-24 15:29:07.097653,98,38.25087122668952,50.84761388784341,8.842405637656393,24.695228217143907,0.5352363253839386,27.15836896457448,77.14083452886658,2.5646897577237673,1012.1925809842561,15,1,3,0,118.0,114.0,80.0,110.0,115.66666666666667,110.16666666666667,-0.1694915254237288
Karachi,2026-03-24 16:29:07.097653,94,37.25863145256937,63.41111637554782,42.26861501547768,64.33063048739359,1.3863575705746416,30.15452473440184,43.899141649499164,2.3709992132996,1016.8706976291573,16,1,3,0,98.0,131.0,95.0,94.0,103.33333333333333,110.0,-0.04081632653061229
Karachi,2026-03-24 17:29:07.097653,72,30.730049974200185,35.93477043475328,14.505102830104876,44.04863692937606,2.222795625548783,27.755028392304354,68.36699647844678,3.463339878037454,1010.4514801989745,17,1,3,0,94.0,118.0,105.0,74.0,88.0,104.5,-0.23404255319148937
Karachi,2026-03-24 18:29:07.097653,79,32.31838621551231,53.37553403085937,23.94782413667348,25.732502672415023,2.252040203910125,30.278281857093024,61.45363837275016,1.4945615161938641,1011.9831005701338,18,1,3,0,72.0,98.0,114.0,81.0,81.66666666666667,98.66666666666667,0.09722222222222232
Karachi,2026-03-24 19:29:07.097653,67,16.065717761511245,49.58999396823108,8.384866877416027,23.662223052800435,0.324125015324184,30.32576861064247,40.880825357055365,5.952229749131529,1011.2911541289483,19,1,3,0,79.0,94.0,131.0,62.0,72.66666666666667,88.0,-0.15189873417721522
Karachi,2026-03-24 20:29:07.097653,69,26.78731320915258,48.795959248105255,19.848550027050415,21.578063315095132,2.2498506384530796,35.5481271670323,51.79877885597257,0.047539039381203185,1015.7120102903664,20,1,3,0,67.0,72.0,118.0,79.0,71.66666666666667,79.83333333333333,0.029850746268656803
Karachi,2026-03-24 21:29:07.097653,46,14.29430079314593,29.837532632576064,47.263158911448315,64.40128373439165,0.8972652784996888,27.62232630627105,54.239599453335714,3.889749833354246,1017.1646530623254,21,1,3,0,69.0,79.0,98.0,56.0,60.666666666666664,71.16666666666667,-0.33333333333333337
Karachi,2026-03-24 22:29:07.097653,61,25.599831334576336,35.23525381661306,53.67584285009922,26.029102971021818,0.38573920073053075,31.123583184770066,45.592997317316126,4.284242007753168,1016.4978169874023,22,1,3,0,46.0,67.0,94.0,41.0,58.666666666666664,65.66666666666667,0.326086956521739
Karachi,2026-03-24 23:29:07.097653,74,44.5316185755637,39.79662873314122,17.18399335463019,46.86495844676382,2.1651385947983237,24.669441044171133,71.57684548713303,1.4806964783332441,1015.9770393029977,23,1,3,0,61.0,69.0,72.0,46.0,60.333333333333336,66.0,0.21311475409836067
Karachi,2026-03-25 00:29:07.097653,48,21.184847436630378,40.78943619042511,30.495131159240703,41.60824526811395,2.2005068631740583,27.337424209036215,52.119893812594455,0.9525311094443634,1017.8678994557008,0,2,3,0,74.0,46.0,79.0,56.0,61.0,60.833333333333336,-0.3513513513513513
Karachi,2026-03-25 01:29:07.097653,57,21.25151198626284,28.6327788643461,30.86782263654635,50.572762945979875,1.6117083756531703,26.088654461356434,53.88097498096942,5.034348428340312,1014.9714455041038,1,2,3,0,48.0,61.0,67.0,42.0,59.666666666666664,59.166666666666664,0.1875
Karachi,2026-03-25 02:29:07.097653,64,30.357566614739675,30.326310068720144,53.04664181678538,71.40084302598359,1.5637542660519885,27.769742187588086,84.91192991000737,1.0182784919665702,1015.5105379121353,2,2,3,0,57.0,74.0,69.0,41.0,56.333333333333336,58.333333333333336,0.12280701754385959
Karachi,2026-03-25 03:29:07.097653,52,23.52083523049248,36.98404517193226,46.9539479081693,70.74231730572114,2.0888645997671227,23.722703517622744,63.356154634656974,1.7866721184988663,1017.8280253970502,3,2,3,0,64.0,48.0,46.0,62.0,57.666666666666664,59.333333333333336,-0.1875
Karachi,2026-03-25 04:29:07.097653,68,29.445027343121712,34.64773791080179,33.21924701024274,41.57532502774018,2.0298810159626157,19.33371695334207,59.60640734846362,4.774617924919493,1008.0699078539917,4,2,3,0,52.0,57.0,61.0,68.0,61.333333333333336,60.5,0.3076923076923077
Karachi,2026-03-25 05:29:07.097653,72,32.00397882953887,35.854080815461764,41.89109602594753,11.075637551430631,2.258232041573949,21.475073189971273,76.19355191573587,3.0694824670780485,1014.3404837643636,5,2,3,0,68.0,64.0,74.0,64.0,64.0,60.166666666666664,0.05882352941176472
Karachi,2026-03-25 06:29:07.097653,81,42.8687744154407,37.33025078958137,51.60452796501517,39.85106640000122,1.5160443847127478,18.107461278784005,85.48068984414562,0.5942873352582092,1015.3897153195329,6,2,3,0,72.0,52.0,48.0,72.0,73.66666666666667,65.66666666666667,0.125
Karachi,2026-03-25 07:29:07.097653,76,24.813327661467873,41.838376041462034,5.524642471404972,52.433547619689826,2.428823604012179,17.34772710710196,41.25181681187219,6.494118289107028,1017.178270537572,7,2,3,0,81.0,68.0,57.0,91.0,76.33333333333333,68.83333333333333,-0.06172839506172845
Karachi,2026-03-25 08:29:07.097653,95,40.51522142961093,56.55887137715854,27.158951707752674,49.043533136864326,2.4915230280533445,14.594656984456016,62.41194232776982,1.939978482440068,1016.8384430418434,8,2,3,0,76.0,72.0,64.0,73.0,84.0,74.0,0.25
Karachi,2026-03-25 09:29:07.097653,108,38.84136547180358,67.15464050385249,54.898374200239324,55.59352740601439,0.5563981419969917,15.292565961881175,70.53906780389737,2.1944854201871653,1016.419606812338,9,2,3,0,95.0,81.0,52.0,80.0,93.0,83.33333333333333,0.13684210526315788
Karachi,2026-03-25 10:29:07.097653,127,53.876729723894755,84.25919969267113,45.717216696417324,20.78530127311584,2.168996271019069,16.421602169833445,55.92815490629948,3.5115685046527307,1017.457912719417,10,2,3,0,108.0,76.0,68.0,95.0,110.0,93.16666666666667,0.17592592592592582
Karachi,2026-03-25 11:29:07.097653,123,44.753302314549586,78.23528569729645,34.8562755883741,55.25745691465128,1.3996089670468959,19.436068296816,78.62038610616209,4.250153594008146,1013.3737918791371,11,2,3,0,127.0,95.0,72.0,105.0,119.33333333333333,101.66666666666667,-0.03149606299212604
Karachi,2026-03-25 12:29:07.097653,142,54.83226067704391,83.85166436117856,34.130448986932336,22.785613312064058,1.1526459442596306,21.15577145396135,88.57385351351368,6.922208582582934,1008.0692009558483,12,2,3,0,123.0,108.0,81.0,114.0,130.66666666666666,111.83333333333333,0.15447154471544722
Karachi,2026-03-25 13:29:07.097653,97,37.511574966951,56.89497139617303,24.12735536824408,62.53667864877243,1.648759081741973,26.017632966227925,87.17136831251416,0.3201362988113927,1008.1105439869701,13,2,3,0,142.0,127.0,76.0,131.0,120.66666666666667,115.33333333333333,-0.31690140845070425
Karachi,2026-03-25 14:29:07.097653,119,52.50531226246088,75.52060274992746,33.6286293502833,33.736132928387605,0.42312422597641547,25.770110335875668,53.29912696899709,4.651904417851892,1013.4463905561786,14,2,3,0,97.0,123.0,95.0,118.0,119.33333333333333,119.33333333333333,0.2268041237113403
Karachi,2026-03-25 15:29:07.097653,103,46.17760562838075,72.55856141643157,41.04607597048993,59.69268033670175,1.414214461287576,21.655420973475948,51.3169139218743,4.4860193881001535,1012.3527223886394,15,2,3,0,119.0,142.0,108.0,98.0,106.33333333333333,118.5,-0.134453781512605
Karachi,2026-03-25 16:29:07.097653,127,44.910230717074114,77.71873999482466,28.00996711358362,13.350591923427496,2.215959254058667,29.52528397574338,87.87452655106105,2.7256701782517667,1012.5124505336545,16,2,3,0,103.0,97.0,127.0,94.0,116.33333333333333,118.5,0.23300970873786397
Karachi,2026-03-25 17:29:07.097653,75,30.530709384098582,41.63101140996574,44.27842305156957,38.55020179136393,0.7696153355057314,27.756821537157315,62.93142437157329,4.5745473896324444,1012.0040473721003,17,2,3,0,127.0,119.0,123.0,72.0,101.66666666666667,110.5,-0.40944881889763785
Karachi,2026-03-25 18:29:07.097653,67,23.41376967316948,32.499575411688646,52.36777249932122,59.35241655843329,1.2380577684927354,29.996261381052435,50.41488615423459,4.868548035273093,1017.1772580909123,18,2,3,0,75.0,103.0,142.0,79.0,89.66666666666667,98.0,-0.10666666666666669
Karachi,2026-03-25 19:29:07.097653,63,19.005291032728945,26.385081263860616,13.507666650167364,25.88093614320459,2.366857952972726,31.10306766685989,75.34984818152091,0.23607443002599116,1011.5917035116979,19,2,3,0,67.0,127.0,97.0,67.0,68.33333333333333,92.33333333333333,-0.05970149253731338
Karachi,2026-03-25 20:29:07.097653,33,12.171540402019312,25.21509585755993,29.835086254958345,65.67009313580559,1.2428404431725342,31.673323352975395,54.22101619518958,6.4995330117616605,1016.5622694176309,20,2,3,0,63.0,75.0,119.0,69.0,54.333333333333336,78.0,-0.47619047619047616
Karachi,2026-03-25 21:29:07.097653,50,18.817774553397772,35.16411093263176,27.441105020679462,54.15458131734524,1.0884087911312763,29.977107826231943,53.36234875355262,0.11752450627628352,1017.0286479379164,21,2,3,0,33.0,67.0,103.0,46.0,48.666666666666664,69.16666666666667,0.5151515151515151
Karachi,2026-03-25 22:29:07.097653,42,29.18648161699216,30.198256978750116,42.810564222735046,51.129324050485884,1.2691806258714322,32.33516723718009,83.96245215388925,0.7293674375224537,1012.9950176999896,22,2,3,0,50.0,63.0,127.0,61.0,41.666666666666664,55.0,-0.16000000000000003
Karachi,2026-03-25 23:29:07.097653,53,23.476051930191908,30.937603634266186,18.742710589186114,34.7484197943036,1.442796086338624,27.83524967931046,48.12395766884517,2.4764246527518075,1012.4693803736509,23,2,3,0,42.0,33.0,75.0,74.0,48.333333333333336,51.333333333333336,0.26190476190476186
Karachi,2026-03-26 00:29:07.097653,55,15.162448350891772,44.331281749128436,40.21380032237519,43.77160292667823,1.6903809570892316,29.71333521449969,43.21964732331182,6.8498810263741134,1015.6102060421545,0,3,3,0,53.0,50.0,67.0,48.0,50.0,49.333333333333336,0.037735849056603765
Karachi,2026-03-26 01:29:07.097653,79,28.842045098971788,43.625924723061196,53.26190829523184,51.81445106844972,2.0615241620168083,31.544494514943423,53.459322008584365,2.383486740493227,1015.0797150763988,1,3,3,0,55.0,42.0,63.0,57.0,62.333333333333336,52.0,0.4363636363636363
Karachi,2026-03-26 02:29:07.097653,68,32.41715466085003,48.607511173212195,27.997237988649246,43.07234797404233,1.2946248526814914,22.341281882131874,70.34727064191019,2.936132219898379,1011.2853511659621,2,3,3,0,79.0,53.0,33.0,64.0,67.33333333333333,57.833333333333336,-0.1392405063291139
Karachi,2026-03-26 03:29:07.097653,50,30.495510556136637,29.770001877764173,55.105863498857104,58.88193267583921,2.0984580571983087,22.360427030501388,46.15439267016353,5.864157207809127,1009.0254812592465,3,3,3,0,68.0,55.0,50.0,52.0,65.66666666666667,57.833333333333336,-0.2647058823529411
Karachi,2026-03-26 04:29:07.097653,51,12.679595410720061,26.04746184043008,59.62400564134131,40.35878531748717,1.4741854549745774,15.95308527497506,63.579733613839686,2.3993637148690548,1010.6485240018249,4,3,3,0,50.0,79.0,42.0,68.0,56.333333333333336,59.333333333333336,0.020000000000000018
Karachi,2026-03-26 05:29:07.097653,79,22.446064562113563,52.50877219025527,10.835062747137364,24.159122721942126,1.044657122809551,18.741275164567355,71.36685552126599,0.6431265741386487,1009.310285058123,5,3,3,0,51.0,68.0,53.0,72.0,60.0,63.666666666666664,0.5490196078431373
Karachi,2026-03-26 06:29:07.097653,60,33.433426634735056,39.39499008628617,17.817925339167225,24.975364796073308,1.7474918218627113,19.357231074987457,82.4368496296587,2.1655303295233708,1010.9473227577669,6,3,3,0,79.0,50.0,55.0,81.0,63.333333333333336,64.5,-0.240506329113924
Karachi,2026-03-26 07:29:07.097653,115,48.04265202321089,71.99765377866996,57.27088633151513,10.406263819005876,1.8789889604356813,18.71387185240199,51.49347956011272,5.741583667611555,1010.618215655808,7,3,3,0,60.0,51.0,79.0,76.0,84.66666666666667,70.5,0.9166666666666667
Karachi,2026-03-26 08:29:07.097653,112,40.735177064945894,68.26518846294117,57.708022756476275,31.06704008910707,1.5277077463848727,17.154727460568193,80.86731616913947,3.141729994110273,1014.3771142388671,8,3,3,0,115.0,79.0,68.0,95.0,95.66666666666667,77.83333333333333,-0.02608695652173909
Karachi,2026-03-26 09:29:07.097653,94,40.34337289222252,56.20219653868086,10.373900146271717,62.42423483349637,0.4245529408963915,19.051120239205407,51.745313056561926,6.8613165181125195,1017.5449602845478,9,3,3,0,112.0,60.0,50.0,108.0,107.0,85.16666666666667,-0.1607142857142857
Karachi,2026-03-26 10:29:07.097653,80,18.93475897578361,67.27722244926551,5.824917520742518,65.59138961863266,0.6737423253538148,23.163905841610077,73.83832706198203,4.47586985252431,1014.8574373233048,10,3,3,0,94.0,115.0,51.0,127.0,95.33333333333333,90.0,-0.14893617021276595
Karachi,2026-03-26 11:29:07.097653,129,51.7312216934471,87.04556940226132,13.860501279103223,24.1727279467025,0.9276549859585022,22.76775512538282,61.53367857412276,1.7103821272130333,1017.2664940806457,11,3,3,0,80.0,112.0,79.0,123.0,101.0,98.33333333333333,0.6125
Karachi,2026-03-26 12:29:07.097653,108,44.95186679269972,70.75175655261054,59.78070308602366,77.13307978099854,0.9217763330932849,19.954958141180725,45.73406211893351,3.1021526089301568,1015.8413225860844,12,3,3,0,129.0,94.0,60.0,142.0,105.66666666666667,106.33333333333333,-0.16279069767441856
Karachi,2026-03-26 13:29:07.097653,127,55.63935848499874,77.42140494659148,14.899978913587777,45.168195543608874,1.7815257605431154,20.027239666246356,75.71317314109243,1.293563763716241,1015.2787762207117,13,3,3,0,108.0,80.0,115.0,97.0,121.33333333333333,108.33333333333333,0.17592592592592582
Karachi,2026-03-26 14:29:07.097653,82,27.75625913118438,57.29586594374395,32.640118369711274,74.18851243129518,0.34036705568199166,24.18769716685239,50.88813092745089,1.66313393870246,1012.1406194021334,14,3,3,0,127.0,129.0,112.0,119.0,105.66666666666667,103.33333333333333,-0.35433070866141736
Karachi,2026-03-26 15:29:07.097653,92,37.31746704353273,59.47750506590552,51.66297495367811,59.47356973031418,1.962499909508944,25.17658682958547,48.831171301229574,11.958168502051514,1011.2479450286337,15,3,3,0,82.0,108.0,94.0,103.0,100.33333333333333,103.0,0.12195121951219523
Karachi,2026-03-26 16:29:07.097653,95,33.40433906801116,57.25683131965594,6.122088587851349,60.57033961156892,0.8837534445752531,29.902695095729264,57.91614642946916,5.037249020067621,1016.4627737247292,16,3,3,0,92.0,127.0,80.0,127.0,89.66666666666667,105.5,0.032608695652173836
Karachi,2026-03-26 17:29:07.097653,88,36.66463088219029,50.65305355360073,38.24689402421527,15.953053491424978,0.9820480616754252,28.294467170633382,72.66451223797418,4.722195978013346,1017.0539323292901,17,3,3,0,95.0,82.0,129.0,75.0,91.66666666666667,98.66666666666667,-0.0736842105263158
Karachi,2026-03-26 18:29:07.097653,73,24.822875559309423,43.3020720553853,20.236399687829337,25.399378882785147,1.4614016214766334,31.782558365094822,51.69982393953139,1.753639369383872,1012.5188249365093,18,3,3,0,88.0,92.0,108.0,67.0,85.33333333333333,92.83333333333333,-0.17045454545454541
Karachi,2026-03-26 19:29:07.097653,81,30.59076685705364,23.58350069225767,52.42842040418524,10.617038330613084,0.7750363220657066,34.40343471938517,49.183076939094285,6.139168132562158,1008.0906309818664,19,3,3,0,73.0,95.0,127.0,63.0,80.66666666666667,85.16666666666667,0.1095890410958904
Karachi,2026-03-26 20:29:07.097653,48,14.615200449753296,31.07622284993779,20.590363209524355,60.12893483337162,2.245836889866161,32.79860825436565,40.497681285668214,5.198831203585874,1015.9253105890647,20,3,3,0,81.0,88.0,82.0,33.0,67.33333333333333,79.5,-0.40740740740740744
Karachi,2026-03-26 21:29:07.097653,56,25.916122924751964,30.082853932567637,42.77156461550499,34.1106801899957,0.4878113145184436,30.834778964816955,63.58215485508618,6.763242578715541,1010.8506884047229,21,3,3,0,48.0,73.0,92.0,50.0,61.666666666666664,73.5,0.16666666666666674
Karachi,2026-03-26 22:29:07.097653,55,26.621724528141463,46.235563403550266,42.08207978460683,65.06567612534428,1.2776411970623427,34.27783134544689,61.43227846575914,6.666228296796898,1008.0988786501692,22,3,3,0,56.0,81.0,95.0,42.0,53.0,66.83333333333333,-0.017857142857142905
Karachi,2026-03-26 23:29:07.097653,58,22.32242023909661,35.39803719981954,17.1821451872802,33.72553539559184,2.168728992800758,26.898892359984725,51.693387181868815,0.041821423804956126,1016.0498855897612,23,3,3,0,55.0,48.0,88.0,53.0,56.333333333333336,61.833333333333336,0.05454545454545445
Karachi,2026-03-27 00:29:07.097653,60,24.460879243333483,26.89282654652031,6.913955992759257,67.35336266092028,1.6548565677267189,28.34440988824507,42.68260820048454,0.7803210214601854,1013.174141888169,0,4,3,0,58.0,56.0,73.0,55.0,57.666666666666664,59.666666666666664,0.034482758620689724
Karachi,2026-03-27 01:29:07.097653,34,6.4180804603362445,20.092515067231002,27.50872655819685,19.14887776238191,0.9431249348537936,26.987232314057497,61.46279372979184,0.9924243690727272,1014.8521074633846,1,4,3,0,60.0,55.0,81.0,79.0,50.666666666666664,51.833333333333336,-0.43333333333333335
Karachi,2026-03-27 02:29:07.097653,31,10.904626890139067,10.235546514759468,20.90562335812283,22.136120973025573,1.2256724571082136,25.031817316799263,79.41025555358156,1.112118713335126,1017.1468982114447,2,4,3,0,34.0,58.0,48.0,68.0,41.666666666666664,49.0,-0.08823529411764708
Karachi,2026-03-27 03:29:07.097653,77,30.929756471943758,50.55842866142845,49.49377622875397,33.86135777087556,1.8547276367535324,23.29043975133599,75.76410656635885,3.6469047285207807,1013.4117383013811,3,4,3,0,31.0,60.0,56.0,50.0,47.333333333333336,52.5,1.4838709677419355
Karachi,2026-03-27 04:29:07.097653,69,41.09784952702743,44.31840502253221,49.02003036504399,38.594117221759134,2.4411736354005784,22.220879639618985,83.03974449300851,1.8663930958083648,1013.0319407257897,4,4,3,0,77.0,34.0,55.0,51.0,59.0,54.833333333333336,-0.10389610389610393
Karachi,2026-03-27 05:29:07.097653,61,18.843417110559614,44.267595408011786,30.1363173705944,34.40919675900849,2.264905180434754,19.27233087241692,40.47913438565778,7.145197081525037,1010.9066212134826,5,4,3,0,69.0,31.0,58.0,79.0,69.0,55.333333333333336,-0.1159420289855072
Karachi,2026-03-27 06:29:07.097653,103,48.627798046897325,55.633313446146175,38.35817239277704,63.45529227662539,1.053352178441229,17.33568020543713,88.32096584022992,6.8093597641632755,1011.0519383443996,6,4,3,0,61.0,77.0,60.0,60.0,77.66666666666667,62.5,0.6885245901639345
Karachi,2026-03-27 07:29:07.097653,89,40.78417021431645,53.97187929030627,38.234273379280886,16.78659748387003,2.4960353344332864,16.457414700368062,57.07061263137241,2.9870768118419204,1015.9654206602964,7,4,3,0,103.0,69.0,34.0,115.0,84.33333333333333,71.66666666666667,-0.13592233009708743
Karachi,2026-03-27 08:29:07.097653,112,46.47896512683364,56.69350029316135,50.493698163519284,34.58519137469416,0.30771025976832816,15.77696839592329,89.51988980459824,6.91065243229958,1012.4902924558594,8,4,3,0,89.0,61.0,31.0,112.0,101.33333333333333,85.16666666666667,0.2584269662921348
Karachi,2026-03-27 09:29:07.097653,102,49.683494683674894,66.94754664944655,28.375132776775864,68.60679996608215,0.3607854627785132,18.847680038341185,52.63097303008873,5.976269254480403,1009.6352620860812,9,4,3,0,112.0,103.0,77.0,94.0,101.0,89.33333333333333,-0.0892857142857143
Karachi,2026-03-27 10:29:07.097653,136,56.61731975773951,86.28615803557877,20.149567388477998,14.67579540835204,2.1124491333766264,16.778739810771462,63.57681937891224,2.098586881645482,1008.945287640005,10,4,3,0,102.0,89.0,69.0,80.0,116.66666666666667,100.5,0.33333333333333326
Karachi,2026-03-27 11:29:07.097653,135,56.0689509484677,85.15117262341265,19.57692049773011,75.96404553699502,0.7388179110327144,21.03668796852411,57.69638382876518,1.0184306880511231,1012.7292011686178,11,4,3,0,136.0,112.0,61.0,129.0,124.33333333333333,112.83333333333333,-0.007352941176470562
Karachi,2026-03-27 12:29:07.097653,106,42.240611844037836,63.772274914543864,34.49057536052123,79.0421789590409,0.4336923904717299,21.037998164519742,57.788035749715135,2.564063230078541,1012.6495502361773,12,4,3,0,135.0,102.0,103.0,108.0,125.66666666666667,113.33333333333333,-0.2148148148148148
Karachi,2026-03-27 13:29:07.097653,123,55.53838003328809,77.44898655810276,29.70315115027169,16.199772167755604,0.8217257611203048,21.886938025467575,82.11410493741079,1.710755737843054,1014.5345827820539,13,4,3,0,106.0,136.0,89.0,127.0,121.33333333333333,119.0,0.1603773584905661
Karachi,2026-03-27 14:29:07.097653,115,51.74690671197857,82.231553680855,29.20664240417149,30.38907655790159,1.2374203387578926,26.23681443148827,77.32094698686694,3.4130112502916607,1012.7106747774515,14,4,3,0,123.0,135.0,112.0,82.0,114.66666666666667,119.5,-0.06504065040650409
Karachi,2026-03-27 15:29:07.097653,121,45.568684281951604,70.76485202281289,10.012553649933897,36.06804662247493,1.907245794953491,25.61564451137393,89.60757176150241,3.1784565737494983,1009.4347570413421,15,4,3,0,115.0,106.0,102.0,92.0,119.66666666666667,122.66666666666667,0.05217391304347818
Karachi,2026-03-27 16:29:07.097653,80,25.61422326352554,49.42485032445974,44.52320573796076,64.34739580569082,1.6735381584126523,30.276368081456425,70.67573413587563,3.1260353177984572,1013.0780288479851,16,4,3,0,121.0,123.0,136.0,95.0,105.33333333333333,113.33333333333333,-0.33884297520661155
Karachi,2026-03-27 17:29:07.097653,98,38.2072341142426,50.14419555838005,16.755517839005087,51.714876848171365,0.8227666786329251,31.08230649187595,63.16283021972514,4.047369482758329,1017.0678940388602,17,4,3,0,80.0,115.0,135.0,88.0,99.66666666666667,107.16666666666667,0.2250000000000001
Karachi,2026-03-27 18:29:07.097653,95,34.350354099109296,50.579732688859636,15.832449661479675,55.10559903447972,1.4071949858212858,30.735553852091666,44.503693147344556,0.5749561058326429,1009.5944141162021,18,4,3,0,98.0,121.0,106.0,73.0,91.0,105.33333333333333,-0.030612244897959218
Karachi,2026-03-27 19:29:07.097653,45,18.02411166715429,28.295108155093054,27.70170761525664,63.025687597295416,2.337671031876851,33.78467624098167,89.82807097569284,3.8227205551394157,1014.8975464097775,19,4,3,0,95.0,80.0,123.0,81.0,79.33333333333333,92.33333333333333,-0.5263157894736843
Karachi,2026-03-27 20:29:07.097653,47,25.087639597426055,37.182141759623285,17.52780878897908,18.2585299605918,2.093017109364267,34.093179451377274,67.57653264661414,2.1207676939659876,1013.9385926496552,20,4,3,0,45.0,98.0,115.0,48.0,62.333333333333336,81.0,0.04444444444444451
Karachi,2026-03-27 21:29:07.097653,28,8.992817283766882,14.86874174478867,37.11220470194085,68.32466198371836,1.0110175266299455,35.04244582193247,75.02387348450709,3.399964399727374,1015.485857267118,21,4,3,0,47.0,95.0,121.0,56.0,40.0,65.5,-0.4042553191489362
Karachi,2026-03-27 22:29:07.097653,49,19.77713724136152,28.099548987382096,25.430483663395933,59.39338629261008,2.460982034982532,33.8604972550941,60.33711935956557,4.9148196904643795,1009.506002734276,22,4,3,0,28.0,45.0,80.0,55.0,41.333333333333336,60.333333333333336,0.75
Karachi,2026-03-27 23:29:07.097653,61,25.004257293348928,33.81613347292543,29.690144742603454,50.41392076374592,1.8589648809572883,31.639402290944947,67.3857854089618,0.5512004535579407,1017.4160533690599,23,4,3,0,49.0,47.0,98.0,58.0,46.0,54.166666666666664,0.24489795918367352
Karachi,2026-03-28 00:29:07.097653,72,33.25629672360259,39.24316010210966,34.54431268822159,72.28147343481396,0.4373885824669199,26.74481809758247,87.12888659464436,2.4374126946608614,1014.2096642776715,0,5,3,1,61.0,28.0,95.0,60.0,60.666666666666664,50.333333333333336,0.180327868852459
Karachi,2026-03-28 01:29:07.097653,52,9.619012097126804,33.639959796245314,16.194453736499266,59.0214447718665,0.37735356923500507,31.96772633716828,48.32097189658013,2.7629315319422716,1016.4707113769114,1,5,3,1,72.0,49.0,45.0,34.0,61.666666666666664,51.5,-0.2777777777777778
Karachi,2026-03-28 02:29:07.097653,78,28.345886954188007,35.09102148059257,13.566339257604138,24.118997384171777,0.670497487822066,22.19276757785638,54.61862921651273,1.9714620568587182,1010.4660676368023,2,5,3,1,52.0,61.0,47.0,31.0,67.33333333333333,56.666666666666664,0.5
Karachi,2026-03-28 03:29:07.097653,38,16.290528337869446,33.09868142804194,53.42320465804826,40.08217667529667,1.9012829097103232,24.82797398774445,47.60298638890162,4.799658992265915,1015.3941288939797,3,5,3,1,78.0,72.0,28.0,77.0,56.0,58.333333333333336,-0.5128205128205128
Karachi,2026-03-28 04:29:07.097653,39,21.780100146003377,18.346179660767923,28.85480365572816,44.58300068550133,0.7042256368533414,21.862567633772596,79.61079519023873,1.5592232823990568,1015.8103070433392,4,5,3,1,38.0,52.0,49.0,69.0,51.666666666666664,56.666666666666664,0.026315789473684292
Karachi,2026-03-28 05:29:07.097653,71,26.101373027859015,48.616555781590186,27.665148529789654,13.865233872528396,1.425270892259434,16.994861005545392,43.10226302109148,1.8891992011153225,1011.9743527238708,5,5,3,1,39.0,78.0,61.0,61.0,49.333333333333336,58.333333333333336,0.8205128205128205
Karachi,2026-03-28 06:29:07.097653,85,24.921629163426477,41.29660026130276,6.958668265006281,76.8246259352039,0.5051722643978298,17.823194891967493,44.081582492566916,1.580161734095871,1011.8395345288342,6,5,3,1,71.0,38.0,72.0,103.0,65.0,60.5,0.19718309859154926
Karachi,2026-03-28 07:29:07.097653,87,38.008217282496375,57.71521112336828,32.38869664230663,19.000408255781494,2.325949547226429,17.115087617198174,54.92470563936843,5.184110822877603,1014.5779626502575,7,5,3,1,85.0,39.0,52.0,89.0,81.0,66.33333333333333,0.0235294117647058
Karachi,2026-03-28 08:29:07.097653,63,22.418535455632593,43.76857796215709,35.47933468860501,58.82228870587088,1.0567133498838486,19.611165431621046,65.70940904605057,2.0151117751755665,1008.9340768176022,8,5,3,1,87.0,71.0,78.0,112.0,78.33333333333333,63.833333333333336,-0.27586206896551724
Karachi,2026-03-28 09:29:07.097653,99,34.00222784171004,62.99945828178993,35.73624790250666,45.43617252636161,2.297890524433388,15.845971589127032,60.31374002797933,3.9200907817671125,1015.3562415021751,9,5,3,1,63.0,85.0,38.0,102.0,83.0,74.0,0.5714285714285714
Karachi,2026-03-28 10:29:07.097653,86,31.44376089381803,43.89280358917788,43.88671431275864,11.794257491909582,2.3787264122031972,17.547906756875786,42.24081553354036,6.951410202460148,1008.4288675983942,10,5,3,1,99.0,87.0,39.0,136.0,82.66666666666667,81.83333333333333,-0.13131313131313127
Karachi,2026-03-28 11:29:07.097653,119,46.68651842016981,73.4101033294582,14.761500924505647,74.73232331050532,0.3134830240900977,14.671006540465093,87.87457789354758,2.8503631592988294,1009.9059030112082,11,5,3,1,86.0,63.0,71.0,135.0,101.33333333333333,89.83333333333333,0.38372093023255816
Karachi,2026-03-28 12:29:07.097653,115,43.17586615389003,59.83493473699651,18.872272382684034,69.62857661732532,1.3210974118372105,24.469525586247155,87.64347601790419,5.224121360066315,1014.6414375724137,12,5,3,1,119.0,99.0,85.0,106.0,106.66666666666667,94.83333333333333,-0.03361344537815125
Karachi,2026-03-28 13:29:07.097653,94,26.924000912009348,54.90564075548755,49.5901755876727,46.69805495326849,0.35424332255516433,20.78851115313969,53.96781616203799,6.342708168186256,1008.9832366709196,13,5,3,1,115.0,86.0,87.0,123.0,109.33333333333333,96.0,-0.18260869565217386
Karachi,2026-03-28 14:29:07.097653,98,43.79443432582877,67.19895981973227,57.09438392638667,26.025963529761167,2.299124085866393,25.65382172847835,76.57628076342908,5.054383120080828,1017.7184209147679,14,5,3,1,94.0,119.0,63.0,115.0,102.33333333333333,101.83333333333333,0.042553191489361764
Karachi,2026-03-28 15:29:07.097653,85,40.50437544929847,57.568615780923224,12.476301105202635,18.513602347606597,1.440496598416067,26.867736701376437,68.92877056916119,2.966397368044519,1016.683962094619,15,5,3,1,98.0,115.0,99.0,121.0,92.33333333333333,99.5,-0.13265306122448983
Karachi,2026-03-28 16:29:07.097653,94,40.8815353730585,56.557351664864925,32.370725497787,35.43747356024886,0.464876827936693,28.80399806643332,51.873834750281205,4.284215517997227,1014.2630233240674,16,5,3,1,85.0,94.0,86.0,80.0,92.33333333333333,100.83333333333333,0.10588235294117654
Karachi,2026-03-28 17:29:07.097653,102,35.1482541121136,53.45657108897378,16.779693900677277,27.879979673226334,0.5426088022084471,32.27657821923413,53.108577587080774,0.42524281372930917,1016.1905745566935,17,5,3,1,94.0,98.0,119.0,98.0,93.66666666666667,98.0,0.0851063829787233
Karachi,2026-03-28 18:29:07.097653,65,25.078186052249148,44.29316728037365,8.304024259524034,45.46838407044091,1.1437198538840259,35.270728150882775,64.55765871552252,1.439913683700096,1016.8758004858956,18,5,3,1,102.0,85.0,115.0,95.0,87.0,89.66666666666667,-0.36274509803921573
Karachi,2026-03-28 19:29:07.097653,79,31.885843975729525,48.032725729399424,22.902683596937447,77.64865072864002,2.368515224320357,33.230393950196536,60.961847074868004,1.790649636736162,1010.5947564957182,19,5,3,1,65.0,94.0,94.0,45.0,82.0,87.16666666666667,0.21538461538461529
Karachi,2026-03-28 20:29:07.097653,57,25.812426237574915,15.665156648804654,12.9028193851317,50.2467445260749,1.8244001334497781,34.31015603526105,54.56146641156321,7.481224240348564,1016.4941158794932,20,5,3,1,79.0,102.0,98.0,47.0,67.0,80.33333333333333,-0.2784810126582279
Karachi,2026-03-28 21:29:07.097653,46,22.099184075777774,34.3972610588132,44.046319038883546,72.29517391230685,2.208761505616091,33.38518968376663,80.37557981525745,1.374830971489466,1009.947937836376,21,5,3,1,57.0,65.0,85.0,28.0,60.666666666666664,73.83333333333333,-0.19298245614035092
Karachi,2026-03-28 22:29:07.097653,52,17.294644000966915,31.25440682133155,34.35489775192944,55.561518624704405,1.1062046219479553,33.96326607813676,64.07314588186924,1.3450464974763408,1012.1334226414882,22,5,3,1,46.0,79.0,94.0,49.0,51.666666666666664,66.83333333333333,0.13043478260869557
Karachi,2026-03-28 23:29:07.097653,35,14.60741393208274,30.915764208886984,12.910895904467099,43.26725686110403,0.3950701390099963,29.731021490519726,72.74240311945638,0.912158039502033,1013.582596312486,23,5,3,1,52.0,57.0,102.0,61.0,44.333333333333336,55.666666666666664,-0.32692307692307687
Karachi,2026-03-29 00:29:07.097653,41,18.964506190993117,16.25499210113292,5.508287362303291,69.82252939133599,2.443498801849711,31.150781108832824,49.46367500839377,4.119623523861522,1015.1389096307403,0,6,3,1,35.0,46.0,65.0,72.0,42.666666666666664,51.666666666666664,0.17142857142857149
Karachi,2026-03-29 01:29:07.097653,33,20.500734339731924,0.0,49.4486376963317,42.995767712109824,0.337780579457213,29.291552092114934,66.67538312582434,3.2852427853377657,1008.3014131772253,1,6,3,1,41.0,52.0,79.0,52.0,36.333333333333336,44.0,-0.19512195121951215
Karachi,2026-03-29 02:29:07.097653,83,36.91857865120868,52.326739794889086,14.690692339033614,70.80397193572527,2.3848336367783958,27.165074017365818,55.89880247233108,5.17351795405313,1010.9050941277819,2,6,3,1,33.0,35.0,57.0,78.0,52.333333333333336,48.333333333333336,1.5151515151515151
Karachi,2026-03-29 03:29:07.097653,59,27.6715833744694,37.92195931984348,38.34191532214213,30.41037387030357,1.1110903324681185,21.609151904506877,66.32068051974392,4.342519332154708,1014.0851909821039,3,6,3,1,83.0,41.0,46.0,38.0,58.333333333333336,50.5,-0.28915662650602414
Karachi,2026-03-29 04:29:07.097653,54,22.220780091691292,19.177097407215115,23.530705219221005,19.016915163409166,0.3221988910481393,20.66332473152562,79.0412916705464,0.2392203065518652,1011.5736867914912,4,6,3,1,59.0,33.0,52.0,39.0,65.33333333333333,50.833333333333336,-0.0847457627118644
Karachi,2026-03-29 05:29:07.097653,75,37.230346649192605,37.439080017829774,37.20172660732696,69.87201250540568,1.8161459097939183,19.82207972806849,78.44566050456308,1.3854444599792586,1015.750250556295,5,6,3,1,54.0,83.0,35.0,71.0,62.666666666666664,57.5,0.38888888888888884
Karachi,2026-03-29 06:29:07.097653,78,33.37484568165251,69.03078950254175,22.36094948402782,51.11906146548667,2.4571886688689792,15.330112680066478,57.7110339017138,5.730657496551643,1014.5165216115072,6,6,3,1,75.0,59.0,41.0,85.0,69.0,63.666666666666664,0.040000000000000036
Karachi,2026-03-29 07:29:07.097653,84,29.47457139316306,48.22513150281595,9.78167583807398,72.2364678774272,2.4243765902427037,20.462433805859483,74.71385585398195,2.59340351084639,1010.3440145372374,7,6,3,1,78.0,54.0,33.0,87.0,79.0,72.16666666666667,0.07692307692307687
Karachi,2026-03-29 08:29:07.097653,104,48.701850050886506,68.37517211140054,17.26225047067645,75.64790448946682,0.6540614246453206,16.97544693299565,87.06449751971385,5.3751836360360254,1009.4592897959234,8,6,3,1,84.0,75.0,83.0,63.0,88.66666666666667,75.66666666666667,0.23809523809523814
Karachi,2026-03-29 09:29:07.097653,112,48.519843997217535,62.34021283283652,15.343221156349157,13.753987326001443,0.698745173345541,17.8404491648969,71.28346649624532,2.700638104169366,1014.2904699358705,9,6,3,1,104.0,78.0,59.0,99.0,100.0,84.5,0.07692307692307687
Karachi,2026-03-29 10:29:07.097653,98,36.994077854107694,42.09152374879989,28.541064384180412,45.067851130120786,1.5441856121632525,16.917787890270088,47.420506169131855,1.0646871434229572,1012.5046732770476,10,6,3,1,112.0,84.0,54.0,86.0,104.66666666666667,91.83333333333333,-0.125
Karachi,2026-03-29 11:29:07.097653,100,37.73873563460453,58.84223473303386,41.20560808843865,36.247518435217046,1.702070618142314,16.689390631773573,73.98543146395475,2.393478444666588,1009.6895704110132,11,6,3,1,98.0,104.0,75.0,119.0,103.33333333333333,96.0,0.020408163265306145
Karachi,2026-03-29 12:29:07.097653,105,43.832567542793946,61.399698243346364,19.509334122049665,53.8100877949082,1.9267194100649045,19.791940229050457,45.24521931746557,1.0639004089006079,1011.2637420531838,12,6,3,1,100.0,112.0,78.0,115.0,101.0,100.5,0.050000000000000044
Karachi,2026-03-29 13:29:07.097653,74,32.095506903393236,41.470348481235995,5.6638464415339875,65.55138380416264,0.6983107930387246,23.36785601444701,83.60552043965136,1.8688944751951524,1011.0304674831858,13,6,3,1,105.0,98.0,84.0,94.0,93.0,98.83333333333333,-0.2952380952380952
Karachi,2026-03-29 14:29:07.097653,83,34.28761980037798,49.03461102428178,33.541555034561625,29.641315118205828,2.409815590881756,26.346857625507386,65.83302479009701,3.4018514131304918,1009.0813197233938,14,6,3,1,74.0,100.0,104.0,98.0,87.33333333333333,95.33333333333333,0.12162162162162171
Karachi,2026-03-29 15:29:07.097653,121,50.24307034612014,75.14393664152367,38.31677191474346,48.975886906122014,1.7052263638363234,27.394135442025608,59.25703681557898,4.023210180738041,1013.4690901926523,15,6,3,1,83.0,105.0,112.0,85.0,92.66666666666667,96.83333333333333,0.45783132530120474
Karachi,2026-03-29 16:29:07.097653,119,56.36959315388961,70.60377381148109,57.957877170099536,59.61100059334297,2.163503221515221,29.6934480324839,42.85032973248462,0.18038264650859626,1015.6364863391256,16,6,3,1,121.0,74.0,98.0,94.0,107.66666666666667,100.33333333333333,-0.016528925619834656
Karachi,2026-03-29 17:29:07.097653,84,38.96932806506641,40.30536911225906,37.42089417012858,19.41017579850138,1.4881445736251782,29.982801500129625,59.03918672960548,2.965263984981804,1013.7546688885299,17,6,3,1,119.0,83.0,100.0,102.0,108.0,97.66666666666667,-0.2941176470588235
Karachi,2026-03-29 18:29:07.097653,88,36.412519734659725,57.07849099999741,30.9144907657978,66.98468341658868,1.2114090646977418,32.92070036276636,85.16033339578948,1.8267685288804951,1016.2629136493736,18,6,3,1,84.0,121.0,105.0,65.0,97.0,94.83333333333333,0.04761904761904767
Karachi,2026-03-29 19:29:07.097653,76,35.468225289868386,30.54753453646706,36.53708942437371,52.42767198970812,2.4498023945089913,35.69307234308436,41.04914981431516,1.7031703820823751,1009.2756854721544,19,6,3,1,88.0,119.0,74.0,79.0,82.66666666666667,95.16666666666667,-0.13636363636363635
Karachi,2026-03-29 20:29:07.097653,111,39.31066533309374,50.30706761782355,56.03453464241149,76.46762059795563,1.5806670158036396,34.40957888487797,63.73240788909025,3.2653692382661537,1012.3561185782222,20,6,3,1,76.0,84.0,83.0,57.0,91.66666666666667,99.83333333333333,0.4605263157894737
Karachi,2026-03-29 21:29:07.097653,75,32.221803344102945,51.26169609916589,50.56079800809054,33.767024339148534,2.2071218821581935,34.34649038681843,86.55790455553111,1.899096254621576,1014.094151036581,21,6,3,1,111.0,88.0,121.0,46.0,87.33333333333333,92.16666666666667,-0.32432432432432434
Karachi,2026-03-29 22:29:07.097653,52,29.88672135436769,35.316446585636065,22.76383033500944,17.570215963603907,2.397243272005838,32.51623602888877,59.742049988251054,5.764275989693348,1014.760015609419,22,6,3,1,75.0,76.0,119.0,52.0,79.33333333333333,81.0,-0.30666666666666664
Karachi,2026-03-29 23:29:07.097653,36,13.585417963966757,21.55430824080065,18.04899000114255,45.455084072584775,1.7857801794190504,27.650544110293175,61.40878437310752,5.376123752502121,1014.9578630642343,23,6,3,1,52.0,111.0,84.0,35.0,54.333333333333336,73.0,-0.3076923076923077
Karachi,2026-03-30 00:29:07.097653,25,6.123152435359141,4.378395079641271,19.44484868013405,16.00675401966072,1.507665092741085,26.91066693873751,68.928002759956,5.363656587884079,1015.2896542709788,0,0,3,0,36.0,75.0,88.0,41.0,37.666666666666664,62.5,-0.3055555555555556
Karachi,2026-03-30 01:29:07.097653,54,18.369227456769217,26.781220324209173,32.74315718433672,77.86685663268048,0.3077238720034314,27.980303962147854,63.14686667885917,2.010179609019396,1014.5142981219601,1,0,3,0,25.0,52.0,76.0,33.0,38.333333333333336,58.833333333333336,1.1600000000000001
Karachi,2026-03-30 02:29:07.097653,42,11.621425496168973,23.502412042829338,45.92271981757178,12.707947078003407,0.3880432096258132,24.978121896079827,48.43008456187762,1.0750023301613554,1008.9422808894087,2,0,3,0,54.0,36.0,111.0,83.0,40.333333333333336,47.333333333333336,-0.2222222222222222
Karachi,2026-03-30 03:29:07.097653,37,11.057386827536867,9.704642803670167,32.67705639506292,62.74527307751156,0.7418726753124559,23.809133412125487,40.92777695349302,3.164059858776231,1014.953056776023,3,0,3,0,42.0,25.0,75.0,59.0,44.333333333333336,41.0,-0.11904761904761907
Karachi,2026-03-30 04:29:07.097653,55,20.2680222015947,27.268614777631395,8.728801770546193,46.75716786995708,0.7092185500831896,24.352846835688148,70.49058289893509,2.6993032674274655,1015.2478265677439,4,0,3,0,37.0,54.0,52.0,54.0,44.666666666666664,41.5,0.4864864864864864
Karachi,2026-03-30 05:29:07.097653,56,15.377048341190171,38.82596786103851,44.79693852419895,35.80344567488021,0.8604693494396598,20.795217748966287,86.0403293503906,1.7823536751532703,1017.9347993433363,5,0,3,0,55.0,42.0,36.0,75.0,49.333333333333336,44.833333333333336,0.018181818181818077
Karachi,2026-03-30 06:29:07.097653,105,42.2009414801834,74.60271762996682,49.32835707690246,14.608951515605826,0.9708562029348538,20.589569181210134,45.31820665135828,0.648531106666077,1014.9336243670112,6,0,3,0,56.0,37.0,25.0,78.0,72.0,58.166666666666664,0.875
Karachi,2026-03-30 07:29:07.097653,100,44.907052951860194,57.23802260312202,20.92238258158458,53.55168469215254,1.0921440858116023,17.461956168628916,50.54763596263767,2.916964061463857,1014.8683039575155,7,0,3,0,105.0,55.0,54.0,84.0,87.0,65.83333333333333,-0.04761904761904767
Karachi,2026-03-30 08:29:07.097653,94,33.413383251365694,62.98015306267923,41.52691566058427,50.96542305736687,1.2251829181515284,15.385568645031121,58.511474291248675,2.1918610994950534,1013.1481329018197,8,0,3,0,100.0,56.0,42.0,104.0,99.66666666666667,74.5,-0.06000000000000005
Karachi,2026-03-30 09:29:07.097653,123,56.96136582578757,58.73493874666835,28.462554557991634,29.661829114731983,0.5175059446032323,17.156861071258774,80.43711145105598,4.376694074076039,1016.6792290858511,9,0,3,0,94.0,105.0,37.0,112.0,105.66666666666667,88.83333333333333,0.3085106382978724
Karachi,2026-03-30 10:29:07.097653,107,45.41047513393695,69.56038196585735,53.90156456500936,73.71551909872184,0.3931962502961205,16.462293142286217,53.46301582354888,4.330212103042959,1017.9683476196116,10,0,3,0,123.0,100.0,55.0,98.0,108.0,97.5,-0.13008130081300817
Karachi,2026-03-30 11:29:07.097653,96,43.57630763561952,51.203519743429005,51.48740569884069,31.287700513998583,1.7826777879606517,22.459735664052516,84.10272021393843,5.2015996108454345,1015.7904487019744,11,0,3,0,107.0,94.0,56.0,100.0,108.66666666666667,104.16666666666667,-0.10280373831775702
Karachi,2026-03-30 12:29:07.097653,132,49.84957169435726,82.16688162909067,33.898759907030325,41.48077874144743,1.4821366146547712,22.58078215307094,42.74789373250332,0.48140889623992367,1014.125003778578,12,0,3,0,96.0,123.0,105.0,105.0,111.66666666666667,108.66666666666667,0.375
Karachi,2026-03-30 13:29:07.097653,117,51.09719631290985,68.25483592044748,43.0328050197477,48.0633719143059,1.2771172448842634,23.970472632436394,87.04783106294674,3.8021166153872654,1008.7895482693157,13,0,3,0,132.0,107.0,100.0,74.0,115.0,111.5,-0.11363636363636365
Karachi,2026-03-30 14:29:07.097653,90,30.709158417477965,64.81655395745246,53.58423355621572,17.016231472340024,1.6957678705703754,27.471886404456207,68.03735389368825,1.5450685875326557,1015.2673913172963,14,0,3,0,117.0,96.0,94.0,83.0,113.0,110.83333333333333,-0.23076923076923073
Karachi,2026-03-30 15:29:07.097653,98,43.79448680991947,52.01938877188604,32.26443555430515,75.25132034495427,2.120894695847789,23.030439531773716,72.93888392438522,0.5591715783778306,1015.0856156858194,15,0,3,0,90.0,132.0,123.0,121.0,101.66666666666667,106.66666666666667,0.0888888888888888
Karachi,2026-03-30 16:29:07.097653,81,33.60548717865912,54.14028610003184,22.228790726885208,36.217530671572874,1.2409244000556503,30.17627590268532,58.38447612681766,2.1427955261025797,1015.7556814780943,16,0,3,0,98.0,117.0,107.0,119.0,89.66666666666667,102.33333333333333,-0.173469387755102
Karachi,2026-03-30 17:29:07.097653,67,29.575286255368155,37.977485526794084,46.45163758502697,15.654544971204054,1.7104628231143548,28.035562680883636,79.09971427555303,5.137409960269236,1009.245553883995,17,0,3,0,81.0,90.0,96.0,84.0,82.0,97.5,-0.1728395061728395
Karachi,2026-03-30 18:29:07.097653,93,31.67909225706559,55.06915410370746,17.103644013158046,37.110382157273094,2.397858892437349,31.913691833344185,48.32831250422031,2.2553632928590317,1014.5373250012615,18,0,3,0,67.0,98.0,132.0,88.0,80.33333333333333,91.0,0.3880597014925373
Karachi,2026-03-30 19:29:07.097653,100,35.87532209020751,59.05517580711212,26.369213140332313,52.01417829648065,2.147173890895434,32.10399142537812,42.44559126392435,6.130909319918224,1010.9572390495167,19,0,3,0,93.0,81.0,117.0,76.0,86.66666666666667,88.16666666666667,0.07526881720430101
Karachi,2026-03-30 20:29:07.097653,44,20.59473564835208,19.64750699967483,52.61499804087365,45.95568702749307,1.2372017831053008,34.3234732241939,59.77584715537786,4.097757031040667,1015.6027124340284,20,0,3,0,100.0,67.0,90.0,111.0,79.0,80.5,-0.56
Karachi,2026-03-30 21:29:07.097653,67,22.150794024783856,40.22600934160391,44.84322871481233,58.61793818260918,1.7183770431924348,33.18378118823446,82.68478569905197,2.211819042038846,1010.4037395403146,21,0,3,0,44.0,93.0,98.0,75.0,70.33333333333333,75.33333333333333,0.5227272727272727
Karachi,2026-03-30 22:29:07.097653,44,20.019871200351393,26.054573832809094,27.209605288612458,13.883875944753743,0.6895560282150675,34.61843757749909,77.74634183188473,5.320096857812818,1014.8397867682041,22,0,3,0,67.0,100.0,81.0,52.0,51.666666666666664,69.16666666666667,-0.34328358208955223
Karachi,2026-03-30 23:29:07.097653,43,10.650448749641775,28.15912866016834,16.81094763245966,29.91784271904393,1.5331488067691978,29.45305992762715,65.8577985244479,3.8907935442285715,1010.9499294698398,23,0,3,0,44.0,44.0,67.0,36.0,51.333333333333336,65.16666666666667,-0.022727272727272707
Karachi,2026-03-31 00:29:07.097653,41,20.686507517900125,25.344495847393077,24.57826149577301,67.34614037880715,2.4589222405045743,30.418228779266563,68.60688735826767,1.1348812231065892,1008.0899429281743,0,1,3,0,43.0,67.0,93.0,25.0,42.666666666666664,56.5,-0.046511627906976716
Karachi,2026-03-31 01:29:07.097653,38,9.062328892609738,29.221374596576315,20.625728207508814,15.592558145395259,1.440293253445549,27.39499879461783,46.49464131493777,6.71760527116103,1014.333579119731,1,1,3,0,41.0,44.0,100.0,54.0,40.666666666666664,46.166666666666664,-0.07317073170731703
Karachi,2026-03-31 02:29:07.097653,54,24.660324610653316,40.2363063117625,14.684910836911966,69.88401682871702,2.340804258218324,21.729419459856896,82.03407543087911,3.5189576461729533,1009.1326908315892,2,1,3,0,38.0,43.0,44.0,42.0,44.333333333333336,47.833333333333336,0.42105263157894735
Karachi,2026-03-31 03:29:07.097653,46,21.657172595525207,19.388540316320395,45.883310246111115,16.43272644539744,1.1961368251071736,21.092214722133765,79.34798414820985,3.0375923839709835,1014.5929147278821,3,1,3,0,54.0,41.0,67.0,37.0,46.0,44.333333333333336,-0.14814814814814814
Karachi,2026-03-31 04:29:07.097653,69,24.13888186253116,48.38429143674472,18.86384377675943,68.41179504241873,2.4974586198061886,20.700243932955665,72.82351969434714,1.2889346601887681,1017.2560944835694,4,1,3,0,46.0,38.0,44.0,55.0,56.333333333333336,48.5,0.5
Karachi,2026-03-31 05:29:07.097653,71,31.502875637498565,33.39842278623355,29.97921085922701,35.255188075510866,1.5742840775006273,21.567730650291075,63.30955181644693,5.359076535215476,1017.6924593421109,5,1,3,0,69.0,54.0,43.0,56.0,62.0,53.166666666666664,0.02898550724637672
Karachi,2026-03-31 06:29:07.097653,76,31.868523035469323,50.55231468330419,26.222269575985997,52.854634428005106,0.39299178731905604,18.99924288483872,88.22296341397562,4.034550854722613,1010.3592308732761,6,1,3,0,71.0,46.0,41.0,105.0,72.0,59.0,0.07042253521126751
Karachi,2026-03-31 07:29:07.097653,74,26.96623728801697,49.44858013109394,59.0142558249597,20.702098095359872,1.590860552721054,14.937591741926026,83.95159859382355,4.258476360590482,1016.0925322765065,7,1,3,0,76.0,69.0,38.0,100.0,73.66666666666667,65.0,-0.02631578947368418
Karachi,2026-03-31 08:29:07.097653,86,29.49659859620897,36.51852289158497,26.51007342815213,14.63181052076266,0.9040599304951127,16.71936754390568,72.22152467573093,1.984937312948463,1011.5355327687244,8,1,3,0,74.0,71.0,54.0,94.0,78.66666666666667,70.33333333333333,0.16216216216216206
Karachi,2026-03-31 09:29:07.097653,112,35.204500270830216,68.27027706602495,9.399036553821514,25.115674281409454,0.37145890847896834,21.308206287273514,58.590049885864396,4.668201143820137,1017.0045707274799,9,1,3,0,86.0,76.0,46.0,123.0,90.66666666666667,81.33333333333333,0.30232558139534893
Karachi,2026-03-31 10:29:07.097653,113,47.14605820765802,64.3487430498568,9.940416391464622,18.949767253608687,2.1058772703282593,18.29424343940621,70.90111393407562,4.823627187141604,1015.8748956862937,10,1,3,0,112.0,74.0,69.0,107.0,103.66666666666667,88.66666666666667,0.008928571428571397
Karachi,2026-03-31 11:29:07.097653,94,29.90176458986724,50.51854560653327,37.49145467441856,31.868412837574226,0.9066052013576631,18.68849460036283,68.77204632653327,1.662443522437755,1008.7392171664576,11,1,3,0,113.0,86.0,71.0,96.0,106.33333333333333,92.5,-0.16814159292035402
Karachi,2026-03-31 12:29:07.097653,111,45.0727148297819,77.70080939445508,37.964995345604606,46.00682725577141,2.0524068189022966,21.98347928151244,59.712099391745824,0.16601972063801806,1012.0713699387728,12,1,3,0,94.0,112.0,76.0,132.0,106.0,98.33333333333333,0.18085106382978733
Karachi,2026-03-31 13:29:07.097653,120,46.782191575288316,66.91971585844998,28.031744476546024,51.213162449550666,0.9340786825029073,24.456233798343774,55.333698584403805,4.162746118677848,1011.3731782600968,13,1,3,0,111.0,113.0,74.0,117.0,108.33333333333333,106.0,0.08108108108108114
Karachi,2026-03-31 14:29:07.097653,80,35.77158703587601,42.112794305083156,28.751403077161633,65.29076751658201,0.7275179785223034,24.087663305039882,60.35053961186612,0.14669389921147946,1015.8518102072328,14,1,3,0,120.0,94.0,86.0,90.0,103.66666666666667,105.0,-0.33333333333333337
Karachi,2026-03-31 15:29:07.097653,109,42.23521503106886,66.22372331281801,7.966292056247917,55.9367925273851,2.4426582630297404,28.07570190956304,68.69557030166989,3.3040315556755586,1012.1028571065316,15,1,3,0,80.0,111.0,112.0,98.0,103.0,104.5,0.36250000000000004
Karachi,2026-03-31 16:29:07.097653,85,32.37701851458946,56.52110413987471,33.41005807140942,52.61308275906871,1.095619721061043,28.34222100665838,61.40674223555472,2.1055097904253857,1014.8458839765308,16,1,3,0,109.0,120.0,113.0,81.0,91.33333333333333,99.83333333333333,-0.22018348623853212
Karachi,2026-03-31 17:29:07.097653,96,42.18877407423069,56.660942141102794,32.760671145919346,38.82474192400423,1.6230276651749531,32.09550945315126,53.178724410069194,5.437330421577842,1014.0243525559044,17,1,3,0,85.0,80.0,94.0,67.0,96.66666666666667,100.16666666666667,0.12941176470588234
Karachi,2026-03-31 18:29:07.097653,68,29.095735206165482,50.461631956471365,13.225212520631949,43.16659044720971,1.6419592841918376,32.267589546218076,78.04816588804044,2.2143122184655857,1017.7563871909763,18,1,3,0,96.0,109.0,111.0,93.0,83.0,93.0,-0.29166666666666663
Karachi,2026-03-31 19:29:07.097653,45,19.645658640696528,31.345123577886678,10.711166236101016,39.016458057312676,1.5330416607817041,33.69134226441833,66.57337479787064,5.214545944007608,1017.3778495680161,19,1,3,0,68.0,85.0,120.0,100.0,69.66666666666667,80.5,-0.3382352941176471
Karachi,2026-03-31 20:29:07.097653,40,18.581083321743662,6.926427501200102,11.796486982971977,68.95162210429682,2.312330635746672,31.48163290766499,43.38375816128,1.9715811112739476,1012.2769951473872,20,1,3,0,45.0,96.0,80.0,44.0,51.0,73.83333333333333,-0.11111111111111116
Karachi,2026-03-31 21:29:07.097653,59,16.1253676896942,31.469106750538526,10.556553557019217,26.10003167838799,1.7837703570071108,31.08483384216683,58.415825281306276,4.999982010119222,1015.2357821164115,21,1,3,0,40.0,68.0,109.0,67.0,48.0,65.5,0.4750000000000001
Karachi,2026-03-31 22:29:07.097653,57,26.94997356485054,30.254308452559854,38.53395075452179,10.400465207937524,1.1882126090308465,33.8191978395943,84.24567286059968,7.1206830876736635,1016.2946009398122,22,1,3,0,59.0,45.0,85.0,44.0,52.0,60.833333333333336,-0.03389830508474578
Karachi,2026-03-31 23:29:07.097653,37,18.04533430397274,26.30937312829247,15.806545882160524,55.59239280583675,2.197236845953403,30.498061486721394,77.76182655999759,0.8639057232675191,1016.9888575386215,23,1,3,0,57.0,40.0,96.0,43.0,51.0,51.0,-0.3508771929824561
Karachi,2026-04-01 00:29:07.097653,59,18.74813910978176,14.748795678003468,18.828658370310492,24.1723528547182,0.6983383780551218,29.57006948419872,56.16233919720035,3.584071443461816,1008.6813426377648,0,2,4,0,37.0,59.0,68.0,41.0,51.0,49.5,0.5945945945945945
Karachi,2026-04-01 01:29:07.097653,26,9.219367342546414,36.05173223611791,14.546467928329186,72.30805954168665,1.4973208667429185,26.457761506647127,86.90915760222546,8.49756483182013,1011.020787992735,1,2,4,0,59.0,57.0,45.0,38.0,40.666666666666664,46.333333333333336,-0.5593220338983051
Karachi,2026-04-01 02:29:07.097653,53,21.014679924564682,36.06503330320793,57.68094174466767,70.13324307946593,2.391210818276264,26.79745354802729,43.83014541791051,3.1331776538058436,1011.2023004096852,2,2,4,0,26.0,37.0,40.0,54.0,46.0,48.5,1.0384615384615383
Karachi,2026-04-01 03:29:07.097653,40,15.576137505178028,25.563946572121566,52.00396047335094,15.370916034974412,1.675874785736908,21.713827679120516,88.06173519460944,3.1235765404592963,1012.3444595121988,3,2,4,0,53.0,59.0,59.0,46.0,39.666666666666664,45.333333333333336,-0.24528301886792447
Karachi,2026-04-01 04:29:07.097653,55,23.75828318602972,42.58601676113374,17.67721605433365,17.447188378985416,2.0973305910447277,20.728797520198235,52.28525462423379,4.576997894702039,1009.6926475071542,4,2,4,0,40.0,26.0,57.0,69.0,49.333333333333336,45.0,0.375
Karachi,2026-04-01 05:29:07.097653,72,36.33539739582416,62.517077652503346,23.01614616571693,44.662011457266644,1.7378335961994245,20.915131375913884,40.45470901512096,3.0821617281895084,1012.9620587995,5,2,4,0,55.0,53.0,37.0,71.0,55.666666666666664,50.833333333333336,0.3090909090909091
Karachi,2026-04-01 06:29:07.097653,67,32.246353446660436,47.22225286915166,16.544106326774845,52.64558639385483,2.146615899783359,20.41773216805302,61.69040182591634,0.41445198914110515,1014.6321432729845,6,2,4,0,72.0,40.0,59.0,76.0,64.66666666666667,52.166666666666664,-0.06944444444444442
Karachi,2026-04-01 07:29:07.097653,81,26.237399308694272,56.788247685549905,32.05317777034531,29.24358362375685,2.377873335659536,16.225074807634087,57.94852148435044,5.264574749677877,1012.9736392021672,7,2,4,0,67.0,55.0,26.0,74.0,73.33333333333333,61.333333333333336,0.20895522388059695
Karachi,2026-04-01 08:29:07.097653,110,47.14810680681689,67.10215547864502,6.078579286083947,60.17584016895594,0.900427800572021,20.919367963911768,66.95445026033968,1.0058968277303855,1014.6579309519761,8,2,4,0,81.0,72.0,53.0,86.0,86.0,70.83333333333333,0.3580246913580247
Karachi,2026-04-01 09:29:07.097653,92,43.66859675477673,54.40368920871393,41.92524048932376,51.644121464321,0.6732543787647816,17.899076777074686,79.83864302849227,2.1664166977233164,1008.664416318179,9,2,4,0,110.0,67.0,40.0,112.0,94.33333333333333,79.5,-0.1636363636363637
Karachi,2026-04-01 10:29:07.097653,118,49.34050012125013,67.30332272466696,33.77369823997029,32.73768768239883,1.364779650731588,15.985940246107017,82.12154010752235,5.414851498313297,1016.7598733170742,10,2,4,0,92.0,81.0,55.0,113.0,106.66666666666667,90.0,0.28260869565217384
Karachi,2026-04-01 11:29:07.097653,92,42.26777091345294,48.61040724756833,54.425141056560676,11.776004162962092,1.844097339013275,20.081249847687555,60.061499980584586,2.2869151427144283,1017.3906919210107,11,2,4,0,118.0,110.0,72.0,94.0,100.66666666666667,93.33333333333333,-0.22033898305084743
Karachi,2026-04-01 12:29:07.097653,117,57.24017729599552,65.27212480364156,14.041597638062777,62.51051969089624,0.7998207570008755,20.234001571033083,61.49228718531751,1.6126070150711918,1014.1790742411865,12,2,4,0,92.0,92.0,67.0,111.0,109.0,101.66666666666667,0.2717391304347827
Karachi,2026-04-01 13:29:07.097653,130,57.359069369951136,67.55633474438048,49.22600853336224,25.03275660775579,0.30902319094636754,23.79758461354619,47.408886516473686,4.758527810333121,1016.813909986369,13,2,4,0,117.0,118.0,81.0,120.0,113.0,109.83333333333333,0.11111111111111116
Karachi,2026-04-01 14:29:07.097653,68,28.80898082285817,40.736685161494094,48.55785579566937,68.41316204238399,1.0544572548407518,24.914287504679322,42.377380444058176,1.2977704263312269,1009.3144601664821,14,2,4,0,130.0,92.0,110.0,80.0,105.0,102.83333333333333,-0.4769230769230769
Karachi,2026-04-01 15:29:07.097653,89,40.92935221183947,40.07852414431247,11.994965406928781,39.42031820379786,2.4314905380291347,27.219099741200456,72.06074951175123,0.5555485608160926,1015.9744892007631,15,2,4,0,68.0,117.0,92.0,109.0,95.66666666666667,102.33333333333333,0.3088235294117647
Karachi,2026-04-01 16:29:07.097653,103,42.1868719285677,63.72098133777454,26.920757327927017,50.39542098422358,1.828928413332863,27.17681324682771,43.221881277634616,3.5490279749865667,1009.191481934726,16,2,4,0,89.0,130.0,118.0,85.0,86.66666666666667,99.83333333333333,0.1573033707865168
Karachi,2026-04-01 17:29:07.097653,84,34.00707144139707,50.540689473119706,14.358395262948429,71.10641112863013,1.1829159766706927,32.6369767109251,76.69150597107279,2.6341534031748184,1012.0801023149754,17,2,4,0,103.0,68.0,92.0,96.0,92.0,98.5,-0.18446601941747576
Karachi,2026-04-01 18:29:07.097653,85,32.46980406165919,52.515795247435285,19.00962752516519,70.45361006439674,0.7236674141630488,29.61594849597344,66.95450725111237,0.5126537716223161,1011.2381853455828,18,2,4,0,84.0,89.0,117.0,68.0,90.66666666666667,93.16666666666667,0.011904761904761862
Karachi,2026-04-01 19:29:07.097653,63,33.087327132635366,33.728337947552305,19.47853961567994,36.00637026705013,1.0833972822604434,30.50987681950256,49.92914891130417,4.27390507998974,1013.8559182522046,19,2,4,0,85.0,103.0,130.0,45.0,77.33333333333333,82.0,-0.2588235294117647
Karachi,2026-04-01 20:29:07.097653,66,22.427395395127398,64.39419104870014,35.5930016714175,24.622222490039018,0.6736467532627455,33.73472069829497,66.97614717563248,3.9289752111544676,1011.0151453523953,20,2,4,0,63.0,84.0,68.0,40.0,71.33333333333333,81.66666666666667,0.04761904761904767
Karachi,2026-04-01 21:29:07.097653,56,30.24249383679954,44.751910021555936,27.627601246825602,64.26022544100164,0.5338728068884931,35.93309510466849,49.14988583010494,2.280489966788736,1014.3731362966713,21,2,4,0,66.0,85.0,89.0,59.0,61.666666666666664,76.16666666666667,-0.1515151515151515
Karachi,2026-04-01 22:29:07.097653,71,31.113708143247443,32.96524128614059,57.12530422034679,40.31561425214918,2.2948332196596186,31.223017036146697,61.936860375520595,2.417335987750107,1011.6738728915195,22,2,4,0,56.0,63.0,103.0,57.0,64.33333333333333,70.83333333333333,0.2678571428571428
Karachi,2026-04-01 23:29:07.097653,54,14.938884270328753,34.766067415922876,11.950357807085283,23.442939549130287,2.494830744426042,32.05879889490031,79.97801581211144,3.940785484018313,1016.6079038103046,23,2,4,0,71.0,66.0,84.0,37.0,60.333333333333336,65.83333333333333,-0.23943661971830987
Karachi,2026-04-02 00:29:07.097653,55,23.863862437408326,28.174374815178233,58.55306741676093,73.30977396220052,0.6610517671107388,31.14668035372709,63.09596467053187,5.380722839504132,1014.3388384021961,0,3,4,0,54.0,56.0,85.0,59.0,60.0,60.833333333333336,0.0185185185185186
Karachi,2026-04-02 01:29:07.097653,44,7.437495749538256,18.79060461803525,17.685125211784516,23.867293596876117,0.4199496295322154,28.699921235408304,47.43496591487741,2.43441357978135,1010.1529829732144,1,3,4,0,55.0,71.0,63.0,26.0,51.0,57.666666666666664,-0.19999999999999996
Karachi,2026-04-02 02:29:07.097653,46,21.809597894306954,17.302510146236184,47.50806650100192,11.806501773386175,1.0254084357216673,24.377583421652638,76.19143409114726,4.309376986016289,1011.3612942202809,2,3,4,0,44.0,54.0,66.0,53.0,48.333333333333336,54.333333333333336,0.045454545454545414
Karachi,2026-04-02 03:29:07.097653,52,25.34552691378866,34.836787774339584,23.643345939505178,11.419598163719398,1.3156501976751138,20.74735420479168,49.33842081350044,4.130400434169198,1016.4742088762665,3,3,4,0,46.0,55.0,56.0,40.0,47.333333333333336,53.666666666666664,0.13043478260869557
Karachi,2026-04-02 04:29:07.097653,70,25.404933076009513,37.09902740084807,12.869476747952266,53.5620749517985,0.7506067435668798,16.58490486865729,76.92749371850547,4.758614585417953,1011.8647974998746,4,3,4,0,52.0,44.0,71.0,55.0,56.0,53.5,0.34615384615384626
Karachi,2026-04-02 05:29:07.097653,65,26.986003053626085,47.29500505297389,52.18390518854319,56.31725425022712,0.9631348059568285,18.817464751582833,63.967614460791665,3.0786183974869306,1013.3579906556564,5,3,4,0,70.0,46.0,54.0,72.0,62.333333333333336,55.333333333333336,-0.0714285714285714
Karachi,2026-04-02 06:29:07.097653,84,43.509436310129914,58.558231428311224,21.987349458005475,31.772919353988875,0.7419156185216469,20.427971506848838,62.68708795471508,1.1753489718672843,1014.4894193595234,6,3,4,0,65.0,52.0,55.0,67.0,73.0,60.166666666666664,0.2923076923076924
Karachi,2026-04-02 07:29:07.097653,118,45.02949981179321,82.32866508134592,41.23704723247632,32.400769247294434,2.003373250551393,15.024261420163587,82.57175189287373,2.0750016936000613,1011.4780964958592,7,3,4,0,84.0,70.0,44.0,81.0,89.0,72.5,0.40476190476190466
Karachi,2026-04-02 08:29:07.097653,108,37.93221028530716,58.021028202292406,36.15440267976446,33.76457405419599,1.8676714751439738,18.40041969503753,75.43017621703343,3.685706931563296,1010.9397863075807,8,3,4,0,118.0,65.0,46.0,110.0,103.33333333333333,82.83333333333333,-0.0847457627118644
Karachi,2026-04-02 09:29:07.097653,96,45.93745719354452,61.59663515738337,30.94659701649809,57.611098273121506,1.69689333467416,15.37228832958371,41.64553984774696,6.6369287567631865,1012.7525490260803,9,3,4,0,108.0,84.0,52.0,92.0,107.33333333333333,90.16666666666667,-0.11111111111111116
Karachi,2026-04-02 10:29:07.097653,123,59.41252433105091,79.45901630073381,32.27007099566965,14.069365371878,1.1518792855742506,18.28394192249817,54.80871573008012,2.031960753607443,1010.1488097209279,10,3,4,0,96.0,118.0,70.0,118.0,109.0,99.0,0.28125
Karachi,2026-04-02 11:29:07.097653,102,41.16113603657875,57.92056111517755,45.273085275075815,75.03814468839279,2.299890070891319,20.758728978817654,83.54603304249494,4.609574887054798,1010.8421058691906,11,3,4,0,123.0,108.0,65.0,92.0,107.0,105.16666666666667,-0.1707317073170732
Karachi,2026-04-02 12:29:07.097653,79,36.82856796597466,41.482703524256316,9.827510276789232,25.576473092421253,2.432971591377044,19.681009126323143,40.916308427259935,2.34388709864648,1008.6207848403203,12,3,4,0,102.0,96.0,84.0,117.0,101.33333333333333,104.33333333333333,-0.22549019607843135
Karachi,2026-04-02 13:29:07.097653,93,44.249971627618805,69.19005340115437,41.749936407684785,79.97712436694646,0.6820064877759064,23.270417000573662,67.26267231309852,3.2209375117722714,1011.03970275971,13,3,4,0,79.0,123.0,118.0,130.0,91.33333333333333,100.16666666666667,0.17721518987341778
Karachi,2026-04-02 14:29:07.097653,77,27.455132156566208,48.57129698474362,54.26966557692183,22.006588565103087,0.7906278111061318,24.169817326549342,76.39128345869719,6.030793498527185,1011.2070409336357,14,3,4,0,93.0,102.0,108.0,68.0,83.0,95.0,-0.17204301075268813
Karachi,2026-04-02 15:29:07.097653,95,35.94967129315138,62.652042710679986,8.178350836092529,64.00825201186643,1.4563882616008135,28.48084967869652,71.0928042742288,4.528585162840867,1017.6183316629132,15,3,4,0,77.0,79.0,96.0,89.0,88.33333333333333,94.83333333333333,0.23376623376623384
Karachi,2026-04-02 16:29:07.097653,95,44.26488284091099,50.58915731808255,12.735933657851671,25.638878145073754,0.5007512524209397,29.470634336969276,78.02661010522182,0.5174014545180863,1013.8972882546587,16,3,4,0,95.0,93.0,123.0,103.0,89.0,90.16666666666667,0.0
Karachi,2026-04-02 17:29:07.097653,112,53.589523808424495,57.99240289014537,44.414756518611725,15.659276115027778,1.2601864774108482,30.769869598350915,76.28459244573729,1.8550499523768182,1015.8738242541581,17,3,4,0,95.0,77.0,102.0,84.0,100.66666666666667,91.83333333333333,0.17894736842105252
Karachi,2026-04-02 18:29:07.097653,84,36.77596854345675,46.38674816794059,29.050490653453966,71.24533270454542,1.5799407825109624,35.04490315055946,74.60153475765566,5.512442688882718,1008.4537725278033,18,3,4,0,112.0,95.0,79.0,85.0,97.0,92.66666666666667,-0.25
Karachi,2026-04-02 19:29:07.097653,68,23.180496518406294,40.37718132975487,27.19517414475286,70.11258814336243,1.448561856502133,34.05201889504915,81.07699304628261,3.2837560852569907,1009.0653669360837,19,3,4,0,84.0,95.0,93.0,63.0,88.0,88.5,-0.19047619047619047
Karachi,2026-04-02 20:29:07.097653,77,40.911739045598146,37.950890176112615,12.533164899932972,38.24992747147209,1.0279988827716573,31.619296267747423,72.28453342247693,0.702319760768273,1016.145369608626,20,3,4,0,68.0,112.0,77.0,66.0,76.33333333333333,88.5,0.13235294117647056
Karachi,2026-04-02 21:29:07.097653,25,7.593052282654304,15.293101688368122,32.872352239478346,59.16772997782988,1.4933807733698552,32.555678808717026,60.1209247128491,1.3620951100525582,1014.2354954941763,21,3,4,0,77.0,84.0,95.0,56.0,56.666666666666664,76.83333333333333,-0.6753246753246753
Karachi,2026-04-02 22:29:07.097653,57,21.345693597380876,21.0240322503092,11.959992115800748,48.9946152878742,2.4093620993694653,31.77640566011619,63.59545549572938,4.406987045422344,1009.909820305402,22,3,4,0,25.0,68.0,95.0,71.0,53.0,70.5,1.2799999999999998
Karachi,2026-04-02 23:29:07.097653,62,26.74577042030109,28.590742492020496,31.214125097079723,69.7069279571624,0.7532382894410273,30.817493394742804,75.83623913407253,4.988820562435261,1012.0479540586174,23,3,4,0,57.0,77.0,112.0,54.0,48.0,62.166666666666664,0.08771929824561409
Karachi,2026-04-03 00:29:07.097653,27,18.899284628894822,22.060013774196428,46.99884144289112,32.05391785230581,1.7406289884668082,34.049018553214985,83.8153014833397,3.035710602964349,1013.3867249998162,0,4,4,0,62.0,25.0,84.0,55.0,48.666666666666664,52.666666666666664,-0.564516129032258
Karachi,2026-04-03 01:29:07.097653,68,31.54129422653388,45.73744567788229,19.204539683793993,46.65706799992896,0.39547272714331405,27.81225614624216,53.61094004198878,7.950627601872204,1016.4360982913744,1,4,4,0,27.0,57.0,68.0,44.0,52.333333333333336,52.666666666666664,1.5185185185185186
Karachi,2026-04-03 02:29:07.097653,59,25.713001101362774,32.322996276234896,31.443239249885,43.97606598431853,0.44611608985915685,20.928194859790448,57.10383979855354,4.648304726911277,1008.6041199169449,2,4,4,0,68.0,62.0,77.0,46.0,51.333333333333336,49.666666666666664,-0.13235294117647056
Karachi,2026-04-03 03:29:07.097653,52,23.339433792947155,23.392372240919308,59.56087831682596,34.773407837980116,1.514022093291887,21.8438496957459,86.53696981812064,2.513037860734199,1013.9672228936736,3,4,4,0,59.0,27.0,25.0,52.0,59.666666666666664,54.166666666666664,-0.11864406779661019
Karachi,2026-04-03 04:29:07.097653,74,30.01426453985504,36.475808382748475,42.76577328447205,72.40185451894607,0.5308661967214888,17.135255825008382,68.92558962047227,1.3685879038013116,1015.1703592158668,4,4,4,0,52.0,68.0,57.0,70.0,61.666666666666664,57.0,0.42307692307692313
Karachi,2026-04-03 05:29:07.097653,106,45.30902617818866,60.791346940863676,51.27462242178592,21.611454726377485,0.34916293453908614,18.683549236415942,48.94809085675005,1.0502313907219172,1017.7789185791046,5,4,4,0,74.0,59.0,62.0,65.0,77.33333333333333,64.33333333333333,0.43243243243243246
Karachi,2026-04-03 06:29:07.097653,82,20.44339714187946,54.79294422868879,27.816618360830017,20.46560476644873,0.6773285948256489,14.097176310271632,73.18475694561914,3.670842640960739,1016.0716007829218,6,4,4,0,106.0,52.0,27.0,84.0,87.33333333333333,73.5,-0.2264150943396226
Karachi,2026-04-03 07:29:07.097653,91,35.11211476368327,62.318693619303,47.23235077192204,50.38366747259259,1.542668176199064,15.529412447550598,89.53810777696899,2.0224459101731864,1010.7622731356528,7,4,4,0,82.0,74.0,68.0,118.0,93.0,77.33333333333333,0.10975609756097571
Karachi,2026-04-03 08:29:07.097653,88,36.450444277342434,48.89349802028205,7.228004511772701,56.02459609894594,1.8473500999416514,13.95855694073176,81.17267822352,6.34748750796685,1015.0957919387827,8,4,4,0,91.0,106.0,59.0,108.0,87.0,82.16666666666667,-0.03296703296703296
Karachi,2026-04-03 09:29:07.097653,88,29.631144739352283,43.85138332829645,11.760115039823475,23.623347802719564,0.7454528411110359,18.040913745622408,77.28705682757013,5.932623605835719,1015.6327788492698,9,4,4,0,88.0,82.0,52.0,96.0,89.0,88.16666666666667,0.0
Karachi,2026-04-03 10:29:07.097653,118,49.30593633373654,73.20422871994876,16.16888261060342,37.35022095782369,1.770170761857984,18.07287549498225,50.40233271331346,4.266133094994455,1015.297354999184,10,4,4,0,88.0,91.0,74.0,123.0,98.0,95.5,0.34090909090909083
Karachi,2026-04-03 11:29:07.097653,96,37.43225085508501,51.09363067501663,27.107355853837074,76.25946900851206,0.7014479284183046,19.949070365505083,83.80698923420036,0.6420076540862087,1016.2014406795187,11,4,4,0,118.0,88.0,106.0,102.0,100.66666666666667,93.83333333333333,-0.18644067796610164
Karachi,2026-04-03 12:29:07.097653,111,53.20677591489381,62.49807502408491,51.51596830791697,27.26321958834718,1.6496063385887658,20.79089722286295,66.28944217677733,1.65556225489519,1017.0372997621364,12,4,4,0,96.0,88.0,82.0,79.0,108.33333333333333,98.66666666666667,0.15625
Karachi,2026-04-03 13:29:07.097653,101,48.590263860952405,71.68995657581348,24.044632793336177,56.78524914821759,1.2063112957707576,20.140852138771,84.46450110359778,5.511355051482202,1008.9842986898934,13,4,4,0,111.0,118.0,91.0,93.0,102.66666666666667,100.33333333333333,-0.09009009009009006
Karachi,2026-04-03 14:29:07.097653,113,42.937155954300806,74.51619912836357,41.00416564335046,61.81045755883136,1.738358920533957,26.027042738509472,56.491391471243965,1.873867600409796,1009.0476385768112,14,4,4,0,101.0,96.0,88.0,77.0,108.33333333333333,104.5,0.11881188118811892
Karachi,2026-04-03 15:29:07.097653,106,41.73306544812679,64.994675506952,44.01228621419159,41.36900896256117,2.489116055454344,30.91500148135907,43.10255263177164,5.244283467839049,1015.9639998877064,15,4,4,0,113.0,111.0,88.0,95.0,106.66666666666667,107.5,-0.06194690265486724
Karachi,2026-04-03 16:29:07.097653,110,43.855501837505436,56.16250748941931,37.24002947485878,75.62681907317081,2.363197323511636,29.818425157213092,63.798798432987304,3.949207846069522,1010.5237247652148,16,4,4,0,106.0,101.0,118.0,95.0,109.66666666666667,106.16666666666667,0.037735849056603765
Karachi,2026-04-03 17:29:07.097653,80,29.787432767303656,49.75976776191792,24.64830824935749,61.565971465315336,0.309419867239428,29.805005050857247,53.491880240893884,3.103435769626375,1008.5854142195008,17,4,4,0,110.0,113.0,96.0,112.0,98.66666666666667,103.5,-0.2727272727272727
Karachi,2026-04-03 18:29:07.097653,75,31.35587530838041,54.072383908659866,36.73793379424494,42.054720590262846,2.2479652815970725,29.072068878064616,75.76146448881491,1.5943343741291178,1012.012291809806,18,4,4,0,80.0,106.0,111.0,84.0,88.33333333333333,97.5,-0.0625
Karachi,2026-04-03 19:29:07.097653,57,19.230178819637956,31.527314419989573,23.824607603436043,49.85346412432658,0.44627974938448634,30.91127266879262,87.85532764280163,2.8115123129504966,1016.1987691182608,19,4,4,0,75.0,110.0,101.0,68.0,70.66666666666667,90.16666666666667,-0.24
Karachi,2026-04-03 20:29:07.097653,58,17.681163764855704,45.810273379208724,9.613055620360665,58.482941039757044,2.3967024895516587,33.90607931314412,74.5487075575782,3.379295909749796,1009.2656502381398,20,4,4,0,57.0,80.0,113.0,77.0,63.333333333333336,81.0,0.01754385964912286
Karachi,2026-04-03 21:29:07.097653,64,28.89207770353189,49.00974469219147,59.60421880023079,51.453312630045275,0.9200164940193063,34.8736426639113,84.34669648546017,5.065077796602243,1014.7184197180446,21,4,4,0,58.0,75.0,106.0,25.0,59.666666666666664,74.0,0.10344827586206895
Karachi,2026-04-03 22:29:07.097653,65,29.297274775567903,52.534302938836056,11.9950349497881,71.50883086782531,1.1404766269047961,32.449935579719465,62.65120068006031,1.2285287987324907,1008.0361586177157,22,4,4,0,64.0,57.0,110.0,57.0,62.333333333333336,66.5,0.015625
Karachi,2026-04-03 23:29:07.097653,37,10.854319341165464,24.75579222144896,8.979161110983155,34.98220635962808,0.5016040513866012,32.25662882890435,78.58203685976508,2.47436631494777,1009.0973744721244,23,4,4,0,65.0,58.0,80.0,62.0,55.333333333333336,59.333333333333336,-0.4307692307692308
Karachi,2026-04-04 00:29:07.097653,63,29.69441267444696,42.52558687939904,53.319191206393576,30.992001803906344,0.5470000683236012,30.41535648805448,82.15217183358517,3.0896462638645694,1011.5085034576849,0,5,4,1,37.0,64.0,75.0,27.0,55.0,57.333333333333336,0.7027027027027026
Karachi,2026-04-04 01:29:07.097653,71,25.384828591534234,54.127574162690046,21.60090634910923,24.9687222646685,1.8988292435045033,28.083621143592,75.54378137917712,4.32535671537233,1008.8360228102441,1,5,4,1,63.0,65.0,57.0,68.0,57.0,59.666666666666664,0.12698412698412698
Karachi,2026-04-04 02:29:07.097653,60,25.354130764118846,39.71160835744521,40.76633357404292,12.644807764521659,2.3775309186462414,23.683052809477488,65.38886430347823,1.1830713249544462,1016.4590166743711,2,5,4,1,71.0,37.0,58.0,59.0,64.66666666666667,60.0,-0.15492957746478875
Karachi,2026-04-04 03:29:07.097653,86,38.87721356417211,48.15336738934304,23.095315131422808,13.010977506603874,1.643646688899481,23.277294663130135,71.2933054807684,0.3668604142255698,1016.6407050314547,3,5,4,1,60.0,63.0,64.0,52.0,72.33333333333333,63.666666666666664,0.43333333333333335
Karachi,2026-04-04 04:29:07.097653,53,21.18920198186,28.447554515844953,26.529984893695914,70.9038635176498,1.8748700341589846,19.303244392235722,75.02534978394402,4.3479303034201,1015.5557070309952,4,5,4,1,86.0,71.0,65.0,74.0,66.33333333333333,61.666666666666664,-0.38372093023255816
Karachi,2026-04-04 05:29:07.097653,53,23.69994779960692,34.04780448854178,19.416213460923807,57.48752024841351,1.9763334381137379,19.378003656423825,52.65422016107134,0.03589822989340652,1010.4247963139562,5,5,4,1,53.0,60.0,37.0,106.0,64.0,64.33333333333333,0.0
Karachi,2026-04-04 06:29:07.097653,53,18.74553028713647,21.667026384291745,23.86742031861556,56.23726908055403,0.8781914040164718,18.733523831858314,80.47896304574924,5.569959429524337,1013.2324707523998,6,5,4,1,53.0,86.0,63.0,82.0,53.0,62.666666666666664,0.0
Karachi,2026-04-04 07:29:07.097653,110,43.099761493024864,64.97707029233447,27.58852203225987,53.02499732544202,0.3995051880244728,20.630161004461165,87.51622694836367,2.688147805034184,1009.8418852552337,7,5,4,1,53.0,53.0,71.0,91.0,72.0,69.16666666666667,1.0754716981132075
Karachi,2026-04-04 08:29:07.097653,104,40.896896783722646,71.66166785302855,44.62288380007886,69.44534012858733,0.30412003662217085,14.380536051264736,63.2619657589968,0.09506216454889271,1010.8127845007311,8,5,4,1,110.0,53.0,60.0,88.0,89.0,76.5,-0.054545454545454564
Karachi,2026-04-04 09:29:07.097653,100,36.41888161607464,42.69762921384151,33.13449068291355,43.618684796593925,1.071428422498841,18.235608651670066,75.05335915549387,2.039159561193012,1013.1600529217379,9,5,4,1,104.0,53.0,86.0,88.0,104.66666666666667,78.83333333333333,-0.038461538461538436
Karachi,2026-04-04 10:29:07.097653,110,43.18824578775328,78.3840317193544,56.89608694363373,70.92875799908103,0.8312213020382755,21.034269952971684,76.85129528951771,3.7582472661384743,1015.350138084608,10,5,4,1,100.0,110.0,53.0,118.0,104.66666666666667,88.33333333333333,0.10000000000000009
Karachi,2026-04-04 11:29:07.097653,92,29.095084137359834,64.23625719714312,7.303421661132653,35.161151832756744,0.43709899510820843,20.860841282185213,73.11237737607402,1.9345978248900446,1008.9465438039364,11,5,4,1,110.0,104.0,53.0,96.0,100.66666666666667,94.83333333333333,-0.1636363636363637
Karachi,2026-04-04 12:29:07.097653,146,56.21874314199044,84.33365088990762,32.66875774476155,74.86952530373634,0.6949622434860669,22.665890885650082,67.35575541643178,3.040059497648695,1010.9669669762809,12,5,4,1,92.0,100.0,53.0,111.0,116.0,110.33333333333333,0.5869565217391304
Karachi,2026-04-04 13:29:07.097653,110,42.94205954047183,70.89678213395474,37.1323633857445,58.90598860568681,0.5738975761894851,24.104837442915457,84.08239772874053,4.480156731410573,1017.2662134857193,13,5,4,1,146.0,110.0,110.0,101.0,116.0,110.33333333333333,-0.2465753424657534
Karachi,2026-04-04 14:29:07.097653,107,41.76777485056572,64.59819223481455,55.61083423408507,28.002399521709908,2.312732437358215,27.596668979550834,62.446335463444726,2.595619329224761,1012.2912331778189,14,5,4,1,110.0,92.0,104.0,113.0,121.0,110.83333333333333,-0.027272727272727226
Karachi,2026-04-04 15:29:07.097653,112,43.63239388827683,77.09974462395554,7.703718799178517,49.48594451820376,0.6085878696101716,24.89559602459543,43.05514782433018,1.1258846470677328,1017.3886967390931,15,5,4,1,107.0,146.0,100.0,106.0,109.66666666666667,112.83333333333333,0.04672897196261672
Karachi,2026-04-04 16:29:07.097653,102,40.57723439111964,69.19054822778995,36.542477171436886,47.31213930417789,1.4828266207728944,26.22814666805951,82.22781878560801,2.402032005256318,1017.9140054155214,16,5,4,1,112.0,110.0,110.0,110.0,107.0,111.5,-0.0892857142857143
Karachi,2026-04-04 17:29:07.097653,91,38.84634027733536,43.47313324489349,51.94964606903764,19.652917521123378,1.6048331012467623,30.644185968561867,73.69906361582753,5.8296802729185195,1013.2665982611142,17,5,4,1,102.0,107.0,92.0,80.0,101.66666666666667,111.33333333333333,-0.10784313725490191
Karachi,2026-04-04 18:29:07.097653,68,31.629738637990744,45.58382920870561,18.306025046558013,51.38700340254299,1.4956768069589945,27.605879023132086,82.46293132498232,6.370128690666368,1010.8804400978485,18,5,4,1,91.0,112.0,146.0,75.0,87.0,98.33333333333333,-0.25274725274725274
Karachi,2026-04-04 19:29:07.097653,79,28.47415546734439,45.93944957323261,53.19607916881656,32.034993660187055,0.5179241552751735,35.18869821866857,46.927372122234715,1.0398523478845503,1015.9077680857258,19,5,4,1,68.0,102.0,110.0,57.0,79.33333333333333,93.16666666666667,0.16176470588235303
Karachi,2026-04-04 20:29:07.097653,93,31.276142701904483,56.60088103242011,6.04738751008605,13.66441367667217,1.0013563958512126,35.44143039099088,41.53764702548582,5.182055818382954,1009.5931073552501,20,5,4,1,79.0,91.0,107.0,58.0,80.0,90.83333333333333,0.17721518987341778
Karachi,2026-04-04 21:29:07.097653,78,26.37701684147579,41.555483146278426,45.28500460235514,76.40593103945955,0.4127947314189372,31.860705500143496,86.71872701912507,3.5002954320707125,1010.5204685967207,21,5,4,1,93.0,68.0,112.0,64.0,83.33333333333333,85.16666666666667,-0.16129032258064513
Karachi,2026-04-04 22:29:07.097653,77,28.730800308448487,60.735318924601366,56.32122716427592,54.90432583450015,1.1704738110118953,31.18666203695449,47.38641529252871,4.8479653582403,1015.8487990949928,22,5,4,1,78.0,79.0,102.0,65.0,82.66666666666667,81.0,-0.012820512820512775
Karachi,2026-04-04 23:29:07.097653,43,15.581989436861521,34.33288859813671,41.145871390203425,71.38432523095929,0.7149176487975024,30.512159299191037,80.48261660352259,1.899023479464741,1012.3364592473202,23,5,4,1,77.0,93.0,91.0,37.0,66.0,73.0,-0.4415584415584416
Karachi,2026-04-05 00:29:07.097653,35,10.21239074746123,15.175387305889032,29.146608418924636,57.32392035092772,1.5355915732256358,29.104041300879235,81.16049710903178,0.5365270190029721,1010.0153793698767,0,6,4,1,43.0,78.0,68.0,63.0,51.666666666666664,67.5,-0.18604651162790697
Karachi,2026-04-05 01:29:07.097653,49,13.17358524268382,18.804367990618076,7.468455905999491,34.98885844980791,1.8241784664680214,27.324900199208738,75.43526002745014,4.168977577294924,1014.5112574495232,1,6,4,1,35.0,77.0,79.0,71.0,42.333333333333336,62.5,0.3999999999999999
Karachi,2026-04-05 02:29:07.097653,54,19.661440490947964,29.827685894655566,55.60625973274458,45.8881650630168,1.4706636924503544,26.116464213756608,46.56311055464354,1.118045477434566,1015.3276186138169,2,6,4,1,49.0,43.0,93.0,60.0,46.0,56.0,0.1020408163265305
Karachi,2026-04-05 03:29:07.097653,75,30.987000837156977,48.595822773611125,30.866292248036615,57.3022732243024,1.2553207325450706,22.584194933162873,73.36993122804037,0.22341513703029525,1009.2507123945057,3,6,4,1,54.0,35.0,78.0,86.0,59.333333333333336,55.5,0.38888888888888884
Karachi,2026-04-05 04:29:07.097653,39,18.82035955088891,25.689465084136412,6.594820938477141,77.21766276410062,1.1521335258847234,22.88638660695559,84.45432916634329,0.3631972350530672,1010.7698025997494,4,6,4,1,75.0,49.0,77.0,53.0,56.0,49.166666666666664,-0.48
Karachi,2026-04-05 05:29:07.097653,95,35.28435810999183,67.1322726614461,42.9401589230819,27.756862138518752,2.1517218898134085,20.235041304758226,61.27658224004416,4.201827564830669,1010.2127675537223,5,6,4,1,39.0,54.0,43.0,53.0,69.66666666666667,57.833333333333336,1.4358974358974357
Karachi,2026-04-05 06:29:07.097653,77,28.986963497808894,52.89728669023591,31.5010489466942,71.24839410368824,0.7826097431435941,16.85786987797922,60.67584271892994,3.2789049320583943,1011.7985462876245,6,6,4,1,95.0,75.0,35.0,53.0,70.33333333333333,64.83333333333333,-0.18947368421052635
Karachi,2026-04-05 07:29:07.097653,81,27.911050577309176,56.573365388341855,11.83899245933259,74.68544637059885,1.9152803469635116,19.94281872529565,62.14291547897095,4.564932043749348,1015.6344489557606,7,6,4,1,77.0,39.0,49.0,110.0,84.33333333333333,70.16666666666667,0.051948051948051965
Karachi,2026-04-05 08:29:07.097653,79,31.770177896565112,50.505903827541985,16.784949512064276,56.92908602612696,1.966461114428262,14.283486027755027,44.11359453381032,4.3381505089927295,1015.1370810227432,8,6,4,1,81.0,95.0,54.0,104.0,79.0,74.33333333333333,-0.024691358024691357
Karachi,2026-04-05 09:29:07.097653,76,26.31399817208988,34.719822172878004,8.546987425071546,75.18866391809365,1.222240015995616,17.0882617680445,84.60127845149867,2.1581328708324685,1014.6252391038371,9,6,4,1,79.0,77.0,75.0,100.0,78.66666666666667,74.5,-0.03797468354430378
Karachi,2026-04-05 10:29:07.097653,118,50.19696741539076,69.43140427460192,36.58614468397155,37.851501123415794,0.9540613182964066,20.00563157187543,83.45914319902552,2.8590528522450884,1008.0628554586859,10,6,4,1,76.0,81.0,39.0,110.0,91.0,87.66666666666667,0.5526315789473684
Karachi,2026-04-05 11:29:07.097653,110,35.10168525892869,74.52724449716818,39.211621358860505,76.71113232283099,1.3351912693011456,17.896999540683332,89.89546608951431,1.9771249424349209,1009.4214331338039,11,6,4,1,118.0,79.0,95.0,92.0,101.33333333333333,90.16666666666667,-0.06779661016949157
Karachi,2026-04-05 12:29:07.097653,90,34.462086239291374,53.97816847413335,32.815826409549445,59.19480140161824,0.5050706369639367,21.619111293534303,69.25915707492067,2.5793444542690183,1010.2329754910206,12,6,4,1,110.0,76.0,77.0,146.0,106.0,92.33333333333333,-0.18181818181818177
Karachi,2026-04-05 13:29:07.097653,89,37.32617397904584,57.75567887362066,49.94061731514382,12.940403719316834,0.40104607090399796,24.01612683317793,77.55958182256929,1.065490524037868,1010.7195584603885,13,6,4,1,90.0,118.0,81.0,110.0,96.33333333333333,93.66666666666667,-0.011111111111111072
Karachi,2026-04-05 14:29:07.097653,100,41.29676923128502,58.01640845253967,52.35548517194075,73.48109822733369,0.545527038794162,23.27895226403752,50.133595315365234,3.7809685877486703,1009.464265416489,14,6,4,1,89.0,110.0,79.0,107.0,93.0,97.16666666666667,0.12359550561797761
Karachi,2026-04-05 15:29:07.097653,126,63.96457884587741,67.51062100062762,38.859341817571966,43.91309663232348,0.7117190692168975,26.925596921632096,73.37644091120848,5.150241497963513,1012.1031555147389,15,6,4,1,100.0,90.0,76.0,112.0,105.0,105.5,0.26
Karachi,2026-04-05 16:29:07.097653,91,38.19145201465791,53.676925325358674,5.70160638390868,42.2228889344483,1.4091890047436948,28.68699233958158,72.48664243786953,1.3667739403580268,1008.7518058501403,16,6,4,1,126.0,89.0,118.0,102.0,105.66666666666667,101.0,-0.2777777777777778
Karachi,2026-04-05 17:29:07.097653,65,21.066697838311562,41.60283577804365,43.23763106612546,49.6526624185744,2.1681005995544687,29.553378545827794,85.06043679208062,5.562539290802685,1015.5002219038778,17,6,4,1,91.0,100.0,110.0,91.0,94.0,93.5,-0.2857142857142857
Karachi,2026-04-05 18:29:07.097653,76,30.048220380038966,40.542810667534944,27.989956930619336,20.456918273985956,0.8184131303993114,36.53155293437705,81.53963614195371,3.2270429929558833,1015.8772078729611,18,6,4,1,65.0,126.0,90.0,68.0,77.33333333333333,91.16666666666667,0.1692307692307693
Karachi,2026-04-05 19:29:07.097653,68,18.37659837295147,39.00105510157224,36.105661577451286,42.8416233997179,2.3573564236429116,31.201193903421597,86.92332313088815,3.4821579528116264,1013.7426668960089,19,6,4,1,76.0,91.0,89.0,79.0,69.66666666666667,87.66666666666667,-0.10526315789473684
Karachi,2026-04-05 20:29:07.097653,24,9.415681395866772,7.212314277638002,40.699433111038644,68.17890517024219,2.4007973996570073,35.009860588135766,83.44167363508038,0.3988590392150364,1008.8970487704197,20,6,4,1,68.0,65.0,100.0,93.0,56.0,75.0,-0.6470588235294117
Karachi,2026-04-05 21:29:07.097653,57,19.02366914165077,43.73738348049461,24.263013787989223,11.083772139626074,2.4095901306594514,31.941804576550265,83.43469474494259,0.6145246191314682,1016.9008316954676,21,6,4,1,24.0,76.0,126.0,78.0,49.666666666666664,63.5,1.375
Karachi,2026-04-05 22:29:07.097653,50,24.799039351135484,27.977485899297733,55.440417784448684,29.104201222705992,2.1426380162879126,29.75493085250495,43.18616633443591,3.288232725559364,1017.6563582870812,22,6,4,1,57.0,68.0,91.0,77.0,43.666666666666664,56.666666666666664,-0.1228070175438597
Karachi,2026-04-05 23:29:07.097653,61,21.838426900434015,48.501236771127,12.368617671237967,10.171821051069095,1.1004150897549854,30.862482735802516,82.29809763479778,4.579464249264015,1010.0236356032179,23,6,4,1,50.0,24.0,65.0,43.0,56.0,56.0,0.21999999999999997
Karachi,2026-04-06 00:29:07.097653,77,30.50990699069584,58.870587658835376,41.93314940045706,39.099791640489386,0.45990460420577073,30.298186768774997,70.3739197251559,1.6572391127100952,1015.0463981944072,0,0,4,0,61.0,57.0,76.0,35.0,62.666666666666664,56.166666666666664,0.2622950819672132
Karachi,2026-04-06 01:29:07.097653,67,23.990491054795708,40.104052674952634,5.2397768976119234,60.98208573456142,1.5514012098862888,28.911571510951525,59.022222588298064,6.340187801166179,1016.4193863064248,1,0,4,0,77.0,50.0,68.0,49.0,68.33333333333333,56.0,-0.1298701298701299
Karachi,2026-04-06 02:29:07.097653,49,28.68861977052441,21.92395465650783,55.855810797284946,65.91402803802399,1.5290991766619144,28.12453022131014,42.82573121940312,4.469871948508631,1013.3984352254271,2,0,4,0,67.0,61.0,24.0,54.0,64.33333333333333,60.166666666666664,-0.26865671641791045
Karachi,2026-04-06 03:29:07.097653,42,15.269349342721847,8.62616173810041,11.187727328095033,76.16328327889046,2.16994668764111,28.819940219050032,73.88368873840233,1.1833174965840296,1011.2332309952675,3,0,4,0,49.0,77.0,57.0,75.0,52.666666666666664,57.666666666666664,-0.1428571428571429
Karachi,2026-04-06 04:29:07.097653,103,50.602944036895174,50.38394164503441,10.218632658116604,52.59532290795506,2.4911803120814313,21.501028407511193,56.41008752688087,3.061697334107014,1012.7855871508035,4,0,4,0,42.0,67.0,50.0,39.0,64.66666666666667,66.5,1.4523809523809526
Karachi,2026-04-06 05:29:07.097653,73,33.320240873448014,32.88354449509574,23.315419817873433,27.82388066570268,1.417946074432325,18.016961402856843,63.388813249301734,7.953858267446824,1013.1226875078445,5,0,4,0,103.0,49.0,61.0,95.0,72.66666666666667,68.5,-0.2912621359223301
Karachi,2026-04-06 06:29:07.097653,80,34.49390938815461,59.153120646908555,25.546145732149434,74.69035643956893,1.0594488682875254,18.97754542331427,74.08642185275671,0.5148719944005888,1012.0063704418803,6,0,4,0,73.0,42.0,77.0,77.0,85.33333333333333,69.0,0.09589041095890405
Karachi,2026-04-06 07:29:07.097653,87,36.80474375515783,53.36821372567091,16.786503977758322,64.27210277162632,0.7089837654237874,16.74016748887447,85.58872735120714,4.056539877830211,1017.298424936337,7,0,4,0,80.0,103.0,67.0,81.0,80.0,72.33333333333333,0.08749999999999991
Karachi,2026-04-06 08:29:07.097653,97,41.15749505568839,61.89959903964659,37.181691350991855,50.20999381022012,0.3105596145982156,18.85193225970446,81.27184578024992,2.3545108945533153,1015.438831109425,8,0,4,0,87.0,73.0,49.0,79.0,88.0,80.33333333333333,0.11494252873563227
Karachi,2026-04-06 09:29:07.097653,99,29.980756005966864,41.665310282561364,29.360275392307997,58.69481510032552,1.4200501234755343,14.678264796956011,62.529856455179996,4.413792581837024,1010.4130164225496,9,0,4,0,97.0,80.0,42.0,76.0,94.33333333333333,89.83333333333333,0.020618556701030855
Karachi,2026-04-06 10:29:07.097653,97,37.555915833378066,48.841767772459676,6.879657397259808,74.70214485052004,1.5221410667457107,22.808465854525366,59.38915787231895,5.534547292636764,1013.8555718731986,10,0,4,0,99.0,87.0,103.0,118.0,97.66666666666667,88.83333333333333,-0.02020202020202022
Karachi,2026-04-06 11:29:07.097653,100,44.53574612394807,67.56157261361,22.580863424041535,59.867581993104515,2.1148646555982746,21.055241940058647,51.988986942202374,2.227525822577265,1014.8868915093117,11,0,4,0,97.0,97.0,73.0,110.0,98.66666666666667,93.33333333333333,0.030927835051546282
Karachi,2026-04-06 12:29:07.097653,109,43.55899446133349,67.99941346711671,49.573810246524374,35.78621553093138,1.4100693293641615,17.63199196440767,58.621337558798416,5.237824543414348,1009.4015642170214,12,0,4,0,100.0,99.0,80.0,90.0,102.0,98.16666666666667,0.09000000000000008
Karachi,2026-04-06 13:29:07.097653,100,33.30461205464836,59.318199703514566,42.93358441740277,59.91197416023677,2.3162303670653244,21.511389834549888,45.552319364594915,7.442406788543922,1011.5842574238014,13,0,4,0,109.0,97.0,87.0,89.0,103.0,100.33333333333333,-0.08256880733944949
Karachi,2026-04-06 14:29:07.097653,95,37.853207896462926,61.691584092826396,44.867896946893424,12.819471391477151,1.6817836484571582,26.63216208822788,88.55527541823773,3.1325494746884694,1017.0554828160391,14,0,4,0,100.0,100.0,97.0,100.0,101.33333333333333,100.0,-0.050000000000000044
Karachi,2026-04-06 15:29:07.097653,102,49.64439032166741,74.77217655967144,43.39643082459379,37.04908932814068,2.1487397240863833,29.423240473163077,68.69587219797894,4.56977737498837,1013.671731001852,15,0,4,0,95.0,109.0,99.0,126.0,99.0,100.5,0.0736842105263158
Karachi,2026-04-06 16:29:07.097653,91,42.70459527314847,52.93686533491589,22.10351617606683,38.442612229190544,0.6262638165770437,26.455524745536074,46.390292139760646,1.8191184595934502,1010.1699774606031,16,0,4,0,102.0,100.0,97.0,91.0,96.0,99.5,-0.10784313725490191
Karachi,2026-04-06 17:29:07.097653,110,43.81976642589622,66.74963813035413,10.481515714222674,21.678676409458426,2.1817394866650925,32.082905950358274,57.64030046329529,3.0385186180624246,1009.2278479811915,17,0,4,0,91.0,95.0,100.0,65.0,101.0,101.16666666666667,0.20879120879120872
Karachi,2026-04-06 18:29:07.097653,40,20.851427534932363,25.682047074313335,19.985695121820278,11.615983638623913,1.7853164797764667,28.03352348495166,67.3519571810328,2.646649814583515,1013.1822689347488,18,0,4,0,110.0,102.0,109.0,76.0,80.33333333333333,89.66666666666667,-0.6363636363636364
Karachi,2026-04-06 19:29:07.097653,88,33.61067746846427,72.30169593764873,50.74819151018376,19.336686564641997,0.6745126713643272,32.54873487937046,66.64428183204348,4.593871851317191,1013.4768572302914,19,0,4,0,40.0,91.0,100.0,68.0,79.33333333333333,87.66666666666667,1.2000000000000002
Karachi,2026-04-06 20:29:07.097653,83,24.957153220852184,33.41991661712647,58.92589387806891,55.82350470579386,0.717479827921224,35.224093684206416,41.77516843593162,5.40935187151385,1011.3441445135461,20,0,4,0,88.0,110.0,95.0,24.0,70.33333333333333,85.66666666666667,-0.05681818181818177
Karachi,2026-04-06 21:29:07.097653,27,6.452047290664767,22.07734996527927,32.16158581078587,66.16021714545812,2.3383013618972868,31.624375150106587,87.54205171145557,2.7806903017650813,1014.3041602841912,21,0,4,0,83.0,40.0,102.0,57.0,66.0,73.16666666666667,-0.6746987951807228
Karachi,2026-04-06 22:29:07.097653,48,27.366013432645637,28.408936395084456,5.533519520767322,79.17424449088819,0.37087379299082035,28.914358631999484,53.76878407374723,6.067245691465846,1008.6868468621939,22,0,4,0,27.0,88.0,91.0,50.0,52.666666666666664,66.0,0.7777777777777777
Karachi,2026-04-06 23:29:07.097653,45,16.81027947940991,31.804541142308082,12.702464667382596,34.2454452175946,1.3175768752505534,30.9492838422475,40.80923344659456,6.0600948831232575,1009.4513969326614,23,0,4,0,48.0,83.0,110.0,61.0,40.0,55.166666666666664,-0.0625
Karachi,2026-04-07 00:29:07.097653,28,10.338009934817983,12.073414315581815,22.71443164239462,51.95654555827712,0.9896456378550236,27.79056226672904,43.82220044751412,4.693707486359802,1013.4627382101125,0,1,4,0,45.0,27.0,40.0,77.0,40.333333333333336,53.166666666666664,-0.37777777777777777
Karachi,2026-04-07 01:29:07.097653,39,14.242798977611526,23.22126469161129,36.822194172612235,75.60014767705853,1.7631703679965418,28.32966909295184,69.00974516239884,1.9679469365565434,1008.6181569384445,1,1,4,0,28.0,48.0,88.0,67.0,37.333333333333336,45.0,0.3928571428571428
Karachi,2026-04-07 02:29:07.097653,37,24.464923029656802,28.107644758411606,9.130150519292268,21.692924693670683,2.1471846526517826,23.22934713556388,46.88927603375484,1.7763423665201945,1016.809087649911,2,1,4,0,39.0,45.0,83.0,49.0,34.666666666666664,37.333333333333336,-0.05128205128205132
Karachi,2026-04-07 03:29:07.097653,85,42.158135863113486,75.94579353780549,56.88465142904349,60.23519104399199,1.092831867424453,21.38417385987363,42.08623964267517,1.3752372906199226,1009.4214637045652,3,1,4,0,37.0,28.0,27.0,42.0,53.666666666666664,47.0,1.2972972972972974
Karachi,2026-04-07 04:29:07.097653,79,42.707971526125434,53.88539505354372,25.07960203064204,62.848511320441425,1.2391845921102418,16.957995358247512,58.98132332063557,4.898332140476322,1014.7391987408454,4,1,4,0,85.0,39.0,48.0,103.0,67.0,52.166666666666664,-0.07058823529411762
Karachi,2026-04-07 05:29:07.097653,91,35.728275976734444,48.00072825885798,55.19213198586527,16.228287510853686,2.4602191259031114,19.683035172610587,71.13805961700943,0.5764635850212714,1011.9120344171442,5,1,4,0,79.0,37.0,45.0,73.0,85.0,59.833333333333336,0.1518987341772151
Karachi,2026-04-07 06:29:07.097653,90,37.80815482799489,51.10497112020749,47.928699151636195,70.28745696281456,2.0246163212942463,17.749986893171293,45.59199024208062,4.353675308222014,1011.9978774754225,6,1,4,0,91.0,85.0,28.0,80.0,86.66666666666667,70.16666666666667,-0.01098901098901095
Karachi,2026-04-07 07:29:07.097653,70,20.748305166822917,38.86996400381947,46.54904998835696,66.91735329775906,2.2738490880499413,14.895824048207313,55.66639160756578,0.8377813043517741,1015.6488952861114,7,1,4,0,90.0,79.0,39.0,87.0,83.66666666666667,75.33333333333333,-0.2222222222222222
Karachi,2026-04-07 08:29:07.097653,87,42.237550532912735,37.91417222244191,38.36957688802276,12.338210460420411,1.2652768854335854,17.387597427534185,60.88803358122711,4.647092239683947,1012.9946213417292,8,1,4,0,70.0,91.0,37.0,97.0,82.33333333333333,83.66666666666667,0.24285714285714288
Karachi,2026-04-07 09:29:07.097653,108,37.582630985266405,62.49157157879762,39.473109937851454,16.375909041603602,0.8149676487650535,19.326733990975733,47.973004889338355,3.034439165461121,1015.2565546364386,9,1,4,0,87.0,90.0,85.0,99.0,88.33333333333333,87.5,0.24137931034482762
Karachi,2026-04-07 10:29:07.097653,87,36.143415810874735,58.451939642666346,40.090177936893646,13.438882572429662,1.2060996238501938,17.640660882886593,65.30369492333551,5.667277123719655,1013.0519122875277,10,1,4,0,108.0,70.0,79.0,97.0,94.0,88.83333333333333,-0.19444444444444442
Karachi,2026-04-07 11:29:07.097653,119,42.38258785833893,61.60979379214036,39.579676286407015,33.43204722595536,1.8754022192293298,19.879479650151566,44.26070434508854,5.282909156642543,1013.9290534140526,11,1,4,0,87.0,87.0,91.0,100.0,104.66666666666667,93.5,0.367816091954023
Karachi,2026-04-07 12:29:07.097653,106,39.61371347735771,72.22493262498152,35.45505272690987,45.65022934759483,0.5407468906391545,21.54662249917033,42.32592481725343,5.870130824004223,1015.6071462786966,12,1,4,0,119.0,108.0,90.0,109.0,104.0,96.16666666666667,-0.10924369747899154
Karachi,2026-04-07 13:29:07.097653,103,37.15587291492274,65.91547617393155,59.25277101655889,47.264340956824014,0.8950320323563195,20.520787984821915,65.99176835775674,5.921637436578226,1014.0730874292127,13,1,4,0,106.0,87.0,70.0,100.0,109.33333333333333,101.66666666666667,-0.028301886792452824
Karachi,2026-04-07 14:29:07.097653,116,43.61868835125513,64.113230406183,45.275981208413285,28.736673183860987,0.40259898101549885,29.113171641415192,52.39484863754378,3.2872616679763955,1014.1561510938878,14,1,4,0,103.0,119.0,87.0,95.0,108.33333333333333,106.5,0.12621359223300965
Karachi,2026-04-07 15:29:07.097653,107,40.45524772740992,63.59405476602944,47.73205136158867,73.81178205921918,1.2511650243438894,26.1288527005756,44.76869039490138,0.6824138671507907,1015.8921959142759,15,1,4,0,116.0,106.0,108.0,102.0,108.66666666666667,106.33333333333333,-0.07758620689655171
Karachi,2026-04-07 16:29:07.097653,89,33.09285903046013,66.53787896875654,52.98545482960208,35.778395291033924,2.1203806191551493,30.312232403720543,61.19562937438161,0.894953890005243,1017.4908681581937,16,1,4,0,107.0,103.0,87.0,91.0,104.0,106.66666666666667,-0.16822429906542058
Karachi,2026-04-07 17:29:07.097653,105,46.22847692031728,68.96109355017053,16.860186949921705,13.188510917574675,0.35426011425562376,32.19528480395048,85.75703697586974,1.1736970586318751,1011.7671615393534,17,1,4,0,89.0,116.0,119.0,110.0,100.33333333333333,104.33333333333333,0.1797752808988764
Karachi,2026-04-07 18:29:07.097653,63,19.989306069088016,38.340699290786105,9.609228750228343,31.015897807897048,1.7857117589757654,31.649012976044002,76.20962233270774,0.8326683331438129,1013.7711715722595,18,1,4,0,105.0,107.0,106.0,40.0,85.66666666666667,97.16666666666667,-0.4
Karachi,2026-04-07 19:29:07.097653,81,33.69249223550467,46.98321111496513,31.559194012922926,47.17765957809088,2.351490923930227,33.94099666043182,80.78079576735138,3.137647315409298,1008.8627315773355,19,1,4,0,63.0,89.0,103.0,88.0,83.0,93.5,0.2857142857142858
Karachi,2026-04-07 20:29:07.097653,73,35.64840330933811,44.95078388532875,33.27443825906002,38.575527581176246,0.8212412953246011,33.49163844363278,83.59569943793181,1.8806916383496757,1011.5880388056887,20,1,4,0,81.0,105.0,116.0,83.0,72.33333333333333,86.33333333333333,-0.09876543209876543
Karachi,2026-04-07 21:29:07.097653,54,19.091458167310517,28.392051521277814,50.604997897245475,29.16897633694814,1.825996649600826,29.892127095857738,88.63138706982095,2.639728791180297,1012.1204922588938,21,1,4,0,73.0,63.0,107.0,27.0,69.33333333333333,77.5,-0.26027397260273977
Karachi,2026-04-07 22:29:07.097653,58,19.974898834301438,18.508743886307048,29.408096860528463,19.19262748350222,2.4452241824204406,31.263657827775333,78.16232867570865,3.985430838922802,1016.3523731682405,22,1,4,0,54.0,81.0,89.0,48.0,61.666666666666664,72.33333333333333,0.07407407407407418
Karachi,2026-04-07 23:29:07.097653,32,11.749585500318108,35.69073622360689,36.3969164049372,67.34151500673607,2.417011732335419,29.431752444784255,70.42039609697399,2.3918694838684837,1013.1339240212568,23,1,4,0,58.0,73.0,105.0,45.0,48.0,60.166666666666664,-0.4482758620689655
Karachi,2026-04-08 00:29:07.097653,63,31.44278815704496,39.55884316645732,33.988901618240206,79.73016694869344,0.8168442246641152,28.076509917307742,58.27129401511236,0.7563423991748315,1015.3106637329846,0,2,4,0,32.0,54.0,63.0,28.0,51.0,60.166666666666664,0.96875
Karachi,2026-04-08 01:29:07.097653,48,20.270015420640036,32.134394019790165,7.101153106656508,33.067949346671746,0.5207283170665511,24.46254600514689,49.082161827885805,2.8935326648731357,1008.1900740002567,1,2,4,0,63.0,58.0,81.0,39.0,47.666666666666664,54.666666666666664,-0.23809523809523814
Karachi,2026-04-08 02:29:07.097653,46,15.815285558434507,27.243773548193477,38.83681931283027,36.71347309236228,0.6262215833710151,27.25286743349206,74.33299369916472,1.2030190264543101,1012.6449266962832,2,2,4,0,48.0,32.0,73.0,37.0,52.333333333333336,50.166666666666664,-0.04166666666666663
Karachi,2026-04-08 03:29:07.097653,74,32.228157236722964,38.83222656537744,50.542380717583875,53.262626727386994,1.844478470660713,26.133432948406657,89.7474993060971,2.458427006041874,1017.0131766516358,3,2,4,0,46.0,63.0,54.0,85.0,56.0,53.5,0.6086956521739131
Karachi,2026-04-08 04:29:07.097653,54,16.262477107561327,31.173510937525002,13.66253014416921,60.290903231487896,1.8966695259972064,22.95600595199682,63.36793423094595,5.685553928846007,1010.2431390930578,4,2,4,0,74.0,48.0,58.0,79.0,58.0,52.833333333333336,-0.2702702702702703
Karachi,2026-04-08 05:29:07.097653,51,23.850201232803133,17.8699474233281,37.688245365962764,37.44206743625139,1.783320435582038,21.884204198801907,76.18396840464038,2.4589893918076506,1008.3152218530711,5,2,4,0,54.0,46.0,32.0,91.0,59.666666666666664,56.0,-0.05555555555555558
Karachi,2026-04-08 06:29:07.097653,56,24.703261497365418,52.2070294227113,37.64857994455279,73.34506618872706,1.0393724530329238,17.382527095708177,64.75462249965781,6.54191510669549,1012.3340873371347,6,2,4,0,51.0,74.0,63.0,90.0,53.666666666666664,54.833333333333336,0.0980392156862746
Karachi,2026-04-08 07:29:07.097653,96,37.20284589360967,48.236736386576965,14.030173023099731,49.20027924602429,0.6735092674678687,16.00007971971538,61.59667116817383,5.863271973875939,1015.044318206476,7,2,4,0,56.0,54.0,48.0,70.0,67.66666666666667,62.833333333333336,0.7142857142857142
Karachi,2026-04-08 08:29:07.097653,75,26.124494892786146,37.22040555675601,11.790496555190481,41.52730534841517,1.577674402294957,15.442825906376576,60.51528067799576,1.8413893828419137,1012.5446350684147,8,2,4,0,96.0,51.0,46.0,87.0,75.66666666666667,67.66666666666667,-0.21875
Karachi,2026-04-08 09:29:07.097653,127,46.580641854727475,72.99899606412593,58.90285686370667,55.26709272119336,1.3640969806673064,18.5607232356019,65.23123414658488,0.7777524671684488,1012.5997831351126,9,2,4,0,75.0,56.0,74.0,108.0,99.33333333333333,76.5,0.6933333333333334
Karachi,2026-04-08 10:29:07.097653,74,32.574815079840484,55.15569839598541,26.654554330917065,76.69626937744212,1.9034351236690676,18.525922876012793,58.34478309326875,2.894891676159613,1014.6980504123832,10,2,4,0,127.0,96.0,54.0,87.0,92.0,79.83333333333333,-0.4173228346456693
Karachi,2026-04-08 11:29:07.097653,134,59.914750637654365,80.7708441819148,17.50819507979411,65.6186606095194,1.2709921731083673,19.188702327310768,77.4386660910904,5.306655526793778,1010.5438880828304,11,2,4,0,74.0,75.0,51.0,119.0,111.66666666666667,93.66666666666667,0.8108108108108107
Karachi,2026-04-08 12:29:07.097653,113,42.079566068071735,58.01007083657987,14.422849944990622,12.800919137458704,1.0450073283102306,23.590297088390685,83.71360132957582,2.0196181875426236,1015.5188979164197,12,2,4,0,134.0,127.0,56.0,106.0,107.0,103.16666666666667,-0.15671641791044777
Karachi,2026-04-08 13:29:07.097653,107,45.30276476200389,74.55095375242841,41.71809424707793,33.261693751797175,0.9456528701898317,23.73933034681052,84.14426533225921,4.816180596524278,1009.5311353090574,13,2,4,0,113.0,74.0,96.0,103.0,118.0,105.0,-0.053097345132743334
Karachi,2026-04-08 14:29:07.097653,97,28.687655231549222,64.5321905011232,38.51949135300033,42.93812794658559,0.7652347041094424,23.32268472495883,51.384935671291295,5.416879978272176,1011.9575060528599,14,2,4,0,107.0,134.0,75.0,116.0,105.66666666666667,108.66666666666667,-0.09345794392523366
Karachi,2026-04-08 15:29:07.097653,107,39.957009407065,68.62762674825811,40.39536676430796,32.01623005463737,0.8846420276106552,25.708734702548778,84.79545693657454,1.4519486992747883,1014.5600810847092,15,2,4,0,97.0,113.0,127.0,107.0,103.66666666666667,105.33333333333333,0.10309278350515472
Karachi,2026-04-08 16:29:07.097653,94,37.6188971210964,62.387161607543085,9.840331513129874,59.013129258131954,0.508626965457023,30.36398659850829,57.07756159275525,1.6478978234228259,1016.283690072302,16,2,4,0,107.0,107.0,74.0,89.0,99.33333333333333,108.66666666666667,-0.12149532710280375
Karachi,2026-04-08 17:29:07.097653,104,37.17722274842021,81.74335495465367,54.14440209241403,67.83884049038068,1.063085424043557,32.74031995480157,55.46538327426488,4.4253240642540135,1015.9153107116506,17,2,4,0,94.0,97.0,134.0,105.0,101.66666666666667,103.66666666666667,0.1063829787234043
Karachi,2026-04-08 18:29:07.097653,81,28.00283401802426,66.50880799824725,26.409651824497654,61.19415666296901,0.380453587198508,33.031563694787444,76.3378028699118,3.303695099283141,1015.2168559930769,18,2,4,0,104.0,107.0,113.0,63.0,93.0,98.33333333333333,-0.22115384615384615
Karachi,2026-04-08 19:29:07.097653,74,26.457084245196583,39.20025029728516,22.235317353669686,79.25333007797927,0.710110463765919,36.52118410605671,55.23481700431447,1.6278769469126424,1011.5909638353639,19,2,4,0,81.0,94.0,107.0,81.0,86.33333333333333,92.83333333333333,-0.0864197530864198
Karachi,2026-04-08 20:29:07.097653,59,25.27929036834874,48.71857003256453,30.429879598625657,29.07833535251204,1.9428949781627443,36.27001433146284,42.64832028048551,2.2956391037608253,1009.2230431629372,20,2,4,0,74.0,104.0,97.0,73.0,71.33333333333333,86.5,-0.20270270270270274
Karachi,2026-04-08 21:29:07.097653,57,22.23639979140316,37.82491284322375,26.453633616119554,71.2492646517095,1.01603177508857,33.60947828001407,58.6808886155154,2.8589608945451617,1010.1683421769299,21,2,4,0,59.0,81.0,107.0,54.0,63.333333333333336,78.16666666666667,-0.03389830508474578
Karachi,2026-04-08 22:29:07.097653,58,12.263349601314236,39.17452518101063,52.496735172653025,63.663586562214036,1.7701214373501566,30.251041911312505,76.07328001791745,0.12970884991092113,1016.6483381457648,22,2,4,0,57.0,74.0,94.0,58.0,58.0,72.16666666666667,0.01754385964912286
Karachi,2026-04-08 23:29:07.097653,25,0.0,1.6836529397405116,56.10935363588406,35.352513029070224,1.8771451863140103,28.036879226028844,56.347921013508824,4.531286212965391,1016.5733137013266,23,2,4,0,58.0,59.0,104.0,32.0,46.666666666666664,59.0,-0.5689655172413793
Karachi,2026-04-09 00:29:07.097653,29,8.876561578079848,16.503245077943017,21.689926904728342,61.38871805598781,1.57860775401065,28.225236509970568,71.47795279975733,2.042615622121618,1017.5156085253901,0,3,4,0,25.0,57.0,81.0,63.0,37.333333333333336,50.333333333333336,0.15999999999999992
Karachi,2026-04-09 01:29:07.097653,62,27.156907578935233,30.800123250308683,52.51646941029751,17.285316949277288,2.4091350310038764,28.57697925365248,73.00597221315653,2.5674324475961976,1008.7598865189555,1,3,4,0,29.0,58.0,74.0,48.0,38.666666666666664,48.333333333333336,1.1379310344827585
Karachi,2026-04-09 02:29:07.097653,56,8.895363569728215,40.57380219417806,47.98377212431869,65.25334376383867,0.34716770657084917,28.653294158623876,76.68680058631782,2.9522580633810946,1013.3680908527746,2,3,4,0,62.0,25.0,59.0,46.0,49.0,47.833333333333336,-0.09677419354838712
Karachi,2026-04-09 03:29:07.097653,56,19.9121677268872,42.18487191469047,56.1944219789619,47.26314218109719,1.9250358312939129,23.76434170800143,84.85652331554682,1.5168574822129848,1014.4868304490424,3,3,4,0,56.0,29.0,57.0,74.0,58.0,47.666666666666664,0.0
Karachi,2026-04-09 04:29:07.097653,65,23.479364315805253,22.57001458945804,18.51626717022383,30.460312089647722,2.4093306166688975,23.337445588462472,61.62822496342157,6.377644384605354,1015.1065737706685,4,3,4,0,56.0,62.0,58.0,54.0,59.0,48.833333333333336,0.1607142857142858
Karachi,2026-04-09 05:29:07.097653,77,37.92135058198202,46.2932136243755,36.73275325665385,55.90441112489261,2.1969978045764664,18.852530778132017,48.32160383312285,1.8291099581600636,1014.4386323501043,5,3,4,0,65.0,56.0,25.0,51.0,66.0,57.5,0.18461538461538463
Karachi,2026-04-09 06:29:07.097653,71,26.836332859579514,52.11705491556975,20.099952160724456,54.91339991000863,0.6693639219710293,19.31733502017959,55.946285771594475,0.8047132728427782,1015.7001138990228,6,3,4,0,77.0,56.0,29.0,56.0,71.0,64.5,-0.07792207792207795
Karachi,2026-04-09 07:29:07.097653,76,32.350945112521025,44.160568584717005,50.325196976640584,24.66403559037198,1.0190046737538105,18.919307048641798,61.6083627586993,4.015865339924032,1011.5947157628934,7,3,4,0,71.0,65.0,62.0,96.0,74.66666666666667,66.83333333333333,0.07042253521126751
Karachi,2026-04-09 08:29:07.097653,97,39.88135723102341,64.59511645589805,5.292830481408534,12.12781903680683,0.6793940477282239,13.040811448294944,75.69457346640566,1.6791052639848336,1009.7943277213549,8,3,4,0,76.0,77.0,56.0,75.0,81.33333333333333,73.66666666666667,0.2763157894736843
Karachi,2026-04-09 09:29:07.097653,86,23.96221230951238,54.731890803839235,36.06505395875179,40.35358108311717,1.622878400392349,16.445715784934436,40.65610627808167,1.4410875974955355,1010.0458337215044,9,3,4,0,97.0,71.0,56.0,127.0,86.33333333333333,78.66666666666667,-0.11340206185567014
Karachi,2026-04-09 10:29:07.097653,112,48.68285746285878,69.99601392517116,23.65618871995549,49.86583085410948,1.8668135603548832,19.971197538280233,55.78926917199395,4.019002765648812,1008.1197868947016,10,3,4,0,86.0,76.0,65.0,74.0,98.33333333333333,86.5,0.30232558139534893
Karachi,2026-04-09 11:29:07.097653,83,34.45259081732321,47.892892610516284,22.747603889280114,71.36236948594188,0.9975622925987282,19.89208242178075,78.99212905096584,0.9190653842208678,1011.5032187210622,11,3,4,0,112.0,97.0,77.0,134.0,93.66666666666667,87.5,-0.2589285714285714
Karachi,2026-04-09 12:29:07.097653,125,52.716277022326814,65.5297543028451,40.469847812570436,74.97517569533161,1.4869144627654503,18.606969903698133,73.54288516653477,0.08545268360109404,1008.9174405087998,12,3,4,0,83.0,86.0,71.0,113.0,106.66666666666667,96.5,0.5060240963855422
Karachi,2026-04-09 13:29:07.097653,116,66.05788334212872,60.66780103552039,51.831644712269664,47.01636527097365,1.820025254156629,18.069202887725123,76.58699867928026,6.451996004188674,1011.214886927902,13,3,4,0,125.0,112.0,76.0,107.0,108.0,103.16666666666667,-0.07199999999999995
Karachi,2026-04-09 14:29:07.097653,109,33.50791855380358,71.5675449925873,38.50574652663294,62.766243863798145,1.2269475965443064,24.26843850939599,80.59053847195975,4.158997475201289,1014.2821007716625,14,3,4,0,116.0,83.0,97.0,97.0,116.66666666666667,105.16666666666667,-0.06034482758620685
Karachi,2026-04-09 15:29:07.097653,115,55.0049105267172,69.72780696101854,51.92451382556974,40.75122906295978,2.1788341670020106,26.927380975032406,79.16178594389811,2.4715814300112697,1016.9447805558682,15,3,4,0,109.0,125.0,86.0,107.0,113.33333333333333,110.0,0.05504587155963292
Karachi,2026-04-09 16:29:07.097653,119,46.55560906977369,70.88117204330538,19.552841153456647,62.22575096010251,1.9974098576331978,27.23215410034331,74.1091583076389,2.993045580596128,1016.3960545099052,16,3,4,0,115.0,116.0,112.0,94.0,114.33333333333333,111.16666666666667,0.034782608695652195
Karachi,2026-04-09 17:29:07.097653,102,42.628693453354074,58.39695305842972,33.57260201207396,24.336106745741684,0.4422641964712555,30.94302412354837,61.98307661852953,4.011728716232312,1010.5267421195757,17,3,4,0,119.0,109.0,83.0,104.0,112.0,114.33333333333333,-0.1428571428571429
Karachi,2026-04-09 18:29:07.097653,52,20.72719338550392,28.990621154169176,29.77950964868918,35.9745314362472,1.6664756579998241,32.9409767247413,89.1799164439077,4.946674899226841,1009.3408314219805,18,3,4,0,102.0,115.0,125.0,81.0,91.0,102.16666666666667,-0.4901960784313726
Karachi,2026-04-09 19:29:07.097653,53,19.095527991365323,40.20035884343842,5.640469472670292,54.39595991695304,0.8177162121114492,34.068780951765014,68.45365977950368,1.4880494173699763,1009.9307227379674,19,3,4,0,52.0,119.0,116.0,74.0,69.0,91.66666666666667,0.019230769230769162
Karachi,2026-04-09 20:29:07.097653,55,19.40192389263214,30.69468014579468,35.6246678727407,11.271057592495518,1.5265401822680058,28.288162150135356,50.138460468441956,3.732293051931365,1017.709866519036,20,3,4,0,53.0,102.0,109.0,59.0,53.333333333333336,82.66666666666667,0.037735849056603765
Karachi,2026-04-09 21:29:07.097653,59,25.318808604891483,24.778379684127106,41.38383782803962,60.57229172372678,2.4051545737925255,30.098836414696308,54.64064275523922,1.986591647579523,1013.4947447968549,21,3,4,0,55.0,52.0,115.0,57.0,55.666666666666664,73.33333333333333,0.07272727272727275
Karachi,2026-04-09 22:29:07.097653,61,17.12778079404308,43.019688120423595,37.555292243048854,68.48748508877168,2.2339364100149504,31.31895793356604,74.6781227985235,2.6220375109747516,1009.8250222300057,22,3,4,0,59.0,53.0,119.0,58.0,58.333333333333336,63.666666666666664,0.03389830508474567
Karachi,2026-04-09 23:29:07.097653,40,19.807323043219217,22.442627497497842,45.49539443308818,37.9399162765766,1.1899360868532898,31.801200511567306,86.23697825997317,3.3213857349298093,1016.4074615468681,23,3,4,0,61.0,55.0,102.0,25.0,53.333333333333336,53.333333333333336,-0.34426229508196726
Karachi,2026-04-10 00:29:07.097653,52,19.0396285624362,31.932067804555913,36.42367406491924,41.3559692024015,0.9413304883575775,29.978468027100067,48.93600646029488,2.9866428538946557,1011.9519124431256,0,4,4,0,40.0,59.0,52.0,29.0,51.0,53.333333333333336,0.30000000000000004
Karachi,2026-04-10 01:29:07.097653,39,10.226245795209456,36.675515186812945,8.67126401679163,69.58975485515717,0.8156926376981699,28.01429225657352,44.11732478728932,4.471133796605144,1016.9922215197473,1,4,4,0,52.0,61.0,53.0,62.0,43.666666666666664,51.0,-0.25
Karachi,2026-04-10 02:29:07.097653,44,15.688524046655978,26.743398046148513,11.404503824659129,64.29582447282235,1.4715327134643443,24.233164116062138,84.0765524021003,3.974173118231188,1010.6067712683449,2,4,4,0,39.0,40.0,55.0,56.0,45.0,49.166666666666664,0.1282051282051282
Karachi,2026-04-10 03:29:07.097653,37,21.360498128984958,24.925597451957945,37.80610176491738,30.17046423233625,0.5513465971677239,22.274180764559908,85.76389894564173,0.016338418744355376,1011.9322175880424,3,4,4,0,44.0,52.0,59.0,56.0,40.0,45.5,-0.15909090909090906
Karachi,2026-04-10 04:29:07.097653,51,17.78392508825346,21.259512854615256,20.12385555855021,32.678327459307724,1.508405017882147,19.54334146315652,53.818967265794974,0.28435358586911574,1013.0494776279008,4,4,4,0,37.0,39.0,61.0,65.0,44.0,43.833333333333336,0.3783783783783783
Karachi,2026-04-10 05:29:07.097653,51,22.57633191611985,29.41874011879994,9.380482096912122,57.52147626734177,0.3029340068797424,20.879534006719314,58.86428621856199,2.2605666304814145,1016.9261533408903,5,4,4,0,51.0,44.0,40.0,77.0,46.333333333333336,45.666666666666664,0.0
Karachi,2026-04-10 06:29:07.097653,65,22.48997910355864,44.09334908487281,28.62815088967007,49.423866471371284,1.0124691876408587,16.230819194245335,73.00939987489292,6.65725052488365,1016.6875743160506,6,4,4,0,51.0,37.0,52.0,71.0,55.666666666666664,47.833333333333336,0.27450980392156854
Karachi,2026-04-10 07:29:07.097653,103,45.217288570495384,49.69852911058599,35.48774289460104,21.356069976754785,0.7838554904272788,18.972666180066593,56.49650104212374,1.2968163349967954,1013.7435507030387,7,4,4,0,65.0,51.0,39.0,76.0,73.0,58.5,0.5846153846153845
Karachi,2026-04-10 08:29:07.097653,80,35.73114536095937,50.06217074543819,23.08102935922836,31.69509364604165,2.4366813379137207,17.415706476275293,83.85793541350264,2.583554580774494,1010.2177550978089,8,4,4,0,103.0,51.0,44.0,97.0,82.66666666666667,64.5,-0.22330097087378642
Karachi,2026-04-10 09:29:07.097653,140,65.52261792974498,85.22568922605284,44.62385362241779,72.99882938150579,1.899933103053954,17.182504432777147,45.37893513569313,1.9273079460869562,1012.0335697173788,9,4,4,0,80.0,65.0,37.0,86.0,107.66666666666667,81.66666666666667,0.75
Karachi,2026-04-10 10:29:07.097653,113,44.474392523202525,68.3586180207474,40.407383445568456,58.17221057055844,1.069237437016923,16.75837597017156,41.89911104800976,1.89191123182384,1017.756330653655,10,4,4,0,140.0,103.0,51.0,112.0,111.0,92.0,-0.19285714285714284
Karachi,2026-04-10 11:29:07.097653,111,48.0434006814276,75.34746117572304,23.305009860041956,79.01820223798636,0.5042591903673651,16.63206202817937,50.424310337139474,3.356479487810111,1014.077732238774,11,4,4,0,113.0,80.0,51.0,83.0,121.33333333333333,102.0,-0.017699115044247815
Karachi,2026-04-10 12:29:07.097653,97,39.34019101660744,60.950288097157255,46.51798908997083,63.69087709865386,1.4369613083193729,19.70469448724391,54.30438891024845,5.801554552391303,1015.810977551242,12,4,4,0,111.0,140.0,65.0,125.0,107.0,107.33333333333333,-0.12612612612612617
Karachi,2026-04-10 13:29:07.097653,119,54.27232810123785,83.5140289747357,40.67822733931695,75.93821025005131,0.7695853389172931,22.26943390193006,45.646329564443754,3.911936799761178,1012.4986469536142,13,4,4,0,97.0,113.0,103.0,116.0,109.0,110.0,0.2268041237113403
Karachi,2026-04-10 14:29:07.097653,97,35.34431594994297,50.45900070722764,40.05949582948461,25.13320017093328,1.4801450009763872,20.261951376837498,43.284521467032334,1.3929380771458155,1013.3200727546681,14,4,4,0,119.0,111.0,80.0,109.0,104.33333333333333,112.83333333333333,-0.18487394957983194
Karachi,2026-04-10 15:29:07.097653,103,44.94236682649715,62.91340693091289,35.43852354328874,64.0039412371848,2.1377971791935635,26.675842050150838,77.78038567508992,8.506459021606414,1012.2895411223254,15,4,4,0,97.0,97.0,140.0,115.0,106.33333333333333,106.66666666666667,0.061855670103092786
Karachi,2026-04-10 16:29:07.097653,133,52.38702074902936,80.71649513553874,5.626431744870404,11.41522641034582,1.654743614623048,30.84871473605201,48.21382829511287,3.1571464419222517,1015.0292099806197,16,4,4,0,103.0,119.0,113.0,119.0,111.0,110.0,0.2912621359223302
Karachi,2026-04-10 17:29:07.097653,86,34.208528257339864,43.24016776428288,43.3078950912289,56.95320151980737,1.694334522999005,31.791290060360126,85.6961099533152,1.8455580872357733,1016.5147101388687,17,4,4,0,133.0,97.0,111.0,102.0,107.33333333333333,105.83333333333333,-0.3533834586466166
Karachi,2026-04-10 18:29:07.097653,97,39.354402379955914,65.99381995330185,25.682298511003605,42.8497594684169,1.4902666359381853,30.935791478792492,58.3999830724048,5.824192749355179,1013.0736354322456,18,4,4,0,86.0,103.0,97.0,52.0,105.33333333333333,105.83333333333333,0.12790697674418605
Karachi,2026-04-10 19:29:07.097653,61,25.936314890147813,55.61005580884418,56.84353405872606,34.2732050344048,2.3399843917891,32.82127920714301,73.53029048606727,2.061858764112363,1012.8086745863623,19,4,4,0,97.0,133.0,119.0,53.0,81.33333333333333,96.16666666666667,-0.3711340206185567
Karachi,2026-04-10 20:29:07.097653,64,25.208923841408446,38.5490549896567,49.9891624092463,70.36830466051623,2.3501859057253274,31.887670861156,51.27010573844001,6.325827309974885,1011.402864670984,20,4,4,0,61.0,86.0,97.0,55.0,74.0,90.66666666666667,0.049180327868852514
Karachi,2026-04-10 21:29:07.097653,85,35.21308835542713,55.249452365551875,37.323195824222175,69.79873848602715,1.427991042361815,33.02492807698394,52.01613842459334,1.2587144180666667,1009.7709669429408,21,4,4,0,64.0,97.0,103.0,59.0,70.0,87.66666666666667,0.328125
Karachi,2026-04-10 22:29:07.097653,44,25.73648309567106,27.444987018312816,18.870009000059817,11.561119342905052,0.9726708717157098,35.008418877763575,68.73546014337876,5.8600607778427385,1017.3924772287511,22,4,4,0,85.0,61.0,133.0,61.0,64.33333333333333,72.83333333333333,-0.48235294117647054
Karachi,2026-04-10 23:29:07.097653,78,36.210829860588845,41.21669478951171,16.20445663027166,52.66535857146017,1.3110914129347766,32.593851854742134,68.0321462572993,3.402095328563389,1011.1607971867951,23,4,4,0,44.0,64.0,86.0,40.0,69.0,71.5,0.7727272727272727
Karachi,2026-04-11 00:29:07.097653,60,28.592284575217338,21.803685196683155,23.721166072265202,35.74825570246695,0.7104274068303545,30.041588611385503,78.43646140060406,5.582104465404868,1016.0069146357429,0,5,4,1,78.0,85.0,97.0,52.0,60.666666666666664,65.33333333333333,-0.23076923076923073
Karachi,2026-04-11 01:29:07.097653,42,14.756391799046218,19.904946278985438,31.21123689690102,39.09627010503144,1.6999574936997968,26.084782536052728,77.8906652847133,6.8035314174030885,1015.1534702128747,1,5,4,1,60.0,44.0,61.0,39.0,60.0,62.166666666666664,-0.30000000000000004
Karachi,2026-04-11 02:29:07.097653,63,20.95593744777824,26.96754533576594,21.28360305214209,68.24285174531431,1.4002031387209133,26.499876785889676,73.53438823318305,0.7347854189574923,1015.9091760027812,2,5,4,1,42.0,78.0,64.0,44.0,55.0,62.0,0.5
Karachi,2026-04-11 03:29:07.097653,73,34.12654811471057,57.657884609755655,33.321122246586555,31.688784006937478,0.5272610511892157,19.555693736433724,62.45652829467455,5.551543641516645,1017.3676813337211,3,5,4,1,63.0,60.0,85.0,37.0,59.333333333333336,60.0,0.15873015873015883
Karachi,2026-04-11 04:29:07.097653,74,34.11109373595215,43.67541210856885,14.095373403225226,76.0134167446334,0.7348251184631538,20.495293036018218,84.53201931403086,0.18219219114919039,1014.2337076022089,4,5,4,1,73.0,42.0,44.0,51.0,70.0,65.0,0.013698630136986356
Karachi,2026-04-11 05:29:07.097653,48,26.836176518181922,26.44188007676315,58.7742047054025,22.574367846049853,1.3551903036389592,20.510568590155522,71.12892451106494,0.9056312895035434,1016.9795034338205,5,5,4,1,74.0,63.0,78.0,51.0,65.0,60.0,-0.3513513513513513
Karachi,2026-04-11 06:29:07.097653,69,24.61727381520464,48.568996015878625,10.935850523074663,56.390569635772444,2.2526957795814884,19.552639197819992,89.50992452311786,1.393181080415126,1009.676973229123,6,5,4,1,48.0,73.0,60.0,65.0,63.666666666666664,61.5,0.4375
Karachi,2026-04-11 07:29:07.097653,84,32.47297345111949,41.457066269034726,56.256927680990465,57.04735469096353,1.5460595853884145,18.612362370118937,80.96849089671792,4.0072732723557225,1014.2671257595679,7,5,4,1,69.0,74.0,42.0,103.0,67.0,68.5,0.21739130434782616
Karachi,2026-04-11 08:29:07.097653,93,29.355978612772553,50.19518683406316,55.24679062714822,27.653661299954273,1.799377000458636,17.58966137841939,42.21549056191631,3.0660317538697193,1015.7227561291461,8,5,4,1,84.0,48.0,63.0,80.0,82.0,73.5,0.1071428571428572
Karachi,2026-04-11 09:29:07.097653,110,42.246958429238276,66.85854909330293,33.89482650007239,32.732542627704134,1.0458628094366014,16.88114343151969,56.029695354015885,2.665727831674328,1010.7164113074417,9,5,4,1,93.0,69.0,73.0,140.0,95.66666666666667,79.66666666666667,0.18279569892473124
Karachi,2026-04-11 10:29:07.097653,108,48.441363403910024,73.41791820790704,44.87006495098464,68.43589448059583,1.5571050646973155,19.14774870937747,68.59378582354759,3.2924705580447218,1015.4075380129196,10,5,4,1,110.0,84.0,74.0,113.0,103.66666666666667,85.33333333333333,-0.018181818181818188
Karachi,2026-04-11 11:29:07.097653,88,33.24656686706722,57.38204600616262,28.98265638849233,63.32636784684667,1.2842356098037484,17.43742366933502,76.07347689357437,4.182579178586946,1015.7847682911623,11,5,4,1,108.0,93.0,48.0,111.0,102.0,92.0,-0.18518518518518523
Karachi,2026-04-11 12:29:07.097653,115,49.483586082039906,71.40838179918073,39.6519017648341,33.03671162203317,1.7500858077709536,19.3106454734135,67.51682488809708,4.336496247882706,1016.3118795601645,12,5,4,1,88.0,110.0,69.0,97.0,103.66666666666667,99.66666666666667,0.3068181818181819
Karachi,2026-04-11 13:29:07.097653,118,46.3021088571827,71.50687846264577,23.731676558161528,47.37695828544537,0.41126624537382284,23.052916992100428,79.30652112310909,5.188333671230263,1011.1288291259593,13,5,4,1,115.0,108.0,84.0,119.0,107.0,105.33333333333333,0.026086956521739202
Karachi,2026-04-11 14:29:07.097653,114,47.37133267410731,71.82845814371345,21.563746088199494,14.317620737716682,1.3852604757257103,25.346395285417493,54.13278263786723,6.6400696255348794,1014.8160659016831,14,5,4,1,118.0,88.0,93.0,97.0,115.66666666666667,108.83333333333333,-0.03389830508474578
Karachi,2026-04-11 15:29:07.097653,117,41.231508778487964,72.06817183238348,36.80263823932326,24.612211767904046,0.9511837753167274,23.419322003690873,49.19560256164125,2.9572752551170463,1011.0425328340976,15,5,4,1,114.0,115.0,110.0,103.0,116.33333333333333,110.0,0.026315789473684292
Karachi,2026-04-11 16:29:07.097653,107,43.42958017546293,56.26552119272465,32.39713208011892,44.007439120227936,1.0176071348114004,29.910292761899036,42.69583418948851,1.9578220757381675,1015.3904038749846,16,5,4,1,117.0,118.0,108.0,133.0,112.66666666666667,109.83333333333333,-0.0854700854700855
Karachi,2026-04-11 17:29:07.097653,94,22.905229162097257,57.15999729796651,36.87450030324896,16.01816146954481,2.414018349427735,32.20231100533117,68.6656872285761,4.227072258370376,1012.6297366514572,17,5,4,1,107.0,114.0,88.0,86.0,106.0,110.83333333333333,-0.12149532710280375
Karachi,2026-04-11 18:29:07.097653,78,30.644524940438192,38.77899932553015,20.766331970786265,69.03326484243561,0.7019285879650421,31.773632755342916,74.42997603377476,0.7114903674707596,1013.9754437452722,18,5,4,1,94.0,117.0,115.0,97.0,93.0,104.66666666666667,-0.17021276595744683
Karachi,2026-04-11 19:29:07.097653,47,10.776039639098101,29.04126912971729,25.18268074993474,60.26043470753535,0.9847395556729133,37.476339176880536,56.30748585596808,1.6425917357767772,1012.1583998143057,19,5,4,1,78.0,107.0,118.0,61.0,73.0,92.83333333333333,-0.39743589743589747
Karachi,2026-04-11 20:29:07.097653,71,34.6076818975296,39.02138044028735,9.614387834590012,76.05435694539463,1.421763666607918,31.634129787369627,70.67920924279383,4.99876189278558,1009.6198292692983,20,5,4,1,47.0,94.0,114.0,64.0,65.33333333333333,85.66666666666667,0.5106382978723405
Karachi,2026-04-11 21:29:07.097653,61,28.64788151256266,57.45632010537304,7.875200474971314,58.5426834174819,2.198659285929172,32.00523228353881,42.60786154266646,2.7517432503645916,1009.7802952960536,21,5,4,1,71.0,78.0,117.0,85.0,59.666666666666664,76.33333333333333,-0.14084507042253525
Karachi,2026-04-11 22:29:07.097653,58,25.570523087589386,34.536597196624776,18.940142132015893,75.82809605835298,1.216674183054015,31.138069418021093,44.964667314840185,0.583615083283922,1008.7756890726214,22,5,4,1,61.0,47.0,107.0,44.0,63.333333333333336,68.16666666666667,-0.049180327868852514
Karachi,2026-04-11 23:29:07.097653,31,20.353429765406226,7.888681414321276,9.083577263180016,48.81587889836755,1.9365036179539765,30.504479026910346,75.08773861292491,0.0203938692696517,1014.1807267972166,23,5,4,1,58.0,71.0,94.0,78.0,50.0,57.666666666666664,-0.4655172413793104
Karachi,2026-04-12 00:29:07.097653,33,8.76907815342624,19.197049450910242,10.707608974910737,52.015302774337854,2.1840230160725653,28.342550374067415,58.40348526086494,3.0974333587876144,1016.4863839795306,0,6,4,1,31.0,61.0,78.0,60.0,40.666666666666664,50.166666666666664,0.06451612903225801
Karachi,2026-04-12 01:29:07.097653,66,35.464623194106395,44.24658077189601,49.71106229666654,78.38797382383827,0.9820359828080678,24.256931271610423,73.56670155515027,5.283793073936019,1008.2083682626209,1,6,4,1,33.0,58.0,47.0,42.0,43.333333333333336,53.333333333333336,1.0
Karachi,2026-04-12 02:29:07.097653,53,26.03132205274873,45.442457916390396,7.1380533359179115,54.949040280498224,1.164050403785162,23.90690340752705,81.5860560139959,5.257091555062373,1008.6623950208835,2,6,4,1,66.0,31.0,71.0,63.0,50.666666666666664,50.333333333333336,-0.19696969696969702
Karachi,2026-04-12 03:29:07.097653,69,26.420946373902446,36.68996501548602,41.241853666410854,12.155059820252262,1.084423692114384,22.73420624763168,82.63112187380585,3.221761005785675,1012.5746699230291,3,6,4,1,53.0,33.0,61.0,73.0,62.666666666666664,51.666666666666664,0.3018867924528301
Karachi,2026-04-12 04:29:07.097653,65,31.84801099269749,26.59544159298503,19.99067618484703,60.66619436413663,2.1322827789594263,23.457144164123996,48.608382273222546,7.017818838192256,1015.3772073616819,4,6,4,1,69.0,66.0,58.0,74.0,62.333333333333336,52.833333333333336,-0.05797101449275366
Karachi,2026-04-12 05:29:07.097653,72,23.541240733686053,50.14375853506418,52.935012438946956,73.38280844961909,0.3975630962979225,23.747632297253446,64.31427861756733,2.7903592681190745,1009.5770764471196,5,6,4,1,65.0,53.0,31.0,48.0,68.66666666666667,59.666666666666664,0.10769230769230775
Karachi,2026-04-12 06:29:07.097653,94,33.50713202821762,45.39976460658677,31.674575651762474,65.69061748560287,0.978526395423096,20.7427445654258,76.69633618162433,2.7228647532051786,1010.716513195492,6,6,4,1,72.0,69.0,33.0,69.0,77.0,69.83333333333333,0.3055555555555556
Karachi,2026-04-12 07:29:07.097653,80,28.966611555727503,44.52509672582913,21.806705263030416,50.868329083779585,1.7946988267092858,15.721835330342241,78.69902981334552,2.1348718194779996,1010.3200620128181,7,6,4,1,94.0,65.0,66.0,84.0,82.0,72.16666666666667,-0.14893617021276595
Karachi,2026-04-12 08:29:07.097653,96,35.93183612132582,55.80412310838089,33.4701414629189,56.99124591654614,1.543975699043754,15.60838077874767,79.23379903644388,2.1052741016775687,1011.9905121867115,8,6,4,1,80.0,72.0,53.0,93.0,90.0,79.33333333333333,0.19999999999999996
Karachi,2026-04-12 09:29:07.097653,94,32.42884142820705,56.010376836611606,26.007691047489786,79.31342524761702,1.2598365904461275,16.953936234668753,51.408366719029225,4.704030069816989,1010.2499867701757,9,6,4,1,96.0,94.0,69.0,110.0,90.0,83.5,-0.02083333333333337
Karachi,2026-04-12 10:29:07.097653,99,45.900742816296,65.19130687782373,36.03655855684066,16.34634619565368,1.4878860998870458,21.640914547431667,49.62674088618867,6.127922673719408,1011.5259867854476,10,6,4,1,94.0,80.0,65.0,108.0,96.33333333333333,89.16666666666667,0.05319148936170204
Karachi,2026-04-12 11:29:07.097653,104,40.44180517280783,57.135041503694374,11.299307757949153,56.707138004326765,0.7346860888223002,19.012297646143832,69.50062341368479,1.3395307326654309,1015.2854259866194,11,6,4,1,99.0,96.0,72.0,88.0,99.0,94.5,0.05050505050505061
Karachi,2026-04-12 12:29:07.097653,113,47.09532747158668,65.80936992736932,59.83447765469031,29.837838619941568,1.247576567537623,18.34498501892514,77.054289886911,3.924504658586097,1014.1100924845418,12,6,4,1,104.0,94.0,94.0,115.0,105.33333333333333,97.66666666666667,0.08653846153846145
Karachi,2026-04-12 13:29:07.097653,101,37.86686135341956,60.963764454636824,28.405573273319465,54.8063277610319,1.4037465651879681,21.927093365273763,55.95697577670966,5.093758064646575,1008.8118170539169,13,6,4,1,113.0,99.0,80.0,118.0,106.0,101.16666666666667,-0.10619469026548678
Karachi,2026-04-12 14:29:07.097653,124,40.82382509611181,76.08704605843188,24.152685183905277,52.53365031187572,2.2826160683001238,26.514112003638836,45.235257843121076,3.0224163063917984,1014.3774566624572,14,6,4,1,101.0,104.0,96.0,114.0,112.66666666666667,105.83333333333333,0.2277227722772277
Karachi,2026-04-12 15:29:07.097653,87,36.46792435287866,53.4590737390457,44.06154165739457,20.741978247571346,0.873837358168748,28.45043291461234,75.83731914550387,1.5665609150544606,1012.7707717155921,15,6,4,1,124.0,113.0,94.0,117.0,104.0,104.66666666666667,-0.2983870967741935
Karachi,2026-04-12 16:29:07.097653,92,27.317495257932965,58.806201404328405,25.014467357243287,24.47226520181674,2.2092227047628517,28.59956666701669,54.984891569000226,3.4945799991485047,1017.3456557470714,16,6,4,1,87.0,101.0,99.0,107.0,101.0,103.5,0.05747126436781613
Karachi,2026-04-12 17:29:07.097653,81,32.12427196115786,55.4518793645117,50.83008677658167,53.51407046302494,1.7173310818171603,32.02368359661244,48.318136215586094,4.522861248121786,1010.8930431710405,17,6,4,1,92.0,124.0,104.0,94.0,86.66666666666667,99.66666666666667,-0.11956521739130432
Karachi,2026-04-12 18:29:07.097653,101,33.84029211195835,64.16387388439134,29.98488983982339,18.97609631126419,0.34474982834872214,27.381858825181844,47.38617641985658,1.1051542099630822,1015.2616641969915,18,6,4,1,81.0,87.0,113.0,78.0,91.33333333333333,97.66666666666667,0.24691358024691357
Karachi,2026-04-12 19:29:07.097653,75,40.00988011399324,48.738934364832545,44.57571272959892,28.5626612591226,1.894188941178666,32.935065080377946,55.74547737633581,2.4916909382512262,1015.3086082304457,19,6,4,1,101.0,92.0,101.0,47.0,85.66666666666667,93.33333333333333,-0.25742574257425743
Karachi,2026-04-12 20:29:07.097653,80,36.74788084768542,35.6288155212459,10.90992690430376,68.46718834166018,0.3782141306079212,34.72137084273726,69.63390329568728,0.6890079157424718,1010.2150078100918,20,6,4,1,75.0,81.0,124.0,71.0,85.33333333333333,86.0,0.06666666666666665
Karachi,2026-04-12 21:29:07.097653,36,15.130125343897005,22.303856174634845,51.53655520553115,32.896405420114704,2.494238478990389,31.06168006000348,57.92011193469083,2.1402950971607053,1017.0322362497094,21,6,4,1,80.0,101.0,87.0,61.0,63.666666666666664,77.5,-0.55
Karachi,2026-04-12 22:29:07.097653,58,29.528530138075638,38.651055508716304,45.464489272796044,44.16421093887641,2.219800712920635,30.255526157282933,41.03309257967158,5.0540088235753124,1012.911832004296,22,6,4,1,36.0,75.0,92.0,58.0,58.0,71.83333333333333,0.6111111111111112
Karachi,2026-04-12 23:29:07.097653,64,21.515094970943125,44.451541843971306,16.644422815408113,75.87982346020883,0.9541562445881004,26.92395794396543,44.845421733890554,2.9925029323962966,1014.7888336688931,23,6,4,1,58.0,80.0,81.0,31.0,52.666666666666664,69.0,0.10344827586206895
Karachi,2026-04-13 00:29:07.097653,51,23.211100829003012,25.20174970960846,12.990730536018265,25.90043621858624,0.866304706432752,32.17979118962138,54.52516235993095,6.195349993409966,1009.458555588835,0,0,4,0,64.0,36.0,101.0,33.0,57.666666666666664,60.666666666666664,-0.203125
Karachi,2026-04-13 01:29:07.097653,67,27.800824503516857,34.93034430327577,22.396079179909343,37.27382121506073,1.1391703806323397,25.63024440677703,72.9852241073546,4.714644383812354,1010.5780391699197,1,0,4,0,51.0,58.0,75.0,66.0,60.666666666666664,59.333333333333336,0.3137254901960784
Karachi,2026-04-13 02:29:07.097653,46,19.824064860652854,23.163141278707965,58.68388223175474,52.45204428804819,1.0835673236917747,25.482086555724223,44.92575367342669,2.291580476669102,1013.8610711793722,2,0,4,0,67.0,64.0,80.0,53.0,54.666666666666664,53.666666666666664,-0.31343283582089554
Karachi,2026-04-13 03:29:07.097653,79,38.33257076740875,52.247516099443104,19.125736601188223,62.87372506527805,1.1191432004478383,24.13728172214658,68.03284267503409,2.8336386797911826,1011.1902726837335,3,0,4,0,46.0,51.0,36.0,69.0,64.0,60.833333333333336,0.7173913043478262
Karachi,2026-04-13 04:29:07.097653,99,43.45584925561452,67.96113155196691,30.08699649206483,73.11573706988935,1.000208401462857,24.024135898282907,45.994293541200214,4.132354781540345,1012.9969291857097,4,0,4,0,79.0,67.0,58.0,65.0,74.66666666666667,67.66666666666667,0.25316455696202533
Karachi,2026-04-13 05:29:07.097653,66,28.160758410256914,36.81602928586488,6.651112414453497,74.08310913014606,1.6664934950663293,19.03535020253635,50.580766367469074,4.933766833511487,1011.7400519937329,5,0,4,0,99.0,46.0,64.0,72.0,81.33333333333333,68.0,-0.33333333333333337
Karachi,2026-04-13 06:29:07.097653,73,21.052547690453892,51.25417581640944,26.84751412614279,64.36480520608362,0.6613800601853728,16.99293718216765,48.60942637778814,3.645341261484023,1014.4055379664405,6,0,4,0,66.0,79.0,51.0,94.0,79.33333333333333,71.66666666666667,0.10606060606060597
Karachi,2026-04-13 07:29:07.097653,109,39.02590392753915,66.72704157922144,36.42260084882065,25.98315856153173,2.161158843381229,17.61872868682856,43.36143177854053,5.2111862905789685,1012.8714536278081,7,0,4,0,73.0,99.0,67.0,80.0,82.66666666666667,78.66666666666667,0.4931506849315068
Karachi,2026-04-13 08:29:07.097653,118,46.863888206405655,70.22186309427691,57.42185368793808,11.736653102979606,2.0872854648688937,19.568160553084574,73.56649086932951,2.406662526651057,1008.0460993597317,8,0,4,0,109.0,66.0,46.0,96.0,100.0,90.66666666666667,0.08256880733944949
Karachi,2026-04-13 09:29:07.097653,93,37.81498308270222,54.33110797843469,33.420482471703544,36.86417512489366,1.348263057281595,16.932248326885887,63.170177369301726,1.0057129064286274,1014.4968083794538,9,0,4,0,118.0,73.0,79.0,94.0,106.66666666666667,93.0,-0.211864406779661
Karachi,2026-04-13 10:29:07.097653,99,34.22016531946851,65.77966683107444,50.050902939772826,19.908419569147632,2.176005923612805,16.16205860655634,81.55267204486691,2.8703814928777396,1012.2212155705018,10,0,4,0,93.0,109.0,99.0,99.0,103.33333333333333,93.0,0.06451612903225801
Karachi,2026-04-13 11:29:07.097653,104,53.95878564019789,65.45522592775522,35.092020341289526,59.727135320680866,0.8437191540666453,16.261630133876896,44.94454199911585,3.410369781472367,1011.4169834049022,11,0,4,0,99.0,118.0,66.0,104.0,98.66666666666667,99.33333333333333,0.05050505050505061
Karachi,2026-04-13 12:29:07.097653,89,43.515267210062206,72.10654882187261,7.243175738953496,56.279141077800176,0.3386440025487273,18.55740523078955,47.23664666690361,0.5969292105214263,1008.9414675228322,12,0,4,0,104.0,93.0,73.0,113.0,97.33333333333333,102.0,-0.14423076923076927
Karachi,2026-04-13 13:29:07.097653,95,41.08978983852605,50.30100021086685,22.325455135437572,13.078014913501839,1.6622574350656107,24.658230633993163,55.32288656752253,0.32655583170675584,1010.203696905665,13,0,4,0,89.0,99.0,109.0,101.0,96.0,99.66666666666667,0.0674157303370786
Karachi,2026-04-13 14:29:07.097653,90,36.72764455131958,58.69600398359109,36.65522293071068,68.56156453916657,1.307400695322374,24.358751047386377,78.29329934694042,3.894772592946855,1010.2377229158085,14,0,4,0,95.0,104.0,118.0,124.0,91.33333333333333,95.0,-0.052631578947368474
Karachi,2026-04-13 15:29:07.097653,89,34.81745113410805,49.58413589692859,57.28266812621184,27.412028640382758,1.5477620018509155,25.855510540978745,55.28794115778494,2.1872862972591527,1017.3536949940473,15,0,4,0,90.0,89.0,93.0,87.0,91.33333333333333,94.33333333333333,-0.011111111111111072
Karachi,2026-04-13 16:29:07.097653,94,33.03229837556814,49.73354011760982,52.25216978631783,40.255895284372954,2.278546699840487,27.568065553632117,60.42093537493463,2.668318188675996,1012.3251297474654,16,0,4,0,89.0,95.0,99.0,92.0,91.0,93.5,0.05617977528089879
Karachi,2026-04-13 17:29:07.097653,91,36.89851952904369,54.67973830839428,17.55955877983662,56.75536148190197,2.4338362618450757,30.826945969892744,55.08017831485823,2.280614668598353,1008.4206584721517,17,0,4,0,94.0,90.0,104.0,81.0,91.33333333333333,91.33333333333333,-0.03191489361702127
Karachi,2026-04-13 18:29:07.097653,103,42.591765657598216,63.053324270582976,17.106040651053995,40.059315079657736,1.695796907462327,31.44929304274434,44.011214590051495,6.041201803526423,1009.3881668224332,18,0,4,0,91.0,89.0,89.0,101.0,96.0,93.66666666666667,0.13186813186813184
Karachi,2026-04-13 19:29:07.097653,57,16.695244336928884,57.701459261986244,16.064513191264542,40.89014619599604,1.9809222976753647,32.181142322874045,86.97168114480937,5.523522320790001,1008.7903267573291,19,0,4,0,103.0,94.0,95.0,75.0,83.66666666666667,87.33333333333333,-0.44660194174757284
Karachi,2026-04-13 20:29:07.097653,79,33.576816477084,46.38573506082365,55.737439296637675,14.593959673501827,0.4843785536717614,35.69864785562148,67.42694960355945,0.5252926199216637,1013.8886939020721,20,0,4,0,57.0,91.0,90.0,80.0,79.66666666666667,85.5,0.38596491228070184
Karachi,2026-04-13 21:29:07.097653,55,21.454490316284637,24.3047485047351,51.896638420594634,38.10104844820027,0.6535742867613124,35.803439174035816,79.39165940927484,1.934413573839106,1009.8662149156683,21,0,4,0,79.0,103.0,89.0,36.0,63.666666666666664,79.83333333333333,-0.30379746835443033
Karachi,2026-04-13 22:29:07.097653,53,11.771875107285188,34.1504550849633,47.61858877391218,63.53935252539884,1.9130505708965486,28.70815988445752,72.9178546092648,4.700008535939186,1012.9855764028177,22,0,4,0,55.0,57.0,94.0,58.0,62.333333333333336,73.0,-0.036363636363636376
Karachi,2026-04-13 23:29:07.097653,61,20.155881983633293,20.089590255925252,26.600431282332515,74.06234360306185,1.2490040040536043,31.312039711778294,65.71271395309876,4.203872474206484,1011.7006206286998,23,0,4,0,53.0,79.0,91.0,64.0,56.333333333333336,68.0,0.15094339622641506
Karachi,2026-04-14 00:29:07.097653,33,11.19564020351799,19.159847545105187,32.74093873643217,38.94479959443602,1.2811235948896926,27.446275802757214,44.483912832969004,2.9170840753404286,1016.038763771442,0,1,4,0,61.0,55.0,103.0,51.0,49.0,56.333333333333336,-0.4590163934426229
Karachi,2026-04-14 01:29:07.097653,56,32.14178684833644,34.183225100814504,30.538245963733406,39.65100788153552,0.9789368995979606,26.57405013309798,72.13667726351522,0.7247995900715294,1011.2048963726536,1,1,4,0,33.0,53.0,57.0,67.0,50.0,56.166666666666664,0.696969696969697
Karachi,2026-04-14 02:29:07.097653,56,25.389174026533865,40.2664156693593,18.936895915765497,59.18389744265565,1.6361840436510364,25.618556770253388,47.76851779684161,1.6349199076929086,1012.582654823968,2,1,4,0,56.0,61.0,79.0,46.0,48.333333333333336,52.333333333333336,0.0
Karachi,2026-04-14 03:29:07.097653,66,19.79201836431087,47.49311731013826,32.776542538182184,75.99404007736936,0.7073630999156457,22.504007805317993,60.71915846781383,1.9664648649074206,1015.2128554859783,3,1,4,0,56.0,33.0,55.0,79.0,59.333333333333336,54.166666666666664,0.1785714285714286
Karachi,2026-04-14 04:29:07.097653,69,30.165193310535095,37.57396084390862,6.677310131901495,28.694265816755216,1.6792158144905704,21.460919761255266,71.45565717402152,3.553988662238201,1012.3335120693064,4,1,4,0,66.0,56.0,53.0,99.0,63.666666666666664,56.833333333333336,0.045454545454545414
Karachi,2026-04-14 05:29:07.097653,109,35.88945235354329,64.2340463303132,12.249570542360253,40.81009445765558,0.6823574856975273,20.689086162571456,79.11145002360617,6.407454309394476,1015.9321553601319,5,1,4,0,69.0,56.0,61.0,66.0,81.33333333333333,64.83333333333333,0.5797101449275361
Karachi,2026-04-14 06:29:07.097653,70,33.58701536392747,36.13137349685279,53.762427789292055,65.71812704866107,0.4404172763613699,18.66095037080513,74.25225878543097,1.626239530423744,1014.6168435623666,6,1,4,0,109.0,66.0,33.0,73.0,82.66666666666667,71.0,-0.35779816513761464
Karachi,2026-04-14 07:29:07.097653,79,29.564223552129953,38.855269778367465,46.34238718672828,52.6785498561827,1.0267869151379343,15.978920781352208,73.57667645273145,0.9479295048895198,1012.1052911394671,7,1,4,0,70.0,69.0,56.0,109.0,86.0,74.83333333333333,0.12857142857142856
Karachi,2026-04-14 08:29:07.097653,85,33.79297589775556,53.87089349722219,28.25776249824979,17.74104407747683,0.808508752421665,15.741600786059353,47.45211045876037,2.7828270463441136,1013.0398192568637,8,1,4,0,79.0,109.0,56.0,118.0,78.0,79.66666666666667,0.07594936708860756
Karachi,2026-04-14 09:29:07.097653,92,43.781401896987994,45.53994360014277,33.44326992561325,53.9412914893586,2.255781604823931,14.393182796451384,57.306427003579394,5.063477961028118,1017.672034558422,9,1,4,0,85.0,70.0,66.0,93.0,85.33333333333333,84.0,0.08235294117647052
Karachi,2026-04-14 10:29:07.097653,96,32.132164238652905,54.53495791778632,25.349938727798758,23.072239921812884,0.4208975985109785,16.363956174683057,42.14561363300971,0.10623406647859346,1014.616114965084,10,1,4,0,92.0,79.0,69.0,99.0,91.0,88.5,0.04347826086956519
Karachi,2026-04-14 11:29:07.097653,126,43.73961817654918,68.1264219739773,45.742892693836986,45.71511538548829,0.6885501236630702,23.267282474304675,75.97384465882323,5.9072683017498955,1017.0499522597232,11,1,4,0,96.0,85.0,109.0,104.0,104.66666666666667,91.33333333333333,0.3125
Karachi,2026-04-14 12:29:07.097653,131,49.6050288562091,83.18200372223076,48.130294857764376,47.037228736230695,1.507183132282709,19.415992851809513,87.62929906587095,2.655937275768661,1009.7875850347107,12,1,4,0,126.0,92.0,70.0,89.0,117.66666666666667,101.5,0.039682539682539764
Karachi,2026-04-14 13:29:07.097653,100,45.358526408068556,74.66138902358985,46.98068546117375,71.33423535574894,1.358347819864442,20.542690014292194,53.205519508953785,1.5313599953732526,1012.8323615624515,13,1,4,0,131.0,96.0,79.0,95.0,119.0,105.0,-0.23664122137404575
Karachi,2026-04-14 14:29:07.097653,93,29.801441029403676,45.68455324775519,44.74364486589473,42.37459918087067,0.4008744404243434,25.639855723689546,44.38483545811547,0.20037857352431887,1017.0866166984505,14,1,4,0,100.0,126.0,85.0,90.0,108.0,106.33333333333333,-0.06999999999999995
Karachi,2026-04-14 15:29:07.097653,108,29.152996722004154,50.14651420565494,16.247738628103768,29.560969556512596,0.31595534163331784,26.849822842236446,63.77850383768268,4.413041546841255,1011.2261206144142,15,1,4,0,93.0,131.0,92.0,89.0,100.33333333333333,109.0,0.16129032258064524
Karachi,2026-04-14 16:29:07.097653,86,32.43086744226918,51.03089751867072,23.588348858226333,26.167644375122208,2.47374947231453,28.60881352630155,82.83491115637844,2.65765760951693,1017.6766419814642,16,1,4,0,108.0,100.0,96.0,94.0,95.66666666666667,107.33333333333333,-0.20370370370370372
Karachi,2026-04-14 17:29:07.097653,97,41.662123447317924,58.48071153930704,30.841498924102122,71.19763136790353,1.7494363407894442,33.47494618231656,67.59870976358899,3.341410965509014,1008.9707749047366,17,1,4,0,86.0,93.0,126.0,91.0,97.0,102.5,0.12790697674418605
Karachi,2026-04-14 18:29:07.097653,83,39.21884687380195,51.57558164172007,23.19361452852106,21.97075980927599,1.103893487983425,33.02645658139224,42.338857509505665,1.1983765179772723,1017.0267117027504,18,1,4,0,97.0,108.0,131.0,103.0,88.66666666666667,94.5,-0.14432989690721654
Karachi,2026-04-14 19:29:07.097653,49,17.483899958359366,26.128996031304776,46.521711008708095,39.810799261820065,1.334950944859131,31.6674207469056,88.7136120263973,2.3618079314979523,1012.4521212206586,19,1,4,0,83.0,86.0,100.0,57.0,76.33333333333333,86.0,-0.40963855421686746
Karachi,2026-04-14 20:29:07.097653,88,33.22789817240036,51.32243242136711,23.114443833747508,23.10211804488629,0.8864102649994312,32.15104816481644,81.43249549813004,2.0268375072905243,1008.7374416514116,20,1,4,0,49.0,97.0,93.0,79.0,73.33333333333333,85.16666666666667,0.7959183673469388
Karachi,2026-04-14 21:29:07.097653,85,40.0594883356133,54.37506028082666,12.602764773193543,64.13128280800628,1.0587223241250616,31.72223358250118,46.579703852575506,2.7988137892435847,1016.7952159258609,21,1,4,0,88.0,83.0,108.0,55.0,74.0,81.33333333333333,-0.03409090909090906
Karachi,2026-04-14 22:29:07.097653,44,8.582254513203319,35.219891658679344,26.947224862656725,43.20608479822333,1.727897827990071,33.67768247343602,86.08988782517545,1.660895347248379,1010.5194021240911,22,1,4,0,85.0,49.0,86.0,53.0,72.33333333333333,74.33333333333333,-0.48235294117647054
Karachi,2026-04-14 23:29:07.097653,45,16.140076849000227,11.48363092482665,58.89529380303092,34.58005833897684,2.2421859575082155,30.040558990586106,62.53441443025943,0.06836192137444286,1008.2225012549522,23,1,4,0,44.0,88.0,97.0,61.0,58.0,65.66666666666667,0.022727272727272707
Karachi,2026-04-15 00:29:07.097653,54,22.667311793974722,29.621273004272446,17.423477711346674,35.27697484385268,0.7050860507786068,25.413692995091694,58.594899528747064,8.456999490593214,1009.3580710556919,0,2,4,0,45.0,85.0,83.0,33.0,47.666666666666664,60.833333333333336,0.19999999999999996
Karachi,2026-04-15 01:29:07.097653,56,24.6617244308785,35.3339165882085,38.6687262418776,69.65499447060856,2.1487953118477012,26.973913003351477,63.05266652635941,0.27319150532497183,1014.5911474189976,1,2,4,0,54.0,44.0,49.0,56.0,51.666666666666664,62.0,0.03703703703703698
Karachi,2026-04-15 02:29:07.097653,63,23.009927324669306,30.994632349049684,28.813517741183848,48.76417680061067,0.567424584940192,21.925947997744142,81.72859784354736,3.362918013885078,1017.778114891382,2,2,4,0,56.0,45.0,88.0,56.0,57.666666666666664,57.833333333333336,0.125
Karachi,2026-04-15 03:29:07.097653,88,35.74815091688874,67.21327584167769,8.906351220712965,60.25074957918845,0.7729828918944607,27.297908842689633,72.97398391433929,0.5440556568480845,1009.1146213958351,3,2,4,0,63.0,54.0,85.0,66.0,69.0,58.333333333333336,0.39682539682539675
Karachi,2026-04-15 04:29:07.097653,62,12.496679867970757,32.32419591072366,31.833213329893272,72.79269613754792,0.38178563370922114,19.06866417230554,42.96242261998638,0.9940948732359498,1012.6194804812476,4,2,4,0,88.0,56.0,44.0,69.0,71.0,61.333333333333336,-0.2954545454545454
Karachi,2026-04-15 05:29:07.097653,60,20.813145929869787,35.82624049125028,43.61903807565719,73.12191732284495,0.6097860966045988,19.01941621979216,87.88021855580854,3.195652983704535,1009.8063655094753,5,2,4,0,62.0,63.0,45.0,109.0,70.0,63.833333333333336,-0.032258064516129004
Karachi,2026-04-15 06:29:07.097653,59,25.991628194685177,40.03430372260758,33.22709867053003,32.99563380365042,2.3180669200209114,18.588202239126762,47.389206673915886,3.3487351755366066,1015.4503653410159,6,2,4,0,60.0,88.0,54.0,70.0,60.333333333333336,64.66666666666667,-0.01666666666666672
Karachi,2026-04-15 07:29:07.097653,76,25.808778130305342,41.350094141952944,52.965833506061955,76.67158842024698,1.310765242560433,16.695277068328995,77.27839758676755,5.522997981604767,1009.1805889976181,7,2,4,0,59.0,62.0,56.0,79.0,65.0,68.0,0.2881355932203389
Karachi,2026-04-15 08:29:07.097653,94,38.0961592707052,41.92927286170048,20.891535916167044,11.74131174102238,0.4708648959123778,16.419939197067613,71.80682652140655,3.799093682031412,1010.3984174848089,8,2,4,0,76.0,60.0,63.0,85.0,76.33333333333333,73.16666666666667,0.23684210526315796
Karachi,2026-04-15 09:29:07.097653,128,53.486991059358786,73.44970661768566,9.743704421718071,36.3784892711316,2.411399043685715,18.116247962009208,49.37640239732804,2.7003785625084182,1009.9640596764907,9,2,4,0,94.0,59.0,88.0,92.0,99.33333333333333,79.83333333333333,0.36170212765957444
Karachi,2026-04-15 10:29:07.097653,98,37.57389104690741,67.16548002421068,56.51110864119033,72.70592002561891,2.2337830770690306,21.12422868731705,48.53660380565248,1.1007995118699916,1013.5251978036698,10,2,4,0,128.0,76.0,62.0,96.0,106.66666666666667,85.83333333333333,-0.234375
Karachi,2026-04-15 11:29:07.097653,112,45.786156480285065,64.7055954236722,25.800799224052046,29.224581587188805,1.960301545909911,20.878163914142217,83.5163796852346,5.998024136467097,1016.7318409200063,11,2,4,0,98.0,94.0,60.0,126.0,112.66666666666667,94.5,0.1428571428571428
Karachi,2026-04-15 12:29:07.097653,109,39.08779979714043,59.080719523673395,36.70230532994984,29.115701522492287,2.353640142284627,23.957027757147085,60.98474617497986,4.857702492100448,1013.1109020115642,12,2,4,0,112.0,128.0,59.0,131.0,106.33333333333333,102.83333333333333,-0.0267857142857143
Karachi,2026-04-15 13:29:07.097653,126,49.6884131576771,83.48758201025775,48.56017193716078,31.18355995573221,0.7842847258386811,20.83620942299283,72.72882570870692,0.5073410445031508,1008.5824345277147,13,2,4,0,109.0,98.0,76.0,100.0,115.66666666666667,111.16666666666667,0.15596330275229353
Karachi,2026-04-15 14:29:07.097653,143,60.60498024860111,83.68464993279807,22.837251513156932,52.861936939284554,2.14001244462219,25.634725266510724,65.20355019283366,3.0759274564212706,1013.6338893059683,14,2,4,0,126.0,112.0,94.0,93.0,126.0,119.33333333333333,0.13492063492063489
Karachi,2026-04-15 15:29:07.097653,93,38.08493354155882,51.86881659587323,44.38904959976861,40.683294293004764,1.8179806319794738,27.381044464936725,76.36767585379798,3.2881044630529934,1015.9752099931801,15,2,4,0,143.0,109.0,128.0,108.0,120.66666666666667,113.5,-0.3496503496503497
Karachi,2026-04-15 16:29:07.097653,87,32.13070699707099,53.790693734642474,12.448036739980541,60.87143854473398,2.2134703490489143,29.70218258335347,63.96211875196653,2.3086926867886617,1009.3215619730432,16,2,4,0,93.0,126.0,98.0,86.0,107.66666666666667,111.66666666666667,-0.06451612903225812
Karachi,2026-04-15 17:29:07.097653,103,42.49187582509865,68.22219238241732,21.02115609630279,72.6437449795266,2.0532054446337855,33.40931819076353,54.36899576277842,4.54370097161359,1008.7271121434459,17,2,4,0,87.0,143.0,112.0,97.0,94.33333333333333,110.16666666666667,0.1839080459770115
Karachi,2026-04-15 18:29:07.097653,90,39.66439789094096,73.19073166049716,12.959084987508595,57.19395624600025,1.062289138989015,31.4866249306914,58.16916854982482,4.663466276696354,1009.8780777755757,18,2,4,0,103.0,93.0,109.0,83.0,93.33333333333333,107.0,-0.12621359223300976
Karachi,2026-04-15 19:29:07.097653,99,29.72470902029857,66.57951198103831,49.61768071207468,24.312670413830283,2.0036767814379624,31.916399877204373,82.95388472251713,2.619028604389788,1015.4608632282162,19,2,4,0,90.0,87.0,126.0,49.0,97.33333333333333,102.5,0.10000000000000009
Karachi,2026-04-15 20:29:07.097653,73,35.29893943673528,53.53407339904044,17.245707937473195,75.28773316523515,0.8774038665667587,34.06796159483733,63.40173464613635,2.438261508404683,1013.91680419532,20,2,4,0,99.0,103.0,143.0,88.0,87.33333333333333,90.83333333333333,-0.26262626262626265
Karachi,2026-04-15 21:29:07.097653,53,19.67769238763372,27.99071952965577,44.45719554728657,28.514501134323496,1.0229027586617208,29.171001155180853,50.672466612230465,5.997916925335064,1013.4059465396175,21,2,4,0,73.0,90.0,93.0,85.0,75.0,84.16666666666667,-0.273972602739726
Karachi,2026-04-15 22:29:07.097653,62,27.27907380494175,29.520491360355084,56.88141184851089,20.49260067297107,0.5373925778905475,31.454499132031152,86.73026940386266,4.8656777847244745,1010.4947989463177,22,2,4,0,53.0,99.0,87.0,44.0,62.666666666666664,80.0,0.16981132075471694
Karachi,2026-04-15 23:29:07.097653,67,33.04734618625477,41.09031814899593,34.02747149878823,16.29770952026726,2.357168555157031,30.388458870921475,79.83002282491884,3.144720779816769,1011.3223659524685,23,2,4,0,62.0,73.0,103.0,45.0,60.666666666666664,74.0,0.08064516129032251
Karachi,2026-04-16 00:29:07.097653,62,18.064524601031856,38.24169895285304,34.70160557433782,49.436861846631594,0.9402073994806195,27.159282767386145,42.78330730280996,0.2584180781601071,1017.6588501294334,0,3,4,0,67.0,53.0,90.0,54.0,63.666666666666664,69.33333333333333,-0.07462686567164178
Karachi,2026-04-16 01:29:07.097653,58,19.905329259037234,26.55069947584567,30.35684624537966,17.963372373645626,1.445369423377194,29.18467038353332,89.9471480990259,3.688000212610072,1010.4062522672939,1,3,4,0,62.0,62.0,99.0,56.0,62.333333333333336,62.5,-0.06451612903225812
Karachi,2026-04-16 02:29:07.097653,70,26.564999812743135,40.609258698950384,22.923957886650353,19.71431188788415,1.160932240225624,22.87551936531343,74.74633482200511,4.396166929835337,1017.0164542325509,2,3,4,0,58.0,67.0,73.0,63.0,63.333333333333336,62.0,0.2068965517241379
Karachi,2026-04-16 03:29:07.097653,76,26.61172456281333,48.990279066406245,31.16102670087044,31.002133641684765,2.4118418652837033,22.657701542452237,48.013329952029345,2.509043256796746,1013.8053150445774,3,3,4,0,70.0,62.0,53.0,88.0,68.0,65.83333333333333,0.08571428571428563
Karachi,2026-04-16 04:29:07.097653,85,42.9676368254092,54.32257807948238,38.154414274671765,29.71571067791247,1.0371081760646614,21.586314450645936,51.85838406492982,3.503738896636051,1009.2329646637124,4,3,4,0,76.0,58.0,62.0,62.0,77.0,69.66666666666667,0.11842105263157898
Karachi,2026-04-16 05:29:07.097653,81,28.502570315173642,53.21394900353559,59.22953646938627,52.29676572324996,2.0128008071299157,22.050048873459858,74.62227406207734,2.166616026408529,1012.6731237815507,5,3,4,0,85.0,70.0,67.0,60.0,80.66666666666667,72.0,-0.04705882352941182
Karachi,2026-04-16 06:29:07.097653,77,28.219557620664542,48.823655118247856,56.57705076250233,67.1721695630877,2.181915540188596,18.050683899962785,78.98805276395609,2.5582914397408967,1017.4854871736087,6,3,4,0,81.0,76.0,62.0,59.0,81.0,74.5,-0.04938271604938271
Karachi,2026-04-16 07:29:07.097653,89,37.008055817845076,49.92309671558483,52.4184127061217,63.29447593420247,1.258334294458125,19.144900577943876,51.951797157490304,1.1852380944733587,1012.1856559813735,7,3,4,0,77.0,85.0,58.0,76.0,82.33333333333333,79.66666666666667,0.1558441558441559
Karachi,2026-04-16 08:29:07.097653,113,39.2283061686697,63.74737568538446,53.90217946376721,28.37391183015337,1.1319779917964488,18.401190794554253,52.84844269496354,2.703621419192716,1016.6338656478936,8,3,4,0,89.0,81.0,70.0,94.0,93.0,86.83333333333333,0.2696629213483146
Karachi,2026-04-16 09:29:07.097653,88,33.60526378953384,43.78388983852172,30.731705081062362,27.171734859018596,1.9450408060517816,17.51950850202574,55.35603474360304,5.783983152362662,1010.5642869465171,9,3,4,0,113.0,77.0,76.0,128.0,96.66666666666667,88.83333333333333,-0.22123893805309736
Karachi,2026-04-16 10:29:07.097653,111,46.191611004901546,81.18471736145676,41.159437994760566,77.60540710748774,2.308371156673715,15.892769953177583,69.90091824183183,2.1072030023689687,1013.7092215180037,10,3,4,0,88.0,89.0,85.0,98.0,104.0,93.16666666666667,0.26136363636363646
Karachi,2026-04-16 11:29:07.097653,103,39.56677501959211,61.95421847921133,54.22866976149178,10.57653691143721,1.9608498127589244,16.473984028698922,48.590808915063846,4.9311471175863675,1016.4385205820197,11,3,4,0,111.0,113.0,81.0,112.0,100.66666666666667,96.83333333333333,-0.07207207207207211
Karachi,2026-04-16 12:29:07.097653,110,43.70553464310916,64.45987896005452,26.61229207452442,71.5804373142151,0.7996780043021043,21.213010802838372,45.21215994423888,1.3873375622407795,1017.2068844116969,12,3,4,0,103.0,88.0,77.0,109.0,108.0,102.33333333333333,0.06796116504854366
Karachi,2026-04-16 13:29:07.097653,128,48.61516052887075,69.46239498504924,57.896936309000786,23.980996338568346,2.254277044362952,21.844053891374607,73.94320445427567,4.517512385312077,1012.8582336715131,13,3,4,0,110.0,111.0,89.0,126.0,113.66666666666667,108.83333333333333,0.16363636363636358
Karachi,2026-04-16 14:29:07.097653,108,35.966547707628855,88.79361209892124,27.868233413805065,76.30990261628375,1.1526796683610327,26.838522183362585,78.95489698965851,3.0033117112439025,1014.3968810214543,14,3,4,0,128.0,103.0,113.0,143.0,115.33333333333333,108.0,-0.15625
Karachi,2026-04-16 15:29:07.097653,101,42.371866719871655,52.55922673698003,38.05954659662686,33.96150993792638,1.5677047059114555,28.56226539701732,65.04647022082527,3.7040496575785613,1008.0298013078233,15,3,4,0,108.0,110.0,88.0,93.0,112.33333333333333,110.16666666666667,-0.06481481481481477
Karachi,2026-04-16 16:29:07.097653,74,38.61552851235669,41.330511326332136,44.03925922998046,40.82462417252766,2.1291583624439645,28.6307780111259,58.19163551341927,3.0143065121949753,1010.532233075134,16,3,4,0,101.0,128.0,111.0,87.0,94.33333333333333,104.0,-0.26732673267326734
Karachi,2026-04-16 17:29:07.097653,98,39.67535809131077,62.701719596378844,57.28256071917661,59.498442976106666,0.7144684882810829,28.34142840160984,61.60213567632382,4.283250464882417,1010.7871210374694,17,3,4,0,74.0,108.0,103.0,103.0,91.0,103.16666666666667,0.32432432432432434
Karachi,2026-04-16 18:29:07.097653,89,36.9992256730842,58.6110613562239,18.45389507287463,51.136833603128224,2.025922298490617,32.94967432949005,59.420391693597594,2.135170235867516,1008.9349301165444,18,3,4,0,98.0,101.0,110.0,90.0,87.0,99.66666666666667,-0.09183673469387754
Karachi,2026-04-16 19:29:07.097653,104,45.337313574186815,70.47400613962924,46.03720380312532,32.2557530794776,1.6115581554034906,30.69150771804225,87.99924541188376,0.16034937308486086,1010.7969501335698,19,3,4,0,89.0,74.0,128.0,99.0,97.0,95.66666666666667,0.1685393258426966
Karachi,2026-04-16 20:29:07.097653,60,17.806678107548507,50.69086394757711,33.64485723792452,48.76816411074765,2.265351612020738,31.48307215413827,78.40449526095702,3.8341609960172893,1011.2112203305813,20,3,4,0,104.0,98.0,108.0,73.0,84.33333333333333,87.66666666666667,-0.42307692307692313
Karachi,2026-04-16 21:29:07.097653,62,33.3421938823931,41.2936921313033,19.770642734135258,61.149481905402034,0.6783348840557946,30.76857513388224,50.40436074250552,1.0870767077924715,1017.687660395682,21,3,4,0,60.0,89.0,101.0,53.0,75.33333333333333,81.16666666666667,0.03333333333333344
Karachi,2026-04-16 22:29:07.097653,57,24.11564123896528,26.20774948554356,47.71337618880148,12.963446213174446,1.2255009214900425,31.651201186395603,59.209457602699004,1.9388392887055814,1014.6860238056083,22,3,4,0,62.0,104.0,74.0,62.0,59.666666666666664,78.33333333333333,-0.08064516129032262
Karachi,2026-04-16 23:29:07.097653,74,38.032894258557576,42.75485364369379,35.372225409561565,10.783951367899288,2.1322548043070424,32.9972389176335,67.20061456815549,2.8913183179267006,1012.2600507941635,23,3,4,0,57.0,60.0,98.0,67.0,64.33333333333333,74.33333333333333,0.29824561403508776
Karachi,2026-04-17 00:29:07.097653,48,15.763061828058342,31.604999188628508,41.35356013573217,42.064685735102394,0.34230974760487237,28.98991825955294,70.64929310318442,1.3437197247742065,1017.8805446069551,0,4,4,0,74.0,62.0,89.0,62.0,59.666666666666664,67.5,-0.3513513513513513
Karachi,2026-04-17 01:29:07.097653,55,31.17332885194234,49.67033719077641,22.759558771784555,19.228563246245994,0.5468430068844143,26.184114975964775,63.40919480143835,1.6168771946124527,1009.5323232023461,1,4,4,0,48.0,57.0,104.0,58.0,59.0,59.333333333333336,0.14583333333333326
Karachi,2026-04-17 02:29:07.097653,63,29.130851683059888,26.700167491934582,31.470067350518278,56.50410040253001,2.4792434680648165,21.948770139909513,80.50633175059795,3.5431644003071847,1012.7605119393048,2,4,4,0,55.0,74.0,60.0,70.0,55.333333333333336,59.833333333333336,0.1454545454545455
Karachi,2026-04-17 03:29:07.097653,61,27.399573793961373,46.57217208885119,38.95448380434369,24.98367193592039,0.9168671928987713,24.033696808639515,78.38030097291158,5.018589911559618,1014.4706220704905,3,4,4,0,63.0,48.0,62.0,76.0,59.666666666666664,59.666666666666664,-0.031746031746031744
Karachi,2026-04-17 04:29:07.097653,58,24.49152058446257,36.42141242541658,27.27009478484142,40.299577475696964,2.4461950261926972,19.439190788142746,65.25789593140834,1.0831012374903846,1008.5558063448408,4,4,4,0,61.0,55.0,57.0,85.0,60.666666666666664,59.833333333333336,-0.049180327868852514
Karachi,2026-04-17 05:29:07.097653,75,28.81606832578735,51.79071140607523,15.910489691623573,23.836965581198825,0.7015694122190826,19.578180988823814,82.72146933908652,1.8498836076252596,1015.1699885808312,5,4,4,0,58.0,63.0,74.0,81.0,64.66666666666667,60.0,0.2931034482758621
Karachi,2026-04-17 06:29:07.097653,96,44.444448791527996,56.84672801565049,57.89022707734172,48.393851002438716,1.0944077746161385,17.36335953789121,77.5544765221193,1.5374780533459103,1008.9986735292199,6,4,4,0,75.0,61.0,48.0,77.0,76.33333333333333,68.0,0.28
Karachi,2026-04-17 07:29:07.097653,72,29.648536094004125,36.680644076135216,33.13071470234396,18.123742156919825,1.9563127779078555,18.94894782888633,78.92909243603216,1.8427595037545572,1009.4028230859967,7,4,4,0,96.0,58.0,55.0,89.0,81.0,70.83333333333333,-0.25
Karachi,2026-04-17 08:29:07.097653,96,28.962469526945497,64.20370930253253,45.36562036582353,11.617479695123619,1.7471124959239928,16.685527215942894,87.82003897167084,3.2834235806350174,1009.5968951246208,8,4,4,0,72.0,75.0,63.0,113.0,88.0,76.33333333333333,0.33333333333333326
Karachi,2026-04-17 09:29:07.097653,90,30.69862417606852,59.66228294375026,27.607595645583196,13.579214667468804,1.5784692798439224,17.15474068064135,53.32334706046014,4.869435491656985,1017.2888982665552,9,4,4,0,96.0,96.0,61.0,88.0,86.0,81.16666666666667,-0.0625
Karachi,2026-04-17 10:29:07.097653,123,48.63335585799858,82.12033265436125,24.5322470214144,76.79809090607169,1.4657781867710167,19.04329106463541,53.38240811834246,5.033286414631764,1014.8323554513817,10,4,4,0,90.0,72.0,58.0,111.0,103.0,92.0,0.3666666666666667
Karachi,2026-04-17 11:29:07.097653,86,36.00198340259395,51.571545647120175,27.394036415691875,19.960035302765508,2.155568976062429,23.55702611503399,84.447612784532,1.2584672471185223,1014.554275011031,11,4,4,0,123.0,96.0,75.0,103.0,99.66666666666667,93.83333333333333,-0.30081300813008127
Karachi,2026-04-17 12:29:07.097653,101,40.363526471871,56.1711271879969,27.50581540821074,59.593477719578466,0.816886838233464,22.77689386071711,78.61131866928397,0.4966039029597149,1013.5549349646499,12,4,4,0,86.0,90.0,96.0,110.0,103.33333333333333,94.66666666666667,0.17441860465116288
Karachi,2026-04-17 13:29:07.097653,114,51.94923511482426,56.311275788593186,34.92990637680745,14.754834295597838,1.2734360393857407,22.752235426482617,86.32727707178137,3.0432110951833695,1010.928059986951,13,4,4,0,101.0,123.0,72.0,128.0,100.33333333333333,101.66666666666667,0.1287128712871286
Karachi,2026-04-17 14:29:07.097653,129,42.02993970062619,84.2331596763442,34.89084284897497,17.571224656462753,0.641995042744206,25.006395981230575,43.15650801622265,4.658547373132935,1014.2088970459935,14,4,4,0,114.0,86.0,96.0,108.0,114.66666666666667,107.16666666666667,0.13157894736842102
Karachi,2026-04-17 15:29:07.097653,100,40.80871949032645,63.527285571252854,32.34345987355794,45.621337598653426,1.6110715106075497,26.020833440171298,71.38785386307983,3.3097008966207677,1012.1014971988864,15,4,4,0,129.0,101.0,90.0,101.0,114.33333333333333,108.83333333333333,-0.22480620155038755
Karachi,2026-04-17 16:29:07.097653,86,25.57890671290504,44.27694319684954,12.413218170459094,42.54096511080406,0.8511977333969045,27.10000859296061,47.23141690617237,3.5786092717475224,1009.4541615009261,16,4,4,0,100.0,114.0,123.0,74.0,105.0,102.66666666666667,-0.14
Karachi,2026-04-17 17:29:07.097653,115,50.19133243529463,65.2805670504377,32.28415131752921,76.61062166079087,1.0344525415554489,29.551352675359738,65.19485991462913,5.283661855472467,1014.8959729032773,17,4,4,0,86.0,129.0,86.0,98.0,100.33333333333333,107.5,0.33720930232558133
Karachi,2026-04-17 18:29:07.097653,58,22.83962302529252,31.23380440064227,14.300714523135833,76.13848171145162,1.336751576571762,30.383905302851623,47.787346592672215,1.5217268815385931,1009.2958216792993,18,4,4,0,115.0,100.0,101.0,89.0,86.33333333333333,100.33333333333333,-0.4956521739130435
Karachi,2026-04-17 19:29:07.097653,39,17.79938557916985,11.688128122714543,11.937468246267084,64.57260497797256,0.35889528854688124,34.03414337790432,46.403925449243964,2.5600598266539403,1009.9066858102117,19,4,4,0,58.0,86.0,114.0,104.0,70.66666666666667,87.83333333333333,-0.3275862068965517
Karachi,2026-04-17 20:29:07.097653,71,24.32067189737117,36.418670877638924,56.29551445376423,52.14712810891448,0.5022634590258428,30.857610284262027,40.60841726910166,6.269211023522403,1016.176993118476,20,4,4,0,39.0,115.0,129.0,60.0,56.0,78.16666666666667,0.8205128205128205
Karachi,2026-04-17 21:29:07.097653,51,26.899717937934525,21.682947065017814,38.27225072312373,41.847222217510776,1.8090442855580833,35.39382773307264,71.51194061914522,2.606377753804746,1014.6011709612516,21,4,4,0,71.0,58.0,100.0,62.0,53.666666666666664,70.0,-0.2816901408450704
Karachi,2026-04-17 22:29:07.097653,38,20.688921572096717,19.920615282600192,41.27195319685214,34.93249740298947,1.243733957578516,33.43229599751317,57.951130834504305,0.4653260680668576,1014.3099115421364,22,4,4,0,51.0,39.0,86.0,57.0,53.333333333333336,62.0,-0.2549019607843137
Karachi,2026-04-17 23:29:07.097653,61,27.57675028338674,31.078963165854447,27.098651868335008,76.29612828828888,2.20253848839977,30.697857708227716,45.259414243948584,1.6612878074994104,1012.1820278434272,23,4,4,0,38.0,71.0,115.0,74.0,50.0,53.0,0.605263157894737
Karachi,2026-04-18 00:29:07.097653,53,20.81521804830999,19.178167057006796,54.99394905531753,52.20361679972799,1.828278408017239,29.000637222930134,56.141888886565496,1.1236402975575155,1011.9628051823937,0,5,4,1,61.0,51.0,58.0,48.0,50.666666666666664,52.166666666666664,-0.1311475409836066
Karachi,2026-04-18 01:29:07.097653,42,19.92370472658647,41.71734929472207,40.0861769268816,50.535076938019614,0.31782207162410936,25.955989741591058,48.447204572579246,3.714325171402541,1014.902626091854,1,5,4,1,53.0,38.0,39.0,55.0,52.0,52.666666666666664,-0.2075471698113207
Karachi,2026-04-18 02:29:07.097653,34,10.391405922624624,30.909128992075896,47.30434282379731,26.23307852382404,1.6567671276876967,25.540168822695527,87.08474157508297,1.2081059928224422,1015.4000553860905,2,5,4,1,42.0,61.0,71.0,63.0,43.0,46.5,-0.19047619047619047
Karachi,2026-04-18 03:29:07.097653,71,33.02724089054586,36.892038521003556,25.27093579652426,13.268847251957915,0.5061947053313761,25.10563256559701,56.00024428806741,3.542068505722489,1013.1021320236431,3,5,4,1,34.0,53.0,51.0,61.0,49.0,49.833333333333336,1.0882352941176472
Karachi,2026-04-18 04:29:07.097653,74,38.14861153937157,47.031181774856826,57.8006534450519,76.1632005831681,2.0180529955390876,19.593687075488372,56.6976761644695,1.5278695629187005,1017.6926924434853,4,5,4,1,71.0,42.0,38.0,58.0,59.666666666666664,55.833333333333336,0.04225352112676051
Karachi,2026-04-18 05:29:07.097653,70,33.652169075989384,45.78839513271054,50.12537095870733,31.961468119125776,2.4813169142127043,16.276361572670158,81.99290016997928,1.246757076796456,1017.5569955891888,5,5,4,1,74.0,34.0,61.0,75.0,71.66666666666667,57.333333333333336,-0.05405405405405406
Karachi,2026-04-18 06:29:07.097653,107,39.43180962724895,74.1484198026168,51.9671654657999,40.98123163271211,1.4686373473313254,19.478233279437976,72.38778806430021,3.613239573963844,1012.1242949001276,6,5,4,1,70.0,71.0,53.0,96.0,83.66666666666667,66.33333333333333,0.5285714285714285
Karachi,2026-04-18 07:29:07.097653,71,30.49240652963885,36.47913970162937,14.470684708416485,18.024796050999477,1.8021149004270869,17.921325338175055,75.50858037015007,3.296927363093778,1016.2062225428315,7,5,4,1,107.0,74.0,42.0,72.0,82.66666666666667,71.16666666666667,-0.33644859813084116
Karachi,2026-04-18 08:29:07.097653,72,22.381141255658328,52.00712773353675,19.90297643291707,68.58470309365043,0.8220911539684534,14.759602397117641,71.80009019944802,4.035515631417681,1013.4326784159841,8,5,4,1,71.0,70.0,34.0,96.0,83.33333333333333,77.5,0.014084507042253502
Karachi,2026-04-18 09:29:07.097653,90,39.19578451082948,50.11750699877118,20.70946298259674,11.934228299915144,1.262715036258346,15.805810647859218,87.30981419742827,1.6540255616694868,1013.1175588755717,9,5,4,1,72.0,107.0,71.0,90.0,77.66666666666667,80.66666666666667,0.25
Karachi,2026-04-18 10:29:07.097653,105,44.37180581159298,52.49128388757151,19.900007278577917,68.37935334693675,2.183409730920044,16.35358822162421,50.35004157790226,1.440911049281247,1008.5496406137866,10,5,4,1,90.0,71.0,74.0,123.0,89.0,85.83333333333333,0.16666666666666674
Karachi,2026-04-18 11:29:07.097653,112,35.70206491374415,73.36981239162343,52.047448915735835,19.819950895157675,0.6683304850417526,17.894081212439122,89.45196208778978,3.802933716963091,1013.7397471046831,11,5,4,1,105.0,72.0,70.0,86.0,102.33333333333333,92.83333333333333,0.06666666666666665
Karachi,2026-04-18 12:29:07.097653,106,36.74366443330021,74.15494287227246,6.753663736472566,72.05948788418064,0.8841783323502768,20.352634491917623,81.54780887782566,6.038039145061962,1017.0057793056317,12,5,4,1,112.0,90.0,107.0,101.0,107.66666666666667,92.66666666666667,-0.0535714285714286
Karachi,2026-04-18 13:29:07.097653,114,44.28774781083577,89.25843523007737,9.185499393942587,61.08408461353102,1.2799540856292664,22.39635303061834,69.44862944381711,3.0223360190126556,1015.8013384919509,13,5,4,1,106.0,105.0,71.0,114.0,110.66666666666667,99.83333333333333,0.07547169811320753
Karachi,2026-04-18 14:29:07.097653,87,33.37876956456647,42.72680032968419,20.065317884644706,21.526918375511357,1.866947562056831,23.69841268986308,73.11858121981246,3.84917019209429,1015.8631714469926,14,5,4,1,114.0,112.0,72.0,129.0,102.33333333333333,102.33333333333333,-0.23684210526315785
Karachi,2026-04-18 15:29:07.097653,122,43.100484321584105,79.31316097866349,15.993013605719401,49.60725950016277,1.1269447005504825,25.554224721820308,72.4412938250307,2.3568246311485854,1009.5992903857634,15,5,4,1,87.0,106.0,90.0,100.0,107.66666666666667,107.66666666666667,0.4022988505747127
Karachi,2026-04-18 16:29:07.097653,93,39.4519865764055,52.982229444118616,17.75227876355666,31.885942004865363,2.3410110155226085,28.542431312161238,42.919811202957696,0.08726104374736954,1011.5844944713357,16,5,4,1,122.0,114.0,105.0,86.0,100.66666666666667,105.66666666666667,-0.23770491803278693
Karachi,2026-04-18 17:29:07.097653,104,43.06697157546158,68.98127498033077,48.8868754089315,22.476316923810842,0.5078055127911822,30.9922373192115,50.90082492659693,4.934858838308116,1010.3320491665023,17,5,4,1,93.0,87.0,112.0,115.0,106.33333333333333,104.33333333333333,0.11827956989247301
Karachi,2026-04-18 18:29:07.097653,85,33.085006418373624,39.32061170754933,35.97196266406258,70.14275395877759,1.1157692345986645,31.295610157545816,88.07354422623746,4.816828478172324,1011.1591528245564,18,5,4,1,104.0,122.0,106.0,58.0,94.0,100.83333333333333,-0.1826923076923077
Karachi,2026-04-18 19:29:07.097653,79,27.85573327290064,37.34987795495017,5.31738637111324,38.24659365550606,1.8596990715425283,35.04474065699515,66.71822144296897,4.421548050350388,1013.7953934349373,19,5,4,1,85.0,93.0,114.0,39.0,89.33333333333333,95.0,-0.07058823529411762
Karachi,2026-04-18 20:29:07.097653,73,34.66213931347605,37.92090693675797,28.61275211373074,37.898060005576774,0.7971708844552834,34.01617542884157,58.917680163095596,2.636109123315163,1011.6478381337025,20,5,4,1,79.0,104.0,87.0,71.0,79.0,92.66666666666667,-0.07594936708860756
Karachi,2026-04-18 21:29:07.097653,65,34.4780055513068,39.93316734414266,27.43367097676974,21.8920672364634,1.7441088953052806,29.545714896595157,78.10192316945376,4.194112199477082,1013.6069781746427,21,5,4,1,73.0,85.0,122.0,51.0,72.33333333333333,83.16666666666667,-0.1095890410958904
Karachi,2026-04-18 22:29:07.097653,63,23.04622429455932,33.06739743838116,11.266989819449893,36.81459732600451,0.661277308100161,32.97565876110322,66.22594713279048,4.787523594775662,1012.3850124827458,22,5,4,1,65.0,79.0,93.0,38.0,67.0,78.16666666666667,-0.03076923076923077
Karachi,2026-04-18 23:29:07.097653,70,25.32297067955167,47.848142649296015,42.18779837308014,71.01317924301952,0.42315662669571,31.867942214663543,40.65813857159488,6.240317369913415,1010.8661555844973,23,5,4,1,63.0,73.0,104.0,61.0,66.0,72.5,0.11111111111111116
Karachi,2026-04-19 00:29:07.097653,52,23.635165345268803,39.98384747337654,43.61534536087201,35.41900973427451,0.5662345768470275,28.130530063751614,76.81187983575589,4.977052209294884,1008.9540343420516,0,6,4,1,70.0,65.0,85.0,53.0,61.666666666666664,67.0,-0.2571428571428571
Karachi,2026-04-19 01:29:07.097653,61,22.872765731327323,41.790989275056226,44.64912704786537,76.61224937498517,2.3459665228950963,24.080157186213853,76.61087800264306,3.127642450067278,1016.9183845734478,1,6,4,1,52.0,63.0,79.0,42.0,61.0,64.0,0.17307692307692313
Karachi,2026-04-19 02:29:07.097653,52,20.372294985547207,44.55422260058201,45.06590200572256,76.24162294458712,1.5138519424670132,25.016133518822272,48.25743560549872,0.3834934891512569,1008.1137336600465,2,6,4,1,61.0,70.0,73.0,34.0,55.0,60.5,-0.14754098360655743
Karachi,2026-04-19 03:29:07.097653,80,35.85368767708162,51.55974591333015,5.002905481276324,20.14290615151422,2.051960706055228,22.914030336215344,87.83300442121066,3.311316595343482,1008.0165248814197,3,6,4,1,52.0,52.0,65.0,71.0,64.33333333333333,63.0,0.5384615384615385
Karachi,2026-04-19 04:29:07.097653,54,12.394865750107916,23.177295598745232,57.46564421156972,22.41178774658514,1.0318399019911126,18.75670752693361,51.19540657705572,3.513154791698615,1016.2679773976355,4,6,4,1,80.0,61.0,63.0,74.0,62.0,61.5,-0.32499999999999996
Karachi,2026-04-19 05:29:07.097653,99,46.29132568049799,70.45673319265867,49.78148218800647,70.38718492323224,1.6038490253479827,16.440707317987748,62.88746836910997,4.418059550636608,1017.9681094032579,5,6,4,1,54.0,52.0,70.0,70.0,77.66666666666667,66.33333333333333,0.8333333333333333
Karachi,2026-04-19 06:29:07.097653,79,32.12245491778065,42.797328559352934,54.71899331241069,37.49326432473035,1.3888946941509817,17.896689676817612,45.73679806304573,5.707783718646851,1015.2710282771366,6,6,4,1,99.0,80.0,52.0,107.0,77.33333333333333,70.83333333333333,-0.202020202020202
Karachi,2026-04-19 07:29:07.097653,66,24.463712205711065,47.0651148902675,5.860381241908877,10.306178759810653,2.3806235106850466,16.806439005585812,70.16411597252942,2.8096989758864415,1008.1527383806289,7,6,4,1,79.0,54.0,61.0,71.0,81.33333333333333,71.66666666666667,-0.16455696202531644
Karachi,2026-04-19 08:29:07.097653,96,38.32245571835749,70.74281346663795,56.36223376821567,29.17102737937597,1.944664199319043,16.165469269355214,58.772556002860625,7.201974379626223,1010.2669022666852,8,6,4,1,66.0,99.0,52.0,72.0,80.33333333333333,79.0,0.4545454545454546
Karachi,2026-04-19 09:29:07.097653,90,36.211118204491875,58.251961229927126,49.53836907784576,51.834029523689196,1.9071937892924742,17.105771920194332,57.658673110485275,0.5185740400811545,1017.7182270026196,9,6,4,1,96.0,79.0,80.0,90.0,84.0,80.66666666666667,-0.0625
Karachi,2026-04-19 10:29:07.097653,118,38.78015962212098,59.184978703701205,51.04705286272842,65.94861761719775,0.401977192755415,15.866244022083855,81.34884386104736,3.8386837449232507,1016.0860425217384,10,6,4,1,90.0,66.0,54.0,105.0,101.33333333333333,91.33333333333333,0.3111111111111111
Karachi,2026-04-19 11:29:07.097653,99,47.150057176920654,52.167351727403386,10.130806159708268,19.33720319652817,1.5092732718081205,18.473504524775393,40.478085642523915,1.4029592156319437,1013.6679984380471,11,6,4,1,118.0,96.0,99.0,112.0,102.33333333333333,91.33333333333333,-0.1610169491525424
Karachi,2026-04-19 12:29:07.097653,103,41.529527562064416,72.56630483614806,45.63279159052287,17.737895509171473,1.3273811985839927,22.066650061228696,79.89733854462114,0.8144439993776058,1010.3686070944036,12,6,4,1,99.0,90.0,79.0,106.0,106.66666666666667,95.33333333333333,0.04040404040404044
Karachi,2026-04-19 13:29:07.097653,80,34.46887618203251,47.02781680955092,57.795417930315004,74.54648575006321,2.341252986533628,22.229507478477256,68.57242828740394,2.5964512474016828,1008.1437020592675,13,6,4,1,103.0,118.0,66.0,114.0,94.0,97.66666666666667,-0.22330097087378642
Karachi,2026-04-19 14:29:07.097653,99,44.43621578278903,60.15428867441553,42.32010377799884,62.580385747580785,0.866152374016971,21.656055056414896,89.30492567400995,0.08565460315808693,1008.2086147263741,14,6,4,1,80.0,99.0,96.0,87.0,94.0,98.16666666666667,0.23750000000000004
Karachi,2026-04-19 15:29:07.097653,64,20.83619312666333,44.98360345100612,36.38087725435335,51.28457205446549,0.8936335972404075,26.12516780537302,69.47216103021245,2.6771442039343665,1014.1198086353023,15,6,4,1,99.0,103.0,90.0,122.0,81.0,93.83333333333333,-0.3535353535353535
Karachi,2026-04-19 16:29:07.097653,71,30.863942554261808,48.31545748527108,57.009632276194836,63.84307529971496,1.2049617475393009,26.85968307298628,42.7689567073979,3.0695384961889136,1008.2183187635243,16,6,4,1,64.0,80.0,118.0,93.0,78.0,86.0,0.109375
Karachi,2026-04-19 17:29:07.097653,99,38.33011102360207,61.73287321622773,29.36154169539398,40.01980529146469,0.8354133694940273,31.19112684241584,42.53226632218632,5.237082818671899,1017.9363014192537,17,6,4,1,71.0,99.0,99.0,104.0,78.0,86.0,0.3943661971830985
Karachi,2026-04-19 18:29:07.097653,91,40.94865482798747,53.402854458093756,37.96114614707633,63.09190231163886,0.5842046191792489,32.565878037036356,84.1576493185916,0.015170269527875035,1009.8338383349374,18,6,4,1,99.0,64.0,103.0,85.0,87.0,84.0,-0.08080808080808077
Karachi,2026-04-19 19:29:07.097653,78,20.810779727722064,44.66902767836045,31.19860614219014,36.0262093892175,2.186312662631762,29.40985736014049,82.06070727555266,4.816890331291545,1015.1070736186928,19,6,4,1,91.0,71.0,80.0,79.0,89.33333333333333,83.66666666666667,-0.1428571428571429
Karachi,2026-04-19 20:29:07.097653,50,19.702671640018384,37.16040531416783,56.30654217481646,27.086620074482166,1.528208353688615,34.518025941164375,57.29450377910116,3.196160900559588,1009.5505972141241,20,6,4,1,78.0,99.0,99.0,73.0,73.0,75.5,-0.3589743589743589
Karachi,2026-04-19 21:29:07.097653,58,20.21434720998975,39.27123198190668,9.1846599721029,61.030939490507805,2.194997981704447,30.50303400775543,70.90162420905686,5.057698307219189,1013.4009342109772,21,6,4,1,50.0,91.0,64.0,65.0,62.0,74.5,0.15999999999999992
Karachi,2026-04-19 22:29:07.097653,53,23.74739467321411,30.320719875122673,32.56158354539415,39.37706045100878,2.128496483888131,35.046567811240216,64.47956785278001,2.1364976499377444,1008.8061128846622,22,6,4,1,58.0,78.0,71.0,63.0,53.666666666666664,71.5,-0.08620689655172409
Karachi,2026-04-19 23:29:07.097653,33,15.808922886216932,28.844951428009008,42.78238427619911,78.69639730283365,0.9204931805372765,30.559301720491145,88.35820275680261,0.33551082647310926,1015.6677842453324,23,6,4,1,53.0,50.0,99.0,70.0,48.0,60.5,-0.37735849056603776
Karachi,2026-04-20 00:29:07.097653,72,25.48226033649278,42.49831179486608,48.55485961322303,34.463962761567075,1.5050223775134028,26.507213002921674,87.49804504384457,0.5650013475682676,1013.8492109472483,0,0,4,0,33.0,58.0,91.0,52.0,52.666666666666664,57.333333333333336,1.1818181818181817
Karachi,2026-04-20 01:29:07.097653,64,22.11219450710499,31.696298347302665,37.0660256094275,74.52091943717461,0.48307894602815504,24.786580219434803,89.19195042703873,0.41638509266576795,1008.8616669340141,1,0,4,0,72.0,53.0,78.0,61.0,56.333333333333336,55.0,-0.11111111111111116
Karachi,2026-04-20 02:29:07.097653,50,19.728583268822106,24.35109957618637,54.99047592667997,75.30737839969557,2.3135541448676684,25.69619058357469,83.3224390317132,3.9556283058413104,1016.485861892,2,0,4,0,64.0,33.0,50.0,52.0,62.0,55.0,-0.21875
Karachi,2026-04-20 03:29:07.097653,59,19.192822523152575,27.68412379911479,56.809529578612945,26.92970629453223,1.189377973143337,22.146847859383076,85.47757953875507,5.953844044429399,1013.470186147767,3,0,4,0,50.0,72.0,58.0,80.0,57.666666666666664,55.166666666666664,0.17999999999999994
Karachi,2026-04-20 04:29:07.097653,68,31.46021532494595,38.696165138698476,8.537557275647094,65.87548271116094,1.166087604555847,20.80669218076372,50.863938938356824,1.8700969466895592,1017.2159231001332,4,0,4,0,59.0,64.0,53.0,54.0,59.0,57.666666666666664,0.15254237288135597
Karachi,2026-04-20 05:29:07.097653,41,14.797726245986777,34.83543759902555,27.13037967477559,40.31521536011956,0.9660618153594971,22.5687062159017,81.55033944948872,4.258270596515567,1017.1662337367811,5,0,4,0,68.0,50.0,33.0,99.0,56.0,59.0,-0.3970588235294118
Karachi,2026-04-20 06:29:07.097653,76,15.981994608268213,39.33464210907056,6.290246194663494,74.22673090612436,1.3134602383635485,16.67330864126634,75.44285566021374,0.04688411627123967,1017.2050778948658,6,0,4,0,41.0,59.0,72.0,79.0,61.666666666666664,59.666666666666664,0.853658536585366
Karachi,2026-04-20 07:29:07.097653,77,29.13981277013443,48.02869066801001,23.11791615559436,41.50869908446671,0.8538706503999858,17.39251910507887,88.13932544140351,3.360642498354598,1008.7778520020047,7,0,4,0,76.0,68.0,64.0,66.0,64.66666666666667,61.833333333333336,0.013157894736842035
Karachi,2026-04-20 08:29:07.097653,79,26.797560836410646,42.731905145926454,34.527751988383116,62.101260213615625,1.1246750001529702,19.839688974746107,68.56309142213097,4.3371252326742535,1009.2095776175453,8,0,4,0,77.0,41.0,50.0,96.0,77.33333333333333,66.66666666666667,0.025974025974025983
Karachi,2026-04-20 09:29:07.097653,96,30.642300539618113,56.11554709521276,55.09372117804719,42.68771864146585,2.0598835068867403,17.813620340620254,44.25835833552782,0.1037504494462631,1017.877058097162,9,0,4,0,79.0,76.0,59.0,90.0,84.0,72.83333333333333,0.21518987341772156
Karachi,2026-04-20 10:29:07.097653,132,46.991290815397534,67.68730631388358,51.56048773559716,25.946052899899932,2.1353621078873783,14.85859129900848,69.86994455935765,2.592233062040291,1012.876008213987,10,0,4,0,96.0,77.0,68.0,118.0,102.33333333333333,83.5,0.375
Karachi,2026-04-20 11:29:07.097653,118,47.98320944223573,69.38994479135403,12.012484966959214,23.95450902612804,0.9692014507827356,20.353923773971893,74.32904640106439,4.43183428097113,1010.3821405282915,11,0,4,0,132.0,79.0,41.0,99.0,115.33333333333333,96.33333333333333,-0.10606060606060608
Karachi,2026-04-20 12:29:07.097653,101,47.21613020254438,59.30974605351513,10.116670610749264,39.78018359794419,1.3318317472161336,18.67399428443311,51.016051435621414,2.8675412944589542,1015.6966448849865,12,0,4,0,118.0,96.0,76.0,103.0,117.0,100.5,-0.14406779661016944
Karachi,2026-04-20 13:29:07.097653,117,48.59252897293068,74.86221345769422,37.409703631616686,62.88462599099505,2.222403507816115,25.743062696645765,59.705669175636416,5.670906123403485,1010.6428522121248,13,0,4,0,101.0,132.0,77.0,80.0,112.0,107.16666666666667,0.15841584158415833
Karachi,2026-04-20 14:29:07.097653,126,47.755920523850584,77.96890350343688,34.26648848523305,52.355003962653676,0.4158813300253337,23.354264790004045,69.925170702584,3.7073587517820963,1015.2721568801865,14,0,4,0,117.0,118.0,79.0,99.0,114.66666666666667,115.0,0.07692307692307687
Karachi,2026-04-20 15:29:07.097653,115,48.3126044475687,59.46248820795641,19.65077027865131,58.20405029303803,2.256118916390728,33.0095713763115,58.70528686582527,4.433455295434685,1016.3728577784976,15,0,4,0,126.0,101.0,96.0,64.0,119.33333333333333,118.16666666666667,-0.08730158730158732
Karachi,2026-04-20 16:29:07.097653,95,36.06233066842609,66.2102592816299,54.46991965046094,29.762844551235972,0.7822055604351297,31.934751976655356,58.747385861933196,2.1745614416104715,1015.8426337729528,16,0,4,0,115.0,117.0,132.0,71.0,112.0,112.0,-0.17391304347826086
Karachi,2026-04-20 17:29:07.097653,78,27.751206029181084,48.51873613427117,56.005152520385444,43.70047421703239,1.792786337271627,29.063629110236423,46.65433195863987,0.4454449631307109,1010.7404780819794,17,0,4,0,95.0,126.0,118.0,99.0,96.0,105.33333333333333,-0.17894736842105263
Karachi,2026-04-20 18:29:07.097653,90,30.41752654051662,55.87115795994221,27.143629108708947,13.107668547852889,1.5816137320461208,31.96823084027873,87.0373361538833,4.068125912633903,1012.0161857407924,18,0,4,0,78.0,115.0,101.0,91.0,87.66666666666667,103.5,0.15384615384615374
Karachi,2026-04-20 19:29:07.097653,78,22.495939737541654,46.809166829869255,53.966640641243615,67.22726911706845,1.5164696460163547,34.234695173579475,77.52471922475482,2.8348193491669758,1012.1325100323328,19,0,4,0,90.0,95.0,117.0,78.0,82.0,97.0,-0.1333333333333333
Karachi,2026-04-20 20:29:07.097653,78,29.421540787369175,42.91467940247184,26.117189184463495,79.29245135679122,2.190592494456207,34.567320948453414,40.0621719433051,3.0642309108646413,1012.9127291810447,20,0,4,0,78.0,78.0,126.0,50.0,82.0,89.0,0.0
Karachi,2026-04-20 21:29:07.097653,68,28.116016885453913,42.73104287176969,45.52492575063351,38.48153438372697,0.5234587160182548,33.612079130264945,78.28066420110827,5.175213970397907,1009.6737285154013,21,0,4,0,78.0,90.0,115.0,58.0,74.66666666666667,81.16666666666667,-0.1282051282051282
Karachi,2026-04-20 22:29:07.097653,69,27.421893096428303,45.66222465718278,31.176821965124827,10.767455719208034,1.0634616557163994,34.43252130420773,76.98974963289294,4.5241277477251955,1012.5247005041434,22,0,4,0,68.0,78.0,95.0,53.0,71.66666666666667,76.83333333333333,0.014705882352941124
Karachi,2026-04-20 23:29:07.097653,42,15.11764417543098,11.82105269198722,11.742073607895065,21.885484768566315,1.4841560419584845,30.41091635622364,40.48654800777615,6.842474834179225,1013.1078299051547,23,0,4,0,69.0,78.0,78.0,33.0,59.666666666666664,70.83333333333333,-0.3913043478260869
Karachi,2026-04-21 00:29:07.097653,69,23.17563409032205,37.54645989194016,56.036381068036185,55.67688144252932,2.0848354786812875,28.26656466284793,58.48021488068823,3.307708457746998,1013.3170899658105,0,1,4,0,42.0,68.0,90.0,72.0,60.0,67.33333333333333,0.6428571428571428
Karachi,2026-04-21 01:29:07.097653,53,24.63571867111042,30.35215580579965,29.975312635764514,52.84555227427014,0.7761747835056774,26.376824384970945,70.33738451627653,1.6175751244177656,1016.1990042998445,1,1,4,0,69.0,69.0,78.0,64.0,54.666666666666664,63.166666666666664,-0.23188405797101452
Karachi,2026-04-21 02:29:07.097653,85,27.473600790605406,53.138255431061715,45.396787217732204,65.15053037098808,2.066445651023408,26.716746463944254,62.63753259290179,2.6231663061825476,1013.173344984795,2,1,4,0,53.0,42.0,78.0,50.0,69.0,64.33333333333333,0.6037735849056605
Karachi,2026-04-21 03:29:07.097653,48,23.2597312864414,38.61587562325304,25.19455979372107,27.771880767274773,1.1792046614866587,23.659809719785123,78.89930593602537,3.8313267450772126,1010.3078392251367,3,1,4,0,85.0,69.0,68.0,59.0,62.0,61.0,-0.43529411764705883
Karachi,2026-04-21 04:29:07.097653,91,31.404697724357877,48.44974771171299,6.038448321692906,63.45423408829939,0.71561048415413,21.582567331380513,61.2729166317217,5.031713037985955,1014.6312873824419,4,1,4,0,48.0,53.0,69.0,68.0,74.66666666666667,64.66666666666667,0.8958333333333333
Karachi,2026-04-21 05:29:07.097653,75,26.319459972780464,41.138759464775724,10.529169728050974,58.15888150665688,1.969770168975662,20.933614249021986,47.69314847269185,0.06593209712256254,1015.9731414408662,5,1,4,0,91.0,85.0,42.0,41.0,71.33333333333333,70.16666666666667,-0.17582417582417587
Karachi,2026-04-21 06:29:07.097653,70,20.757566025234926,38.03696508229756,32.29207137194584,32.597014839969034,0.4999775832440052,13.96969195401678,88.82078121369142,3.017075230358338,1011.1937166643826,6,1,4,0,75.0,48.0,69.0,76.0,78.66666666666667,70.33333333333333,-0.06666666666666665
Karachi,2026-04-21 07:29:07.097653,80,29.695502802476135,41.89154958452015,42.94803964194993,48.18417036398734,1.4324882229659746,17.892731037437756,52.101999638802326,6.219083314076738,1014.453059290176,7,1,4,0,70.0,91.0,53.0,77.0,75.0,74.83333333333333,0.1428571428571428
Karachi,2026-04-21 08:29:07.097653,90,40.95447844322397,51.339382265353024,23.410442961860348,20.30916659488287,0.4405267244961545,17.43713777774743,75.88461552706661,2.5195822579949594,1009.4693799594601,8,1,4,0,80.0,75.0,85.0,79.0,80.0,75.66666666666667,0.125
Karachi,2026-04-21 09:29:07.097653,107,45.608417494869855,70.71183333887886,43.25186525477077,41.67951524049079,1.0841192813471328,20.610209552288865,47.1578155832036,4.862023709738208,1011.4192630457807,9,1,4,0,90.0,70.0,48.0,96.0,92.33333333333333,85.5,0.18888888888888888
Karachi,2026-04-21 10:29:07.097653,113,50.42142833376644,59.863292697524635,43.42495741875758,71.68381376889486,1.622368957814064,15.01462080519716,56.45063068919663,3.98623505443201,1017.0922392954964,10,1,4,0,107.0,80.0,91.0,132.0,103.33333333333333,89.16666666666667,0.05607476635514019
Karachi,2026-04-21 11:29:07.097653,100,42.75962262150703,63.64587999897925,43.716474903030694,39.48339658777736,1.5234541912718689,22.457519015261138,62.101380421521185,4.91172121304996,1017.1130816316257,11,1,4,0,113.0,90.0,75.0,118.0,106.66666666666667,93.33333333333333,-0.11504424778761058
Karachi,2026-04-21 12:29:07.097653,109,38.33552330378227,52.16559082950447,32.08870197112796,68.76966945327953,1.1902419193902665,21.15081825784933,49.6116002263532,1.3804789168001352,1013.7532457874306,12,1,4,0,100.0,107.0,70.0,101.0,107.33333333333333,99.83333333333333,0.09000000000000008
Karachi,2026-04-21 13:29:07.097653,141,54.790785945502215,80.17639412917235,55.31873825668272,51.317735568178605,1.2439055867386546,23.907426700499926,62.497978818430475,1.3891966598688386,1015.0235146086511,13,1,4,0,109.0,113.0,80.0,117.0,116.66666666666667,110.0,0.29357798165137616
Karachi,2026-04-21 14:29:07.097653,131,48.85656822043022,76.5004313972824,31.905808488933857,23.43136991716497,0.7988930173716864,28.351837575218752,47.858141149587496,3.040543784244576,1016.5401541520594,14,1,4,0,141.0,100.0,90.0,126.0,127.0,116.83333333333333,-0.07092198581560283
Karachi,2026-04-21 15:29:07.097653,107,49.75609791247797,78.05371247173666,29.7645856423151,50.677437128852745,1.3029416945330266,28.19207489683131,67.9503269492945,0.06444357448062288,1017.5855318531262,15,1,4,0,131.0,109.0,107.0,115.0,126.33333333333333,116.83333333333333,-0.18320610687022898
Karachi,2026-04-21 16:29:07.097653,95,32.24407763687765,55.143612865492294,15.965945045584483,45.41883304099444,2.3971606825858354,29.80073657892512,73.1856626260097,2.4605187867766847,1012.8988644028977,16,1,4,0,107.0,141.0,113.0,95.0,111.0,113.83333333333333,-0.11214953271028039
Karachi,2026-04-21 17:29:07.097653,89,40.294504948485375,36.12907696470238,21.921029804598508,37.90489346374688,2.170996419124339,31.141436621097018,43.121714201400536,3.5057533150313342,1013.6157573662604,17,1,4,0,95.0,131.0,100.0,78.0,97.0,112.0,-0.06315789473684208
Karachi,2026-04-21 18:29:07.097653,89,40.14587718692635,37.53055049968375,7.328397088506684,18.37413076612492,0.6195123119679564,30.961246960286754,83.55660605410841,6.569271213899545,1012.1564156664783,18,1,4,0,89.0,107.0,109.0,90.0,91.0,108.66666666666667,0.0
Karachi,2026-04-21 19:29:07.097653,56,31.905517076159754,34.40836079214242,39.84444114888936,39.16960646930609,0.36551773210602606,32.67042836129176,49.25704425210178,3.8054363785396434,1008.7198193705643,19,1,4,0,89.0,95.0,141.0,78.0,78.0,94.5,-0.3707865168539326
Karachi,2026-04-21 20:29:07.097653,61,22.40730781231245,41.59377800950917,18.66946591599011,15.093366336773897,2.3537534879765873,31.568974467754504,51.26812126601619,4.250456941746204,1012.2280347244882,20,1,4,0,56.0,89.0,131.0,78.0,68.66666666666667,82.83333333333333,0.08928571428571419
Karachi,2026-04-21 21:29:07.097653,33,17.064824980396708,23.25846813476187,21.728538996700582,16.913833597912586,1.458849449737645,32.63827281146158,73.06749200415314,5.328951694100011,1015.9062733938308,21,1,4,0,61.0,89.0,107.0,68.0,50.0,70.5,-0.4590163934426229
Karachi,2026-04-21 22:29:07.097653,60,35.41129307291263,37.345111681735546,47.394798691537666,39.11415730529012,1.4832432109284772,27.25634183616532,63.4375530217207,1.0706848222098868,1016.0488549799153,22,1,4,0,33.0,56.0,95.0,69.0,51.333333333333336,64.66666666666667,0.8181818181818181
Karachi,2026-04-21 23:29:07.097653,60,21.203857338079143,45.73617536416677,22.997165073879962,31.37670373779246,2.0175795905543494,31.514933384627476,64.96977995855329,2.6698346752580284,1016.923771145933,23,1,4,0,60.0,61.0,89.0,42.0,51.0,59.833333333333336,0.0
Karachi,2026-04-22 00:29:07.097653,42,9.425679988541958,21.33459207340858,18.32077406072282,74.78810281035564,0.9923157425169185,28.756525492432747,46.40774922815663,7.850825183607785,1008.5146670517597,0,2,4,0,60.0,33.0,89.0,69.0,54.0,52.0,-0.30000000000000004
Karachi,2026-04-22 01:29:07.097653,74,20.452760494732555,51.93850044462166,14.298176202353815,36.29940637661893,1.360196651439205,26.398144887486637,80.28679109382041,2.8417555552309826,1013.2715458958063,1,2,4,0,42.0,60.0,56.0,53.0,58.666666666666664,55.0,0.7619047619047619
Karachi,2026-04-22 02:29:07.097653,35,17.816661320879344,8.323532684647692,47.61721212000757,63.05006854504701,2.431058408922823,25.439516167880285,70.8527123052105,5.232861497564414,1009.0742448793708,2,2,4,0,74.0,60.0,61.0,85.0,50.333333333333336,50.666666666666664,-0.527027027027027
Karachi,2026-04-22 03:29:07.097653,36,5.312718304209589,14.85312135324923,12.133844189451478,47.11732684563699,1.778727111251296,20.06231979324895,46.7691021654728,4.927475754346214,1010.0074218316574,3,2,4,0,35.0,42.0,33.0,48.0,48.333333333333336,51.166666666666664,0.02857142857142847
Karachi,2026-04-22 04:29:07.097653,68,25.48511564667022,26.563735207585218,29.956456813769442,59.28599680496348,0.638239070390729,24.858539993242566,58.6999683512798,0.043772571224621526,1017.002165023806,4,2,4,0,36.0,74.0,60.0,91.0,46.333333333333336,52.5,0.8888888888888888
Karachi,2026-04-22 05:29:07.097653,87,37.36332720963749,50.56637950630568,32.88115638424569,28.20811881107794,0.5930988455655772,19.13761082753242,80.52049663675152,3.6209585540118665,1012.967912584297,5,2,4,0,68.0,35.0,60.0,75.0,63.666666666666664,57.0,0.27941176470588225
Karachi,2026-04-22 06:29:07.097653,105,43.02944383289678,62.78525948499008,42.806445197714304,75.93334809868304,0.7493824683326119,17.78010790378011,68.41775229933103,3.293494944410451,1015.5854492089661,6,2,4,0,87.0,36.0,42.0,70.0,86.66666666666667,67.5,0.2068965517241379
Karachi,2026-04-22 07:29:07.097653,80,34.479747284937474,49.44159638383707,39.83059152831475,47.10619478400967,1.9867656837255787,15.341800969421609,45.43243895664652,3.6599175756808693,1008.6438410592868,7,2,4,0,105.0,68.0,74.0,80.0,90.66666666666667,68.5,-0.23809523809523814
Karachi,2026-04-22 08:29:07.097653,111,45.58353427959205,67.20319432397874,49.589637011984614,68.19268498996747,0.9498294084493553,17.047892764898524,58.63885228946434,1.49177504041788,1012.1682650392485,8,2,4,0,80.0,87.0,35.0,90.0,98.66666666666667,81.16666666666667,0.38749999999999996
Karachi,2026-04-22 09:29:07.097653,100,46.6485596238013,52.96091918935766,7.4613288659430985,35.553198543327944,0.3470554626851755,20.046513170234014,52.13471992278673,0.7661609761756818,1014.7424028066433,9,2,4,0,111.0,105.0,36.0,107.0,97.0,91.83333333333333,-0.09909909909909909
Karachi,2026-04-22 10:29:07.097653,103,36.594959142074366,60.51288481334679,21.304239862866847,17.014794433536718,2.377183599712456,20.143629188588562,65.87327768268632,2.0479799999582973,1009.3340648127821,10,2,4,0,100.0,80.0,68.0,113.0,104.66666666666667,97.66666666666667,0.030000000000000027
Karachi,2026-04-22 11:29:07.097653,122,45.5080938480962,61.360030961737294,20.407376532645884,57.15981534045942,0.6733695160688035,21.052021252788734,82.16805644359948,2.804410005831594,1011.2581787910568,11,2,4,0,103.0,111.0,87.0,100.0,108.33333333333333,103.5,0.18446601941747565
Karachi,2026-04-22 12:29:07.097653,119,44.050640044126396,82.77673770677877,13.030929807565952,10.543175383619714,0.3210280095257509,22.092797903334542,61.81335674022099,5.369968895200632,1008.6454780502388,12,2,4,0,122.0,100.0,105.0,109.0,114.66666666666667,105.83333333333333,-0.024590163934426257
Karachi,2026-04-22 13:29:07.097653,85,38.28371603287638,48.770126877160976,20.904803962104374,43.27050835958558,0.8216895252433105,22.212362584054613,61.66710151841615,6.634621639451214,1014.5133994086951,13,2,4,0,119.0,103.0,80.0,141.0,108.66666666666667,106.66666666666667,-0.2857142857142857
Karachi,2026-04-22 14:29:07.097653,128,55.75353988574396,72.96623146330343,22.03709227785969,23.496133186652145,0.8170633316598941,22.099673665926595,85.26754511635184,5.793195692446355,1017.7089125905812,14,2,4,0,85.0,122.0,111.0,131.0,110.66666666666667,109.5,0.5058823529411764
Karachi,2026-04-22 15:29:07.097653,121,51.02195609571582,85.86026687623757,33.703645406011304,53.91628531047535,1.2284115518605907,26.668474817086896,68.80927062536362,4.720370421563688,1016.2704549114283,15,2,4,0,128.0,119.0,100.0,107.0,111.33333333333333,113.0,-0.0546875
Karachi,2026-04-22 16:29:07.097653,85,40.164092125392465,41.431963418020395,41.50374634094408,78.55939111964965,2.324857629300081,28.528257070932646,68.30955436987034,0.9913194754008203,1017.7462311680756,16,2,4,0,121.0,85.0,103.0,95.0,111.33333333333333,110.0,-0.2975206611570248
Karachi,2026-04-22 17:29:07.097653,93,31.5904454049728,47.216277700526305,25.960528248649773,42.508203442445215,2.2342068191140156,32.754443128834865,53.09549459376947,2.182207650021009,1016.4560479509839,17,2,4,0,85.0,128.0,122.0,89.0,99.66666666666667,105.16666666666667,0.09411764705882364
Karachi,2026-04-22 18:29:07.097653,87,43.30030167545212,43.67650907759612,44.570862722235965,67.22487795679666,1.3051680209613417,32.546984115195144,70.38613739185632,3.4198521048259956,1016.5519580619698,18,2,4,0,93.0,121.0,119.0,89.0,88.33333333333333,99.83333333333333,-0.06451612903225812
Karachi,2026-04-22 19:29:07.097653,76,38.07440716227448,45.14435002697393,23.489093621876897,45.544893086578476,1.2039797909819743,35.95202966611964,68.79552337086982,1.73512192384765,1013.7717719537134,19,2,4,0,87.0,85.0,85.0,56.0,85.33333333333333,98.33333333333333,-0.12643678160919536
Karachi,2026-04-22 20:29:07.097653,56,26.37627906315622,37.50030665249201,20.965602252311818,44.70880217728168,1.5210199902446728,35.39497708007635,59.8425735170932,4.154411305055902,1013.1825231141321,20,2,4,0,76.0,93.0,128.0,61.0,73.0,86.33333333333333,-0.26315789473684215
Karachi,2026-04-22 21:29:07.097653,48,28.393972961988425,35.144871372142354,34.76534307213634,75.12964452251445,0.8355988263378846,31.814415391304358,89.53477829495903,4.440972216508575,1012.0625426642782,21,2,4,0,56.0,87.0,121.0,33.0,60.0,74.16666666666667,-0.1428571428571429
Karachi,2026-04-22 22:29:07.097653,53,13.1712546902492,52.757518632916856,6.304399816818483,72.2976108122677,0.4148069823259982,28.337944837035774,84.09454824740433,4.072580125130937,1016.1809489504587,22,2,4,0,48.0,76.0,85.0,60.0,52.333333333333336,68.83333333333333,0.10416666666666674
Karachi,2026-04-22 23:29:07.097653,68,24.823023518774107,23.172436666524938,9.38840179987002,65.00603256315821,2.3662930995766547,33.428004717375345,77.47931450384078,5.050269209115163,1009.8206761227802,23,2,4,0,53.0,56.0,93.0,60.0,56.333333333333336,64.66666666666667,0.28301886792452824
Karachi,2026-04-23 00:29:07.097653,58,19.585083624156834,39.76228610434522,27.988324897258988,30.737902732174888,0.7107377667297801,31.718770446461484,66.86727942065002,1.1908175725738521,1008.5622491582419,0,3,4,0,68.0,48.0,87.0,42.0,59.666666666666664,59.833333333333336,-0.1470588235294118
Karachi,2026-04-23 01:29:07.097653,45,21.79260071080126,22.820761557443966,56.860199126546604,48.15058910067584,0.7364816043405761,24.338129179015713,63.10299009473151,4.865657408184395,1017.4789382268467,1,3,4,0,58.0,53.0,76.0,74.0,57.0,54.666666666666664,-0.22413793103448276
Karachi,2026-04-23 02:29:07.097653,65,20.987183720466078,34.66550993660502,44.6831478913883,25.67280633139795,1.3394127234786848,28.018480039655003,49.24486976115997,1.6087090997596074,1008.0377818520348,2,3,4,0,45.0,68.0,56.0,35.0,56.0,56.166666666666664,0.4444444444444444
Karachi,2026-04-23 03:29:07.097653,20,11.787475746687427,7.041822973968979,9.846961322530676,41.07416886325778,1.3815493586487277,23.693681980364865,55.286873700731185,1.1181280947142291,1017.7682932187586,3,3,4,0,65.0,58.0,48.0,36.0,43.333333333333336,51.5,-0.6923076923076923
Karachi,2026-04-23 04:29:07.097653,82,39.74527492221619,42.06873393688515,51.54749070294805,43.89491460318534,0.3405552613416323,21.321370996251307,78.69803999116051,4.064232268372764,1015.2885336987376,4,3,4,0,20.0,45.0,53.0,68.0,55.666666666666664,56.333333333333336,3.0999999999999996
Karachi,2026-04-23 05:29:07.097653,46,21.93190328652115,41.16003185597934,45.27654238344996,68.21480281185316,0.6255004253027355,22.572712259002273,62.68744769687757,5.431747124397962,1011.2849891969782,5,3,4,0,82.0,65.0,68.0,87.0,49.333333333333336,52.666666666666664,-0.4390243902439024
Karachi,2026-04-23 06:29:07.097653,74,31.244109469888713,51.47641014348303,38.60205891364593,72.72198557274952,1.131940600833632,20.761167116185717,84.11347582847506,3.9760269727520194,1014.9781984308631,6,3,4,0,46.0,20.0,58.0,105.0,67.33333333333333,55.333333333333336,0.6086956521739131
Karachi,2026-04-23 07:29:07.097653,70,23.44844246896964,42.76728158866908,50.11611283350475,39.02340436775345,1.804207525723186,18.575255293677863,47.395556817276436,3.0416080475450884,1016.1787515718513,7,3,4,0,74.0,82.0,45.0,80.0,63.333333333333336,59.5,-0.05405405405405406
Karachi,2026-04-23 08:29:07.097653,75,25.99765631504774,56.155992738407846,27.226041625862642,11.239311155126604,0.8025206050302589,17.946434131623967,65.41735480068182,3.620307652203014,1010.4536205598644,8,3,4,0,70.0,46.0,65.0,111.0,73.0,61.166666666666664,0.0714285714285714
Karachi,2026-04-23 09:29:07.097653,118,53.698336624993026,59.07513142537353,17.182557796961902,70.32416878525483,1.230631781731878,18.50538197074817,72.34828420106544,3.2728538361345603,1015.7089568327958,9,3,4,0,75.0,74.0,20.0,100.0,87.66666666666667,77.5,0.5733333333333333
Karachi,2026-04-23 10:29:07.097653,98,43.48284265706858,48.73350540566547,33.161286400981766,22.199507495095247,1.526159142376227,17.27168190195944,65.8424228153963,0.7480982077292118,1016.0436962500823,10,3,4,0,118.0,70.0,82.0,103.0,97.0,80.16666666666667,-0.1694915254237288
Karachi,2026-04-23 11:29:07.097653,114,45.4750356089654,51.08145795122216,35.18629655764106,53.53173747232755,2.2549034881712426,19.232942851042978,84.46134457924936,0.5147597101101695,1010.4935463012534,11,3,4,0,98.0,75.0,46.0,122.0,110.0,91.5,0.16326530612244894
Karachi,2026-04-23 12:29:07.097653,109,41.62892879789545,59.98239846910104,34.60795046054517,11.747963030389183,1.0173551051196714,19.195365690810913,89.47816409145699,2.8423482410530903,1008.4192635437798,12,3,4,0,114.0,118.0,74.0,119.0,107.0,97.33333333333333,-0.04385964912280704
Karachi,2026-04-23 13:29:07.097653,116,36.32431551325067,70.97362053184933,36.07905853140579,37.9654532682395,0.5938281848996638,22.263368087701995,45.79173291706849,3.1597136715386074,1010.0412228455809,13,3,4,0,109.0,98.0,70.0,85.0,113.0,105.0,0.06422018348623859
Karachi,2026-04-23 14:29:07.097653,107,37.498974098352605,65.10272291112086,57.178770503154944,79.01722114807448,1.3763988969747383,24.266732242662133,46.49774520384605,3.0226647567354683,1010.006464088894,14,3,4,0,116.0,114.0,75.0,128.0,110.66666666666667,110.33333333333333,-0.07758620689655171
Karachi,2026-04-23 15:29:07.097653,81,42.34442346480577,50.375727332139775,54.62350927029272,17.048552077266216,1.9427875237049368,25.799941621576835,46.51620567800605,4.352203227299826,1008.6524045417548,15,3,4,0,107.0,109.0,118.0,121.0,101.33333333333333,104.16666666666667,-0.2429906542056075
Karachi,2026-04-23 16:29:07.097653,109,37.57532306167051,54.677946726495605,53.164437010741665,39.65852063997496,0.5416914655160135,29.273493005296928,74.05885480352637,2.5690465676713203,1015.2600738465519,16,3,4,0,81.0,116.0,98.0,85.0,99.0,106.0,0.345679012345679
Karachi,2026-04-23 17:29:07.097653,80,33.090688148367775,54.64017150430574,49.077924599974494,31.500496513296653,1.2343036817333128,30.008892548091225,58.6338047747919,4.125958363809712,1011.7997492445841,17,3,4,0,109.0,107.0,114.0,93.0,90.0,100.33333333333333,-0.2660550458715596
Karachi,2026-04-23 18:29:07.097653,56,27.697728474017488,35.90778305797422,56.888545899590696,73.3561686371785,0.33912731077746355,32.93267267097946,76.6657330632953,2.7108264653471044,1016.8438616745386,18,3,4,0,80.0,81.0,109.0,87.0,81.66666666666667,91.5,-0.30000000000000004
Karachi,2026-04-23 19:29:07.097653,65,20.050867152962816,45.3526549911894,10.417205292367179,70.85380755351486,0.3738301996239525,29.482765383725017,60.273573644348936,6.646717924072933,1010.5217110566518,19,3,4,0,56.0,109.0,116.0,76.0,67.0,83.0,0.1607142857142858
Karachi,2026-04-23 20:29:07.097653,87,35.92811111771129,37.364740694988384,19.581779379515673,26.638913221436017,1.3624973990766645,32.7732904117854,71.38033606660318,3.161427453452893,1012.5323216509993,20,3,4,0,65.0,80.0,107.0,56.0,69.33333333333333,79.66666666666667,0.33846153846153837
Karachi,2026-04-23 21:29:07.097653,71,33.30562676599567,45.41600048804591,32.22807701100217,15.683145093530182,0.9560340559320448,32.99050989066754,78.49290028394468,7.681445223051354,1014.3901742892676,21,3,4,0,87.0,56.0,81.0,48.0,74.33333333333333,78.0,-0.1839080459770115
Karachi,2026-04-23 22:29:07.097653,48,19.578278957675835,19.77155160286916,51.559397121787285,53.899687584278226,2.1592360578119068,31.30694475060175,67.41079553274602,3.7040231821817287,1016.7746494967178,22,3,4,0,71.0,65.0,109.0,53.0,68.66666666666667,67.83333333333333,-0.323943661971831
Karachi,2026-04-23 23:29:07.097653,45,32.65535913695445,24.291429767520015,32.784114133750286,33.545809831859685,1.6247394734781995,30.312068849873917,66.9751795225003,2.5726456588235687,1013.2462110161938,23,3,4,0,48.0,87.0,80.0,68.0,54.666666666666664,62.0,-0.0625
Karachi,2026-04-24 00:29:07.097653,45,9.727193398304726,31.380203728134624,46.14191066378738,57.045907342424414,1.298652515834579,25.82950797854028,44.41171626428172,1.2011040474806511,1011.7352462781238,0,4,4,0,45.0,71.0,56.0,58.0,46.0,60.166666666666664,0.0
Karachi,2026-04-24 01:29:07.097653,82,38.16302063531562,50.032815828891636,12.642794788690392,12.248382924747013,1.197457816319452,27.78350657015915,60.53908714547174,0.1142228518846129,1016.6701507847201,1,4,4,0,45.0,48.0,65.0,45.0,57.333333333333336,63.0,0.8222222222222222
Karachi,2026-04-24 02:29:07.097653,59,23.03529918099374,29.036641963729537,18.88275971371081,19.33794646242426,1.3939400564170392,26.29521196513414,67.28885766124688,1.0171154312076864,1011.1024642468761,2,4,4,0,82.0,45.0,87.0,65.0,62.0,58.333333333333336,-0.2804878048780488
Karachi,2026-04-24 03:29:07.097653,65,29.954569283091224,39.192638012837115,45.24768522707198,58.046056294085034,0.38896542866785494,23.916522227587365,63.0990412833205,1.2407873816720203,1008.7942369963257,3,4,4,0,59.0,45.0,71.0,20.0,68.66666666666667,57.333333333333336,0.10169491525423724
Karachi,2026-04-24 04:29:07.097653,80,34.38823648268728,36.02026856433743,14.060370488824823,24.865945871174844,2.264145384125452,23.077454118884365,85.03910000942128,3.789640040824353,1012.4504210751024,4,4,4,0,65.0,82.0,48.0,82.0,68.0,62.666666666666664,0.23076923076923084
Karachi,2026-04-24 05:29:07.097653,75,26.661125427378852,54.69249878657961,24.32457640602097,70.03113730336811,2.4962669426147084,19.746204962072625,85.32653160597447,1.947669257879625,1015.8509330649799,5,4,4,0,80.0,59.0,45.0,46.0,73.33333333333333,67.66666666666667,-0.0625
Karachi,2026-04-24 06:29:07.097653,76,31.590729087372484,44.026348531643656,19.56764417974643,14.10136213970948,0.6992716746891371,19.029159131026365,81.09586902943809,3.3738541051089954,1008.3078083175352,6,4,4,0,75.0,65.0,45.0,74.0,77.0,72.83333333333333,0.01333333333333342
Karachi,2026-04-24 07:29:07.097653,84,24.638222189728943,59.839993724123175,24.242393182236317,25.083738794990225,0.5648425225041634,17.58477486660116,58.764903768656,5.563956724753372,1013.8588224498959,7,4,4,0,76.0,80.0,82.0,70.0,78.33333333333333,73.16666666666667,0.10526315789473695
Karachi,2026-04-24 08:29:07.097653,93,40.58662994637259,52.143335168505075,43.957822699288364,79.8992173939548,0.6158704195869096,18.375101439184988,75.86495758437673,2.824383296730293,1013.9446404852723,8,4,4,0,84.0,75.0,59.0,75.0,84.33333333333333,78.83333333333333,0.1071428571428572
Karachi,2026-04-24 09:29:07.097653,100,41.75274028513215,56.204314025516624,25.231594962854057,40.31532718107549,1.754259528115608,14.11813411742321,59.764423053480485,7.158313396933608,1017.2854176342738,9,4,4,0,93.0,76.0,65.0,118.0,92.33333333333333,84.66666666666667,0.07526881720430101
Karachi,2026-04-24 10:29:07.097653,116,49.95138295045066,64.02362886774993,35.53948274343671,59.207596448125045,1.7551698445917046,16.28463483376847,51.62967994878795,0.6483780393216043,1010.8646481714502,10,4,4,0,100.0,84.0,80.0,98.0,103.0,90.66666666666667,0.15999999999999992
Karachi,2026-04-24 11:29:07.097653,109,49.19337685574837,72.86356929901353,10.49625323799253,22.786413419990957,2.165433157012504,22.516945064573804,57.145132177544085,2.6988329032501444,1010.788366132107,11,4,4,0,116.0,93.0,75.0,114.0,108.33333333333333,96.33333333333333,-0.06034482758620685
Karachi,2026-04-24 12:29:07.097653,120,50.23393966434203,66.9183114363124,49.27597312790453,52.69081144898764,1.9540180545377575,16.07912835580759,43.54823166427678,1.9213741527780426,1012.4048365133967,12,4,4,0,109.0,100.0,76.0,109.0,115.0,103.66666666666667,0.10091743119266061
Karachi,2026-04-24 13:29:07.097653,107,43.847257533808715,69.8169791115474,25.34387441064687,60.82742478585929,1.2893172814125475,22.649091779529147,56.588875450232365,4.8730132121140155,1011.5691490147152,13,4,4,0,120.0,116.0,84.0,116.0,112.0,107.5,-0.10833333333333328
Karachi,2026-04-24 14:29:07.097653,107,38.458774304003356,61.23655479961039,40.669378746833836,32.013364510655734,1.6482817954437017,27.344549919216135,63.03711086305858,1.479583260732242,1015.3634586268932,14,4,4,0,107.0,109.0,93.0,107.0,111.33333333333333,109.83333333333333,0.0
Karachi,2026-04-24 15:29:07.097653,71,24.934973448800676,26.936409501435936,44.89642809140079,68.02279783831145,1.8142262748096176,26.884031029736636,87.7740447390415,0.11376942164437764,1014.4175207713155,15,4,4,0,107.0,120.0,100.0,81.0,95.0,105.0,-0.33644859813084116
Karachi,2026-04-24 16:29:07.097653,108,49.43163914910155,60.68443653003061,16.53135071614352,52.23923049305983,1.4280202346274955,28.189977857098604,55.670529310981244,2.7853063550980743,1015.5892103790627,16,4,4,0,71.0,107.0,116.0,109.0,95.33333333333333,103.66666666666667,0.5211267605633803
Karachi,2026-04-24 17:29:07.097653,92,44.366436425148095,46.34427338002452,53.657124172434244,37.238610673052115,1.3464321657936007,30.91569760312298,85.12267696027604,6.102755442018987,1016.2004179119868,17,4,4,0,108.0,107.0,109.0,80.0,90.33333333333333,100.83333333333333,-0.14814814814814814
Karachi,2026-04-24 18:29:07.097653,94,36.797508477597646,57.253312778195564,38.89233383838241,49.0349675340211,1.7192143804138373,31.221962870270612,51.44291379117485,3.4516836680746144,1017.2298113273415,18,4,4,0,92.0,71.0,120.0,56.0,98.0,96.5,0.021739130434782705
Karachi,2026-04-24 19:29:07.097653,28,11.746652925873985,7.751696899015499,28.579882796331482,50.3732593205147,1.5264440077464383,32.78910559582643,49.548444887962475,0.2969050914715323,1012.3093673178465,19,4,4,0,94.0,108.0,107.0,65.0,71.33333333333333,83.33333333333333,-0.7021276595744681
Karachi,2026-04-24 20:29:07.097653,96,34.00717635371554,65.20317314874349,15.028435096802074,21.587470488570624,1.7166730717390029,31.63323792695974,65.94977282160825,0.6056668146195396,1017.8469738947155,20,4,4,0,28.0,92.0,107.0,87.0,72.66666666666667,81.5,2.4285714285714284
Karachi,2026-04-24 21:29:07.097653,56,28.540965083167617,33.28716440242137,56.82655158456637,38.19126589068763,1.6482805027194005,34.944755450223994,73.6255684648703,6.3459794056899055,1010.1566081340366,21,4,4,0,96.0,94.0,71.0,71.0,60.0,79.0,-0.41666666666666663
Karachi,2026-04-24 22:29:07.097653,70,31.583876173470735,40.96442012444785,46.52875122723938,34.04014116136452,1.8822324331300404,34.77473307240683,42.21661254011407,1.7577304024075184,1015.1436516194733,22,4,4,0,56.0,28.0,108.0,48.0,74.0,72.66666666666667,0.25
Karachi,2026-04-24 23:29:07.097653,35,23.87554170409674,26.501318884967652,16.44135095032869,38.06319058053883,1.7141677193223275,30.390073605269134,51.05329325236083,1.114073255100472,1013.3400931730719,23,4,4,0,70.0,96.0,92.0,45.0,53.666666666666664,63.166666666666664,-0.5
Karachi,2026-04-25 00:29:07.097653,59,19.285028044476725,43.226220618170025,23.57409260983235,63.277741193968055,1.4434334701619882,26.22702115861751,62.784183325065825,5.9547451212617215,1016.1690059468489,0,5,4,1,35.0,56.0,94.0,45.0,54.666666666666664,57.333333333333336,0.6857142857142857
Karachi,2026-04-25 01:29:07.097653,35,12.198357210398157,20.97180504407665,49.53208419484403,43.777688522667084,1.7999529848256506,26.022866020193376,56.550216799159074,5.022194011173982,1012.7677052060643,1,5,4,1,59.0,70.0,28.0,82.0,43.0,58.5,-0.4067796610169492
Karachi,2026-04-25 02:29:07.097653,44,19.022311003039768,20.62801968922353,43.262271476843644,75.8221307267485,1.2888603234079419,24.632022679794073,75.6310539674161,5.548119286533591,1015.8393863536243,2,5,4,1,35.0,35.0,96.0,59.0,46.0,49.833333333333336,0.2571428571428571
Karachi,2026-04-25 03:29:07.097653,87,38.231354437591,38.30660319454618,47.11813609936484,30.557348935090534,0.8316766971397223,23.940525392986245,65.55802980206585,1.0999162394683668,1017.3016871464768,3,5,4,1,44.0,59.0,56.0,65.0,55.333333333333336,55.0,0.9772727272727273
Karachi,2026-04-25 04:29:07.097653,62,23.77756740768176,31.795460336848443,29.266060621711283,39.09925047994503,0.303120084294614,18.983973553658643,48.01795528019501,0.05021128202872127,1015.3229426614009,4,5,4,1,87.0,35.0,70.0,80.0,64.33333333333333,53.666666666666664,-0.28735632183908044
Karachi,2026-04-25 05:29:07.097653,75,25.83396324557959,40.36045507358844,44.40619444531918,65.08697673353291,1.5319211237208552,17.80482111322332,84.72326896575453,3.266332978725411,1015.7609428621832,5,5,4,1,62.0,44.0,35.0,75.0,74.66666666666667,60.333333333333336,0.20967741935483875
Karachi,2026-04-25 06:29:07.097653,93,41.62744402875038,56.68706920013717,26.257154757515252,48.22172153245252,1.5994414985390104,19.093149045442104,54.64528377416798,3.670252266147328,1008.6717543126585,6,5,4,1,75.0,87.0,59.0,76.0,76.66666666666667,66.0,0.24
Karachi,2026-04-25 07:29:07.097653,95,41.68559668179379,54.358704754494596,16.619460431600803,48.29197024971134,2.4385077225065714,19.150411053766568,76.55655544822118,3.7292036074096635,1010.0495766223228,7,5,4,1,93.0,62.0,35.0,84.0,87.66666666666667,76.0,0.021505376344086002
Karachi,2026-04-25 08:29:07.097653,97,34.32114292804284,63.857233922703614,39.7972369162748,13.733811410362847,1.0952523350074062,15.756811909658632,78.99578895527048,5.956367871278004,1017.7430374050359,8,5,4,1,95.0,75.0,44.0,93.0,95.0,84.83333333333333,0.021052631578947434
Karachi,2026-04-25 09:29:07.097653,106,49.4522613945634,59.108704913388365,58.68076590793368,37.90197639029191,1.1670931342222859,14.606159281785462,88.15788501280511,0.4675341800164965,1014.931870037874,9,5,4,1,97.0,93.0,87.0,100.0,99.33333333333333,88.0,0.09278350515463907
Karachi,2026-04-25 10:29:07.097653,142,62.663791902825935,84.76286820044083,22.083053426743128,28.951361269521275,0.7439590789528185,24.64003317230026,64.92537332620506,4.719390102595532,1013.6144901731101,10,5,4,1,106.0,95.0,62.0,116.0,115.0,101.33333333333333,0.3396226415094339
Karachi,2026-04-25 11:29:07.097653,108,43.916879619506275,74.33999524547608,30.35332757168968,79.95345859817807,0.4551754495221082,20.90975422468505,70.79177577322162,0.8067499117053645,1011.6697637339645,11,5,4,1,142.0,97.0,75.0,109.0,118.66666666666667,106.83333333333333,-0.23943661971830987
Karachi,2026-04-25 12:29:07.097653,113,45.60458359216999,70.54449313207444,42.070075408841944,31.584854944261718,2.0001698842958295,20.465992476465935,56.743814673976686,4.711470641721682,1008.4438900120692,12,5,4,1,108.0,106.0,93.0,120.0,121.0,110.16666666666667,0.04629629629629628
Karachi,2026-04-25 13:29:07.097653,124,52.66532514709403,74.36225410376322,34.78284551673683,71.91475743557044,0.8492983415465152,24.667510190241515,73.90896467060332,2.050086590957245,1011.6913590796413,13,5,4,1,113.0,142.0,95.0,107.0,115.0,115.0,0.09734513274336276
Karachi,2026-04-25 14:29:07.097653,122,44.71694509187987,68.72263512926033,51.388528763997705,57.33636145283342,1.6395906942660836,24.751086740571157,63.16917429331599,1.3720564082189768,1012.9891287328958,14,5,4,1,124.0,108.0,97.0,107.0,119.66666666666667,119.16666666666667,-0.016129032258064502
Karachi,2026-04-25 15:29:07.097653,119,47.757620603421266,66.34534363768145,46.895848855823374,33.86414864344633,1.8131006782000596,28.80486613902054,61.88261823622111,1.7801945861015955,1010.1145950938688,15,5,4,1,122.0,113.0,106.0,71.0,121.66666666666667,121.33333333333333,-0.024590163934426257
Karachi,2026-04-25 16:29:07.097653,104,31.07046360912921,55.943665974647075,8.206346212429636,48.047406486188656,1.3367207120416251,29.318786395552443,82.77337645580528,0.1087795984468749,1009.7313679127383,16,5,4,1,119.0,124.0,142.0,108.0,115.0,115.0,-0.12605042016806722
Karachi,2026-04-25 17:29:07.097653,70,32.630077292362024,38.04364367100782,59.91316786580757,68.83751159644356,2.2279746486598215,30.839398045827526,42.50844217493443,3.0808578796669344,1013.0841655135752,17,5,4,1,104.0,122.0,108.0,92.0,97.66666666666667,108.66666666666667,-0.32692307692307687
Karachi,2026-04-25 18:29:07.097653,104,33.99312308159728,68.74621050066438,46.382134954570695,71.83578086216383,1.2763486501554033,31.70103949381393,84.09812139159342,1.4546532186790857,1013.8590423562755,18,5,4,1,70.0,119.0,113.0,94.0,92.66666666666667,107.16666666666667,0.48571428571428577
Karachi,2026-04-25 19:29:07.097653,55,29.533198242802623,31.249042480648285,52.51468239617623,21.227571250430167,0.9267989706918833,29.83264394338637,82.60349189142785,4.572596461800557,1010.3991791885453,19,5,4,1,104.0,104.0,124.0,28.0,76.33333333333333,95.66666666666667,-0.47115384615384615
Karachi,2026-04-25 20:29:07.097653,69,26.165212321601956,30.92553463210146,40.815874165244054,33.77011988457187,2.271234150515569,36.87618979878628,65.31831267808946,4.2801121620658344,1013.8738947445621,20,5,4,1,55.0,70.0,122.0,96.0,76.0,86.83333333333333,0.25454545454545463
Karachi,2026-04-25 21:29:07.097653,47,17.930728615989405,42.628949632946195,52.09568204257192,33.46562261495002,2.1954414253499044,30.844338769777064,64.51014271028141,6.376314105805582,1017.003399638743,21,5,4,1,69.0,104.0,119.0,56.0,57.0,74.83333333333333,-0.3188405797101449
Karachi,2026-04-25 22:29:07.097653,53,18.084195544606256,34.394019141704476,11.181063621079018,12.943135725316129,0.6608878835681087,29.208156077654323,58.09036840177451,3.7326549670821545,1012.7317325802136,22,5,4,1,47.0,55.0,104.0,70.0,56.333333333333336,66.33333333333333,0.12765957446808507
Karachi,2026-04-25 23:29:07.097653,55,20.941270176741682,22.31664961542274,24.125580955762356,51.87664318963276,0.3571142403786261,30.231134483979645,89.70868958408673,4.0413555341601475,1016.5739016958718,23,5,4,1,53.0,69.0,70.0,35.0,51.666666666666664,63.833333333333336,0.037735849056603765
Karachi,2026-04-26 00:29:07.097653,54,29.020800018441825,29.357423521125867,53.2031518982471,69.83740370945316,0.4979682239691655,27.077056372978983,45.558466637692064,5.800199623655628,1017.2727144453332,0,6,4,1,55.0,47.0,104.0,59.0,54.0,55.5,-0.018181818181818188
Karachi,2026-04-26 01:29:07.097653,57,10.501371327267494,35.29771297754167,16.091036619679073,36.71020714778625,0.9304042768183975,26.967126779699623,69.51076178143035,1.7446746079466073,1008.9239402893709,1,6,4,1,54.0,53.0,55.0,35.0,55.333333333333336,55.833333333333336,0.05555555555555558
Karachi,2026-04-26 02:29:07.097653,78,37.67478969937956,60.57168089978694,9.30331542190125,61.802516148892394,2.4389715638317635,26.375527697123538,74.08407950562085,0.023483574353934777,1008.958115796568,2,6,4,1,57.0,55.0,69.0,44.0,63.0,57.333333333333336,0.368421052631579
Karachi,2026-04-26 03:29:07.097653,65,27.926041840353854,30.488986986197013,48.346541696987046,53.93902895205179,1.5287355369538151,24.920053440238277,86.71650041084723,3.400188118256787,1012.760441828876,3,6,4,1,78.0,54.0,47.0,87.0,66.66666666666667,60.333333333333336,-0.16666666666666663
Karachi,2026-04-26 04:29:07.097653,61,18.499951948970033,44.61091603723173,50.951738560381294,36.295411484510055,1.1211758104643914,22.629461443243365,79.01017484283807,0.15473306157119193,1013.881024443177,4,6,4,1,65.0,57.0,53.0,62.0,68.0,61.666666666666664,-0.06153846153846154
Karachi,2026-04-26 05:29:07.097653,86,29.30213250325371,63.21393311852859,13.945872000444533,19.874185964460796,2.255175408148042,18.73188164093626,72.19236014057734,7.90787734585078,1012.2588346446503,5,6,4,1,61.0,78.0,55.0,75.0,70.66666666666667,66.83333333333333,0.4098360655737705
Karachi,2026-04-26 06:29:07.097653,97,47.518788069588865,53.675999959725196,51.98902905304935,59.652669694317716,1.2968999292526993,18.17098042504766,45.840615840606134,5.910996584157886,1011.264507704175,6,6,4,1,86.0,65.0,54.0,93.0,81.33333333333333,74.0,0.12790697674418605
Karachi,2026-04-26 07:29:07.097653,69,23.01264725069464,39.390163524730575,42.77222875784433,69.81956182588684,0.9935249824822465,18.088351491482435,58.68667584157337,7.327952666603161,1014.4099411612616,7,6,4,1,97.0,61.0,57.0,95.0,84.0,76.0,-0.28865979381443296
Karachi,2026-04-26 08:29:07.097653,103,35.81764786611936,54.08612664965855,33.60454757691211,58.00981446810443,2.3706829632404465,13.484425152115854,46.94208212739926,3.1248939533262585,1008.0208151234992,8,6,4,1,69.0,86.0,78.0,97.0,89.66666666666667,80.16666666666667,0.49275362318840576
Karachi,2026-04-26 09:29:07.097653,111,50.37889053992761,65.41078761351349,50.663760602976176,11.251493882437265,2.1689388656238915,18.413762789927173,84.06063662327568,4.101147187403196,1017.6807328086375,9,6,4,1,103.0,97.0,65.0,106.0,94.33333333333333,87.83333333333333,0.07766990291262132
Karachi,2026-04-26 10:29:07.097653,101,42.29968820668289,60.617665943136515,28.05870871254312,25.136302607369387,2.15607042592277,15.15719819455683,77.48105777818215,2.0810491360947116,1010.3207908818803,10,6,4,1,111.0,69.0,61.0,142.0,105.0,94.5,-0.09009009009009006
Karachi,2026-04-26 11:29:07.097653,129,47.15572291265654,83.04522617766676,15.669667592286846,14.863598941847233,1.4270264347104689,23.4238389483206,77.87683933986146,4.765849611173504,1017.17098768583,11,6,4,1,101.0,103.0,86.0,108.0,113.66666666666667,101.66666666666667,0.27722772277227725
Karachi,2026-04-26 12:29:07.097653,107,44.18279135482794,73.37096748487083,20.666897213583752,49.927026970335874,2.036764477394001,20.19096983071661,72.61282588867721,0.568913575897886,1009.0901474453451,12,6,4,1,129.0,111.0,97.0,113.0,112.33333333333333,103.33333333333333,-0.1705426356589147
Karachi,2026-04-26 13:29:07.097653,110,39.21580521809669,60.53208443747393,32.78402100613231,62.95343751882887,0.6945773903820142,22.55969728479065,65.35217684683548,2.0861863789495576,1010.3808718204457,13,6,4,1,107.0,101.0,69.0,124.0,115.33333333333333,110.16666666666667,0.028037383177569986
Karachi,2026-04-26 14:29:07.097653,103,46.85798089182307,46.292210335757105,34.22319359702466,17.74054309480616,1.5610905066237362,23.46058580152429,47.49855297317486,1.4185787610228666,1010.348737010875,14,6,4,1,110.0,129.0,103.0,122.0,106.66666666666667,110.16666666666667,-0.0636363636363636
Karachi,2026-04-26 15:29:07.097653,101,45.88561048409304,60.69817525538112,49.30694545426785,68.68364744153698,2.4644610302646006,25.810612297108786,56.484744335252586,0.08905304876536846,1017.9615290420064,15,6,4,1,103.0,107.0,111.0,119.0,104.66666666666667,108.5,-0.01941747572815533
Karachi,2026-04-26 16:29:07.097653,78,34.08238047273851,49.481824457692305,48.52439980087839,48.885628487683825,0.9401085471395156,33.54818713828648,46.845789623844524,5.955853472319071,1008.0460054572588,16,6,4,1,101.0,110.0,101.0,104.0,94.0,104.66666666666667,-0.2277227722772277
Karachi,2026-04-26 17:29:07.097653,66,28.27382855189957,41.69362636997706,36.97516064625162,58.29783084992074,2.0475751243448856,32.537593626738975,76.24565714261716,6.631354910160632,1014.396382093035,17,6,4,1,78.0,103.0,129.0,70.0,81.66666666666667,94.16666666666667,-0.15384615384615385
Karachi,2026-04-26 18:29:07.097653,103,50.3729710036867,59.737159588952395,47.9432015851012,77.99812940260523,1.3790524958577481,28.82979833997983,48.011438801100255,0.19414185517377813,1016.6968658106085,18,6,4,1,66.0,101.0,107.0,104.0,82.33333333333333,93.5,0.5606060606060606
Karachi,2026-04-26 19:29:07.097653,59,23.81083500580091,36.71662185060115,15.547540206151904,15.857669177338813,0.38757250308859215,35.735832411683006,75.10567750858428,5.583431215042479,1014.7227365402474,19,6,4,1,103.0,78.0,110.0,55.0,76.0,85.0,-0.4271844660194175
Karachi,2026-04-26 20:29:07.097653,50,14.14227527615816,42.20102732171122,7.753548990131189,73.08568160844524,1.9786426751944686,35.386484550282866,74.61276947979523,4.902769967001541,1011.6273381821694,20,6,4,1,59.0,66.0,103.0,69.0,70.66666666666667,76.16666666666667,-0.15254237288135597
Karachi,2026-04-26 21:29:07.097653,26,12.841747508300681,18.94544026790879,53.04986024490851,18.827188719118652,0.6708521176626482,32.164981685735974,62.96522394956445,0.13955336943775265,1017.5830936270294,21,6,4,1,50.0,103.0,101.0,47.0,45.0,63.666666666666664,-0.48
Karachi,2026-04-26 22:29:07.097653,44,28.204159916135296,23.673939602649913,9.155497156952325,37.50711646456776,1.6892418476920505,32.54159711433518,46.761432705902614,2.2194649381367637,1016.9352075458904,22,6,4,1,26.0,59.0,78.0,53.0,40.0,58.0,0.6923076923076923
Karachi,2026-04-26 23:29:07.097653,31,7.3965538581569295,14.703944449361316,18.56786363591985,69.600708743178,0.4884612269033404,30.62696609065023,55.74004130670183,1.8396725557509606,1012.3395492024952,23,6,4,1,44.0,50.0,66.0,55.0,33.666666666666664,52.166666666666664,-0.2954545454545454
Karachi,2026-04-27 00:29:07.097653,74,28.044777127348286,43.41931757980547,43.242542229341154,73.43779657165078,2.3831082744911227,32.94515980889386,56.00465545377757,4.4959907972544,1013.7332849261117,0,0,4,0,31.0,26.0,103.0,54.0,49.666666666666664,47.333333333333336,1.3870967741935485
Karachi,2026-04-27 01:29:07.097653,66,28.550022811094248,52.79560862552559,27.519636569502,45.44601714816017,0.941792551796794,25.477971982835985,75.01925665716468,0.5424412981899724,1017.6751918780524,1,0,4,0,74.0,44.0,59.0,57.0,57.0,48.5,-0.10810810810810811
Karachi,2026-04-27 02:29:07.097653,43,17.2092688384917,24.751783949071008,53.19726834535298,51.58732467927976,0.7982223216902689,25.292021219551454,45.68715097068622,2.802254748681035,1017.8256036192647,2,0,4,0,66.0,31.0,50.0,78.0,61.0,47.333333333333336,-0.3484848484848485
Karachi,2026-04-27 03:29:07.097653,92,32.11781555594071,55.38564543057526,21.388888706424826,59.570313421899,0.5841000889459356,22.07315697719422,81.45343231080454,1.628130992100764,1012.4982327571795,3,0,4,0,43.0,74.0,26.0,65.0,67.0,58.333333333333336,1.13953488372093
Karachi,2026-04-27 04:29:07.097653,79,37.49988220310192,43.97738081543392,5.652924066814761,68.29310679169,2.3812048253459053,18.133919190764292,78.05036450929569,3.9466823667702866,1016.4735002814309,4,0,4,0,92.0,66.0,44.0,61.0,71.33333333333333,64.16666666666667,-0.14130434782608692
Karachi,2026-04-27 05:29:07.097653,67,38.54538676780432,49.20964159611274,21.536060230840928,18.50578186763663,1.8661882333708715,23.726422260617596,49.315345908713695,2.5664159366241415,1011.0198022695394,5,0,4,0,79.0,43.0,31.0,86.0,79.33333333333333,70.16666666666667,-0.15189873417721522
Karachi,2026-04-27 06:29:07.097653,42,17.9842230058781,41.18404660409524,36.79412770516574,66.70485157604594,1.9316539551797953,15.708663611519665,75.95821908894447,1.9295085921192097,1011.7181287293066,6,0,4,0,67.0,92.0,74.0,97.0,62.666666666666664,64.83333333333333,-0.3731343283582089
Karachi,2026-04-27 07:29:07.097653,122,44.3311425280947,76.88213036061315,25.676610647181132,43.68933053581317,1.398690035036538,17.712851764663007,73.42565907339109,2.573406848735844,1009.6482188299022,7,0,4,0,42.0,79.0,66.0,69.0,77.0,74.16666666666667,1.9047619047619047
Karachi,2026-04-27 08:29:07.097653,74,21.91776257415105,45.15603102941104,34.41800156673154,41.543639757571825,1.3444011275950636,13.518598787239329,77.40604000554632,7.072085665680224,1010.0918459277673,8,0,4,0,122.0,67.0,43.0,103.0,79.33333333333333,79.33333333333333,-0.39344262295081966
Karachi,2026-04-27 09:29:07.097653,76,31.90276879860313,46.21359600413971,53.21289653592603,39.67298263978988,0.5420467345812486,16.47445231120127,49.446427772434724,2.166200727761222,1014.5687330225936,9,0,4,0,74.0,42.0,92.0,111.0,90.66666666666667,76.66666666666667,0.027027027027026973
Karachi,2026-04-27 10:29:07.097653,121,54.047114154052394,53.717136845920685,55.18667798267027,45.64481096722298,1.531650410284782,18.91573441259141,47.879516107823434,0.917989563432426,1013.1078161800708,10,0,4,0,76.0,122.0,79.0,101.0,90.33333333333333,83.66666666666667,0.5921052631578947
Karachi,2026-04-27 11:29:07.097653,145,60.60546308598137,93.30564344453522,19.628573555976168,76.15353873762224,0.8432162892393389,17.693677791502896,51.82419929613771,4.166867138311931,1010.311318606256,11,0,4,0,121.0,74.0,67.0,129.0,114.0,96.66666666666667,0.19834710743801653
Karachi,2026-04-27 12:29:07.097653,130,52.293617706468844,79.5317866945614,30.417726029844538,48.37426409545061,2.449719732160893,22.17360370147131,58.29358515744878,2.712950661154087,1012.0290961636165,12,0,4,0,145.0,76.0,42.0,107.0,132.0,111.33333333333333,-0.10344827586206895
Karachi,2026-04-27 13:29:07.097653,117,44.02820637683645,73.88858335896026,35.202920838279816,76.72242767841975,2.052478068033324,22.39136545540367,79.68324905179006,0.16953213826705493,1011.7318345986369,13,0,4,0,130.0,121.0,122.0,110.0,130.66666666666666,110.5,-0.09999999999999998
Karachi,2026-04-27 14:29:07.097653,114,40.500012731814536,63.24954879043783,57.20118512885359,22.620309143094843,1.2085825324243527,27.320165024797227,76.8961968739425,7.462992670404932,1017.8736020453533,14,0,4,0,117.0,145.0,74.0,103.0,120.33333333333333,117.16666666666667,-0.02564102564102566
Karachi,2026-04-27 15:29:07.097653,114,49.77953135854483,65.3330070585639,59.92395255404116,60.689518518284316,0.6329507691213727,29.794074187500613,86.27257961392667,2.295042108826704,1016.5356583721137,15,0,4,0,114.0,130.0,76.0,101.0,115.0,123.5,0.0
Karachi,2026-04-27 16:29:07.097653,106,47.12242964564852,60.5421578160555,17.947398686283965,66.8567677026123,2.0277297205053246,27.826510478539976,42.93147795493077,2.2442610920772976,1011.8796633338383,16,0,4,0,114.0,117.0,121.0,78.0,111.33333333333333,121.0,-0.07017543859649122
Karachi,2026-04-27 17:29:07.097653,91,29.064328151592843,63.362449500154064,44.98389292401985,57.539018193440334,0.5685182875788952,30.810319968278293,40.57781405070928,3.319670703816195,1017.1391657889603,17,0,4,0,106.0,114.0,145.0,66.0,103.66666666666667,112.0,-0.14150943396226412
Karachi,2026-04-27 18:29:07.097653,81,40.57440151461468,45.90773124274214,25.791708422825735,52.484559615857826,0.7165342576935552,32.29511168321997,74.95694148503995,6.460233538417679,1011.4263539162818,18,0,4,0,91.0,114.0,130.0,103.0,92.66666666666667,103.83333333333333,-0.10989010989010994
Karachi,2026-04-27 19:29:07.097653,71,31.388968795842626,59.439201613937314,5.4459508287417275,49.53689467603276,0.7653451390373003,33.966105201181946,53.96437478970829,0.3594906530379913,1014.6790151273486,19,0,4,0,81.0,106.0,117.0,59.0,81.0,96.16666666666667,-0.12345679012345678
Karachi,2026-04-27 20:29:07.097653,53,28.474185692528916,35.661218052320216,5.508888733974629,70.26513378050872,1.5251594042008079,33.02876399248853,56.703944776690875,3.551971698841079,1017.6664999668211,20,0,4,0,71.0,91.0,114.0,50.0,68.33333333333333,86.0,-0.2535211267605634
Karachi,2026-04-27 21:29:07.097653,54,15.120029422135215,22.540540966875334,30.331130415924065,67.51526180151501,2.031524638778806,33.10782852899823,67.34010129572562,7.174544323587255,1011.9027886398856,21,0,4,0,53.0,81.0,114.0,26.0,59.333333333333336,76.0,0.018867924528301883
Karachi,2026-04-27 22:29:07.097653,28,4.6208334923372325,16.14656105810598,31.858420215238404,18.560210482641967,0.9914927331943229,31.441390280685273,45.120656156339926,3.2574573614792968,1014.7988496510493,22,0,4,0,54.0,71.0,106.0,44.0,45.0,63.0,-0.4814814814814815
Karachi,2026-04-27 23:29:07.097653,49,19.0740057749262,24.514877508392694,6.241333311539346,69.40113599216147,0.48627359140563675,30.887333983436417,72.13472082740248,0.5293320413930407,1010.9592381106263,23,0,4,0,28.0,53.0,91.0,31.0,43.666666666666664,56.0,0.75
Karachi,2026-04-28 00:29:07.097653,35,16.582375491570467,3.547620277081549,42.78100792258664,38.98480336083097,1.3219846197537224,31.59588038707026,56.25737231155751,1.7632062940786948,1010.6631231559797,0,1,4,0,49.0,54.0,81.0,74.0,37.333333333333336,48.333333333333336,-0.2857142857142857
Karachi,2026-04-28 01:29:07.097653,34,22.76915829587137,33.476798792765145,21.170186372722423,27.758778099706756,1.9458425305518583,28.362718843243876,71.63575621504958,3.413765059513581,1013.7415666643155,1,1,4,0,35.0,28.0,71.0,66.0,39.333333333333336,42.166666666666664,-0.02857142857142858
Karachi,2026-04-28 02:29:07.097653,56,26.217454630583266,39.655730430021435,35.79412058447721,70.88379976097481,0.7876604547922543,26.402511278886738,81.70034565366929,5.661607831279724,1017.7926459803322,2,1,4,0,34.0,49.0,53.0,43.0,41.666666666666664,42.666666666666664,0.6470588235294117
Karachi,2026-04-28 03:29:07.097653,79,30.65332595976886,52.06575705893804,21.550549024098032,40.241735974361916,0.7838340056866233,24.375588287450988,48.555566666871485,2.3213283111678784,1012.5313384872017,3,1,4,0,56.0,35.0,54.0,92.0,56.333333333333336,46.833333333333336,0.4107142857142858
Karachi,2026-04-28 04:29:07.097653,78,26.378053597684424,48.58807873641845,14.192387317811896,66.58552831237716,2.383899460162764,20.69238244423793,86.54365464572601,4.653303594864863,1017.3763697031658,4,1,4,0,79.0,34.0,28.0,79.0,71.0,55.166666666666664,-0.012658227848101222
Karachi,2026-04-28 05:29:07.097653,48,25.621170700626443,18.15061120600653,27.394555622938142,28.438252836909115,2.3991381996621914,19.98079983766668,66.53440705312218,0.12926234590622165,1017.1436352024476,5,1,4,0,78.0,56.0,49.0,67.0,68.33333333333333,55.0,-0.3846153846153846
Karachi,2026-04-28 06:29:07.097653,65,21.238704051824403,35.22440965442347,17.775035063477542,10.275052499555246,2.479024610535468,15.901449413053001,86.14638825869841,0.11256326080989076,1010.53762612345,6,1,4,0,48.0,79.0,35.0,42.0,63.666666666666664,60.0,0.35416666666666674
Karachi,2026-04-28 07:29:07.097653,101,48.89279844302116,67.85992970201141,34.414053730554244,44.682143503206106,2.0768511234645164,19.81020870232137,50.38650411008891,2.0343986226301007,1012.0181940708433,7,1,4,0,65.0,78.0,34.0,122.0,71.33333333333333,71.16666666666667,0.5538461538461539
Karachi,2026-04-28 08:29:07.097653,80,30.6831523907376,39.74785321989519,15.935569165756398,17.0159779650019,0.7140051721694802,11.43407913531356,70.22813323021188,5.876057443746524,1014.4330247849418,8,1,4,0,101.0,48.0,56.0,74.0,82.0,75.16666666666667,-0.20792079207920788
Karachi,2026-04-28 09:29:07.097653,97,47.090392837345675,38.45206918137812,32.96232871545449,62.80631688674367,0.766359345758375,17.098296605016603,60.19435586618023,3.1377492790275383,1013.1804588441139,9,1,4,0,80.0,65.0,79.0,76.0,92.66666666666667,78.16666666666667,0.2124999999999999
Karachi,2026-04-28 10:29:07.097653,114,49.087273889856974,66.72207809709346,13.655818317787716,29.325259524858726,1.0484955313492623,20.35358872402504,78.71110955780065,3.5796223911332383,1008.9595852986317,10,1,4,0,97.0,101.0,78.0,121.0,97.0,84.16666666666667,0.17525773195876293
Karachi,2026-04-28 11:29:07.097653,94,37.09606573907472,55.5375043472102,41.903609021718175,41.055195262243515,0.9998915689336798,16.615409883248937,70.29544716066482,3.5561591911470543,1017.9369803012715,11,1,4,0,114.0,80.0,48.0,145.0,101.66666666666667,91.83333333333333,-0.17543859649122806
Karachi,2026-04-28 12:29:07.097653,111,42.03527117774513,68.0328868866313,46.46657264427832,16.0923495564088,2.4043610479716198,21.7995598352337,64.72577284791592,5.218415965173461,1015.5265400121128,12,1,4,0,94.0,97.0,65.0,130.0,106.33333333333333,99.5,0.18085106382978733
Karachi,2026-04-28 13:29:07.097653,88,33.8824175592292,59.20858456705568,11.071682883746359,30.066147391307688,2.035962762339726,21.56791474602178,85.64927032155043,1.7795586149242921,1012.3769403822471,13,1,4,0,111.0,114.0,101.0,117.0,97.66666666666667,97.33333333333333,-0.2072072072072072
Karachi,2026-04-28 14:29:07.097653,96,40.925682443582176,63.27699497040864,30.729132662053654,64.70431702810004,1.8928193427554187,24.262393469622264,58.85585320858401,4.376570216976464,1014.1816854966629,14,1,4,0,88.0,94.0,80.0,114.0,98.33333333333333,100.0,0.09090909090909083
Karachi,2026-04-28 15:29:07.097653,106,42.78975546018238,65.67611791059207,8.897943536018047,20.611153833162362,0.70911909292789,28.962434282099043,50.99901024490907,1.3382346722897398,1008.8757281726623,15,1,4,0,96.0,111.0,97.0,114.0,96.66666666666667,101.5,0.10416666666666674
Karachi,2026-04-28 16:29:07.097653,71,25.472980558466464,52.22730750290865,37.90003450481013,55.301169278887016,2.300956230597125,29.396113851770302,70.40505934260459,6.966545311841521,1012.9530165368961,16,1,4,0,106.0,88.0,114.0,106.0,91.0,94.33333333333333,-0.33018867924528306
Karachi,2026-04-28 17:29:07.097653,94,36.920519917404484,44.47125720698245,19.542236386130497,74.21980969631508,2.1213148349135826,26.588142513723653,71.20142185864069,1.3992177914066204,1017.3083241581749,17,1,4,0,71.0,96.0,94.0,91.0,90.33333333333333,94.33333333333333,0.323943661971831
Karachi,2026-04-28 18:29:07.097653,79,32.27505835503566,51.85991432547899,34.01934512612893,57.58857318304042,0.6600120509214322,29.97535215081231,61.95473107859377,1.2352213938427583,1016.9660095805498,18,1,4,0,94.0,106.0,111.0,81.0,81.33333333333333,89.0,-0.15957446808510634
Karachi,2026-04-28 19:29:07.097653,80,21.56544071319858,53.3259736846045,33.46035551613602,66.77151825045587,2.2165747303141394,34.67807808009007,64.33050218446911,4.099339626976099,1011.3738084548314,19,1,4,0,79.0,71.0,88.0,71.0,84.33333333333333,87.66666666666667,0.012658227848101333
Karachi,2026-04-28 20:29:07.097653,68,29.63432537833147,31.098728917940043,55.839489040659025,17.628014051274107,0.8989445800150369,33.897885436386,87.977670714995,3.1595768628646477,1013.3136786382133,20,1,4,0,80.0,94.0,96.0,53.0,75.66666666666667,83.0,-0.15000000000000002
Karachi,2026-04-28 21:29:07.097653,79,26.800955082020465,35.52637693894763,35.199577241279755,27.55122782014381,0.4779134408306333,36.223677755361116,76.63428456984006,3.6537048125218687,1014.9738352408765,21,1,4,0,68.0,79.0,106.0,54.0,75.66666666666667,78.5,0.16176470588235303
Karachi,2026-04-28 22:29:07.097653,55,16.592380154445458,27.571026243906463,37.06491638450736,72.61771965684137,1.7450090743312623,35.29349841830211,45.53008757412885,3.4546275909846362,1011.4000926690791,22,1,4,0,79.0,80.0,71.0,28.0,67.33333333333333,75.83333333333333,-0.30379746835443033
Karachi,2026-04-28 23:29:07.097653,44,9.395735102226112,21.456353716547156,27.090921917040916,60.057392953266245,1.7383702506455276,29.972363989198797,50.60650354353055,0.8192156023851225,1008.6487921809394,23,1,4,0,55.0,68.0,94.0,49.0,59.333333333333336,67.5,-0.19999999999999996
Karachi,2026-04-29 00:29:07.097653,51,11.764322528854253,37.12803323531,57.199378175054925,54.768767846411784,0.5088504210443598,34.00647561013897,88.77883172177795,6.226717858158969,1013.054416567178,0,2,4,0,44.0,79.0,79.0,35.0,50.0,62.833333333333336,0.15909090909090917
Karachi,2026-04-29 01:29:07.097653,59,16.891440743188063,30.586707118595506,47.74522501917853,56.463671528519,1.0014739796604812,27.119511700523987,76.32327768967656,4.787084411778219,1014.0163573582333,1,2,4,0,51.0,55.0,80.0,34.0,51.333333333333336,59.333333333333336,0.15686274509803932
Karachi,2026-04-29 02:29:07.097653,54,18.355750788388512,26.000495218561813,20.697290966656286,38.99403880132504,2.484191816962185,23.074662931181948,85.75225630723266,5.717899902534231,1008.058416001215,2,2,4,0,59.0,44.0,68.0,56.0,54.666666666666664,57.0,-0.0847457627118644
Karachi,2026-04-29 03:29:07.097653,59,33.52456446061757,30.74433326592061,51.43152721769276,13.118964213235724,1.7925386674192214,21.662167907358675,55.1930731994361,1.9433382217791515,1008.9557537353853,3,2,4,0,54.0,51.0,79.0,79.0,57.333333333333336,53.666666666666664,0.09259259259259256
Karachi,2026-04-29 04:29:07.097653,54,19.15865149368345,41.63113348297289,28.781799810179947,64.91090794495103,1.9061653665273244,16.48654978942116,77.09334300432963,3.833047089430343,1010.0729064359415,4,2,4,0,59.0,59.0,55.0,78.0,55.666666666666664,53.5,-0.0847457627118644
Karachi,2026-04-29 05:29:07.097653,62,25.805516484804222,37.47949592521171,50.576692894347666,57.50992653507477,0.7684180283294725,22.557183767006183,75.70013542617556,3.3947369244693824,1011.4805228699094,5,2,4,0,54.0,54.0,44.0,48.0,58.333333333333336,56.5,0.14814814814814814
Karachi,2026-04-29 06:29:07.097653,58,25.586775301733482,33.94254435094746,50.25884375614261,43.09631248789073,0.4733205562086115,21.261320747812217,54.73449927196876,5.256005252403016,1013.4105122283058,6,2,4,0,62.0,59.0,51.0,65.0,58.0,57.666666666666664,-0.06451612903225812
Karachi,2026-04-29 07:29:07.097653,114,46.25861493143113,67.52488951091941,15.387860271956992,72.98317307577801,0.9091837174300628,15.241578512060812,67.54081627253527,5.320496263659238,1010.9384291875966,7,2,4,0,58.0,54.0,59.0,101.0,78.0,66.83333333333333,0.9655172413793103
Karachi,2026-04-29 08:29:07.097653,76,30.149603284022323,56.14171355609061,43.56276222609673,33.53117654895692,0.8475764474250223,16.544231423236187,71.37075556351476,3.3861016059162297,1010.761838144065,8,2,4,0,114.0,62.0,54.0,80.0,82.66666666666667,70.5,-0.33333333333333337
Karachi,2026-04-29 09:29:07.097653,90,30.351381369466903,48.498401468368755,20.98536331185921,30.602522096186515,0.8159970216457169,17.46380847791261,64.05659054137325,0.0359022636865034,1016.6934934381309,9,2,4,0,76.0,58.0,59.0,97.0,93.33333333333333,75.66666666666667,0.18421052631578938
Karachi,2026-04-29 10:29:07.097653,95,45.33649899339414,67.64685820551794,21.362096849596753,71.09574275556099,0.7240595081514871,16.151090665440265,81.35893533290064,6.559323774175378,1009.4505064080142,10,2,4,0,90.0,114.0,54.0,114.0,87.0,82.5,0.05555555555555558
Karachi,2026-04-29 11:29:07.097653,122,57.99663939532489,75.12495465707522,21.299144228431942,65.78913583312898,1.5644625194418897,15.832941687965297,81.64345208989948,4.111974867380278,1012.9546013317236,11,2,4,0,95.0,76.0,62.0,94.0,102.33333333333333,92.5,0.28421052631578947
Karachi,2026-04-29 12:29:07.097653,105,33.81700845963441,62.06209783956897,44.90625361579715,46.048586745384135,1.021827646852008,20.579284792446177,82.53002741507784,1.7831259172177159,1017.5282471693614,12,2,4,0,122.0,90.0,58.0,111.0,107.33333333333333,100.33333333333333,-0.139344262295082
Karachi,2026-04-29 13:29:07.097653,127,45.95741939707933,96.62354751074109,17.640432298589484,19.151431762049498,2.104759033104567,22.287288780261342,80.17117845490814,3.81308427653339,1014.2501324911605,13,2,4,0,105.0,95.0,114.0,88.0,118.0,102.5,0.20952380952380945
Karachi,2026-04-29 14:29:07.097653,95,36.952309388065025,49.08192573153631,5.049820938534962,25.055003002553672,0.7046843192642448,24.22317751802245,64.40417385985722,0.022187096905046833,1015.1720547989444,14,2,4,0,127.0,122.0,76.0,96.0,109.0,105.66666666666667,-0.25196850393700787
Karachi,2026-04-29 15:29:07.097653,105,37.33655737303043,60.40938344483602,44.33802694154482,55.93595932861646,1.322179555910798,27.515984486022095,59.07191490745036,5.110706134942088,1012.3123699139061,15,2,4,0,95.0,105.0,90.0,106.0,109.0,108.16666666666667,0.10526315789473695
Karachi,2026-04-29 16:29:07.097653,82,35.517745447720785,39.62242660735018,14.41516091093189,36.952886648828816,0.33004724013737596,31.859039317051984,81.56881418571854,0.057576511441693956,1008.1993216711971,16,2,4,0,105.0,127.0,95.0,71.0,94.0,106.0,-0.21904761904761905
Karachi,2026-04-29 17:29:07.097653,119,44.33536229583751,79.58478072609522,10.746531741930905,68.55312341661798,1.3597011094014226,30.050668810108927,64.51007292781334,2.558331015925835,1014.4613036836721,17,2,4,0,82.0,95.0,122.0,94.0,102.0,105.5,0.4512195121951219
Karachi,2026-04-29 18:29:07.097653,62,35.69968982485594,50.82512569794782,18.063386632673307,76.49685065325428,0.42284408592824363,32.26908922771823,52.3185699313991,3.4889088992110997,1014.3192428142812,18,2,4,0,119.0,105.0,105.0,79.0,87.66666666666667,98.33333333333333,-0.4789915966386554
Karachi,2026-04-29 19:29:07.097653,76,36.7058386918499,59.48902583143499,25.89452872774872,66.39458476924428,2.450991726119816,34.18114765780242,65.36717661611081,5.077679423964187,1009.1042763646333,19,2,4,0,62.0,82.0,127.0,80.0,85.66666666666667,89.83333333333333,0.22580645161290325
Karachi,2026-04-29 20:29:07.097653,74,30.865531438753674,54.495581953556936,31.17484801102604,36.428179609688996,2.0393026830309084,34.1082858530255,47.0924910959621,3.213089352868748,1012.6215971362464,20,2,4,0,76.0,119.0,95.0,68.0,70.66666666666667,86.33333333333333,-0.02631578947368418
Karachi,2026-04-29 21:29:07.097653,64,31.132444527069087,37.415306073337916,7.451352239194695,65.20805004619969,1.378245248600202,31.498559561416865,74.58147452993995,4.2699257472251,1017.1532894466565,21,2,4,0,74.0,62.0,105.0,79.0,71.33333333333333,79.5,-0.1351351351351351
Karachi,2026-04-29 22:29:07.097653,51,26.025471323107034,27.82202598206196,58.38153329450483,34.60091714294784,0.4904921879945706,32.120957476503584,56.79606408119532,2.9436661831008943,1010.0508483197198,22,2,4,0,64.0,76.0,82.0,55.0,63.0,74.33333333333333,-0.203125
Karachi,2026-04-29 23:29:07.097653,49,16.810228445839407,16.075590649243413,44.3834679380757,21.697006143594372,1.6033799697389115,31.751933889830486,53.03293992237272,2.935628098111435,1012.6109875463411,23,2,4,0,51.0,74.0,119.0,44.0,54.666666666666664,62.666666666666664,-0.039215686274509776
Karachi,2026-04-30 00:29:07.097653,50,16.181782609164834,46.68129152926633,22.775673592838487,12.337524340610017,1.9692802515441308,26.743297324978442,87.82543731173726,3.1709545006965945,1012.6110318520052,0,3,4,0,49.0,64.0,62.0,51.0,50.0,60.666666666666664,0.020408163265306145
Karachi,2026-04-30 01:29:07.097653,48,19.917593389608484,33.042141737328116,22.528349150696855,37.000169893271405,0.7195779566104397,29.597630382413183,78.84404978791538,2.621884158295251,1016.1076146814764,1,3,4,0,50.0,51.0,76.0,59.0,49.0,56.0,-0.040000000000000036
Karachi,2026-04-30 02:29:07.097653,68,31.69915047784592,37.150799544078424,29.669840215265268,73.24915125880973,1.55005834973248,27.863177810428223,79.35347513619658,0.3731404861628711,1016.2457587032944,2,3,4,0,48.0,49.0,74.0,54.0,55.333333333333336,55.0,0.41666666666666674
Karachi,2026-04-30 03:29:07.097653,91,37.47315862857663,65.79124006486003,39.44346525196681,26.729061142897354,2.0912639764423098,21.483887128290842,71.18609846395917,1.4633530126067436,1015.5926941966339,3,3,4,0,68.0,50.0,64.0,59.0,69.0,59.5,0.33823529411764697
Karachi,2026-04-30 04:29:07.097653,56,14.770066878998012,26.20045780084949,13.050518662393227,24.45592154508488,1.9901451108218962,21.387340036696337,81.95864052551485,3.4895496822233967,1011.6545415918828,4,3,4,0,91.0,48.0,51.0,54.0,71.66666666666667,60.333333333333336,-0.3846153846153846
Karachi,2026-04-30 05:29:07.097653,51,16.66123136154107,34.26600664572432,15.391139757072377,77.88745496687282,2.0665824393077363,20.627702263849685,77.95812405816906,2.5017579930225624,1008.7203692501852,5,3,4,0,56.0,68.0,49.0,62.0,66.0,60.666666666666664,-0.0892857142857143
Karachi,2026-04-30 06:29:07.097653,78,31.100443391920585,45.82442849051203,52.2689020558453,11.750287899541448,2.2345115347133837,16.980568457066983,69.93868520668083,2.6883818356361866,1011.4948297722401,6,3,4,0,51.0,91.0,50.0,58.0,61.666666666666664,65.33333333333333,0.5294117647058822
Karachi,2026-04-30 07:29:07.097653,126,50.20575654552702,80.98554396977664,19.094020813898993,65.0047505275628,2.3629006247508344,18.235821081063644,88.05622009258587,2.3532926611225693,1014.7979120127134,7,3,4,0,78.0,56.0,48.0,114.0,85.0,78.33333333333333,0.6153846153846154
Karachi,2026-04-30 08:29:07.097653,82,43.04066347613066,49.25834057478345,25.910724888634764,32.495896901860924,1.1921465414477792,17.326511252584332,49.57974748422115,1.2728032145363644,1015.0274657448907,8,3,4,0,126.0,51.0,68.0,76.0,95.33333333333333,80.66666666666667,-0.3492063492063492
Karachi,2026-04-30 09:29:07.097653,125,43.39004249490799,63.872550181464675,52.919951802256435,12.624156980876153,1.5512920255503302,14.336757034409853,87.16898594973756,2.013801078047412,1017.6500020947672,9,3,4,0,82.0,78.0,91.0,90.0,111.0,86.33333333333333,0.524390243902439
Karachi,2026-04-30 10:29:07.097653,131,54.98645593905129,79.29237557616817,41.47313061699024,74.24617781467086,2.039450957300344,18.99011940168161,60.07190809994324,2.3863365112228108,1012.536412314437,10,3,4,0,125.0,126.0,56.0,95.0,112.66666666666667,98.83333333333333,0.04800000000000004
Karachi,2026-04-30 11:29:07.097653,100,47.715146006862305,68.79528383283417,23.79415336379286,19.774963114670854,1.8337075906807232,17.14286091796555,66.41994917007433,3.010286281083699,1014.3243558294029,11,3,4,0,131.0,82.0,51.0,122.0,118.66666666666667,107.0,-0.23664122137404575
Karachi,2026-04-30 12:29:07.097653,118,58.771147202225634,70.8871164658356,42.60347501485414,48.62454986079868,2.4901445021816335,22.878405703324095,46.136965977215446,3.7867566889394246,1013.3919087072253,12,3,4,0,100.0,125.0,78.0,105.0,116.33333333333333,113.66666666666667,0.17999999999999994
Karachi,2026-04-30 13:29:07.097653,133,51.33950253832025,86.24315545407276,6.082576845977754,29.183794520068346,0.3300908324302171,21.587025488912058,67.00537194608955,2.638899418228522,1009.5061856011324,13,3,4,0,118.0,131.0,126.0,127.0,117.0,114.83333333333333,0.12711864406779672
Karachi,2026-04-30 14:29:07.097653,100,42.57468566308935,51.81207171384008,45.46034630062509,14.563496152928373,1.0812930736947395,24.67742913267771,70.56033759290966,0.9406894886151611,1012.6120247213214,14,3,4,0,133.0,100.0,82.0,95.0,117.0,117.83333333333333,-0.24812030075187974
Karachi,2026-04-30 15:29:07.097653,98,42.11260099961764,58.68561247427778,31.78588222839317,13.494573996436536,0.9182614377944454,29.815110187713316,89.8850770904262,0.20383592016243357,1013.44835154689,15,3,4,0,100.0,118.0,125.0,105.0,110.33333333333333,113.33333333333333,-0.020000000000000018
Karachi,2026-04-30 16:29:07.097653,86,35.4873231740746,46.76878813375359,49.72501810064537,18.088968918543713,0.8770948703641761,29.992763293057692,88.75962055357633,8.194874414750448,1017.5074960604226,16,3,4,0,98.0,133.0,131.0,82.0,94.66666666666667,105.83333333333333,-0.12244897959183676
Karachi,2026-04-30 17:29:07.097653,72,28.523062150876523,49.501778956447254,57.50507086035576,14.995690972256604,0.7895655214975488,28.49790641034329,88.31986459371436,0.7403699394708738,1011.6653905440895,17,3,4,0,86.0,100.0,100.0,119.0,85.33333333333333,101.16666666666667,-0.16279069767441856
Karachi,2026-04-30 18:29:07.097653,70,30.284211677104185,42.4084345925019,55.91837022220126,63.2390680863946,1.8600724497935042,29.89837008867734,57.419403005102865,1.9627499974712341,1017.8009910310798,18,3,4,0,72.0,98.0,118.0,62.0,76.0,93.16666666666667,-0.02777777777777779
Karachi,2026-04-30 19:29:07.097653,53,8.889299432097786,37.84638419798721,55.009577390043745,43.989634159840044,0.48647084120570805,31.528801033065097,89.56332493725218,4.03400060502787,1013.4230007402408,19,3,4,0,70.0,86.0,133.0,76.0,65.0,79.83333333333333,-0.24285714285714288
Karachi,2026-04-30 20:29:07.097653,65,29.61484825986852,48.00843462359597,33.16934757636379,34.002446394428574,1.9315394346753445,33.789288166713334,62.773907579755544,3.7217212191313616,1010.4246924330306,20,3,4,0,53.0,72.0,100.0,74.0,62.666666666666664,74.0,0.2264150943396226
Karachi,2026-04-30 21:29:07.097653,47,19.525768757719423,33.87526746008548,24.807816277641592,39.2858237092405,1.8255368524358018,33.44400624017808,82.59181293809502,4.041731385123145,1009.916643870158,21,3,4,0,65.0,70.0,98.0,64.0,55.0,65.5,-0.27692307692307694
Karachi,2026-04-30 22:29:07.097653,57,21.8980361414399,36.700563412345986,30.576942860187003,75.02627149008363,0.851769091501972,30.241998620949772,50.8159984509486,2.1145658609356492,1009.4169491726024,22,3,4,0,47.0,53.0,86.0,51.0,56.333333333333336,60.666666666666664,0.2127659574468086
Karachi,2026-04-30 23:29:07.097653,27,21.307827185907207,8.62457624287288,42.94428018223484,73.7526268916703,0.8562343229633549,28.32243527826366,65.29165898283011,3.4771161412790947,1012.5293287057345,23,3,4,0,57.0,65.0,72.0,49.0,43.666666666666664,53.166666666666664,-0.5263157894736843
Karachi,2026-05-01 00:29:07.097653,54,18.610611299333982,32.9556332045949,53.619877727915274,60.097353608580384,1.683493287757905,29.563166810171666,88.30060480638028,3.122687328481727,1008.2192642978893,0,4,5,0,27.0,47.0,70.0,50.0,46.0,50.5,1.0
Karachi,2026-05-01 01:29:07.097653,63,23.394683908859573,33.85037256515042,16.384246665006575,71.92776641951815,1.9767764320640915,26.706832229239843,87.35156984617137,2.3757372649174258,1012.4504528331487,1,4,5,0,54.0,57.0,53.0,48.0,48.0,52.166666666666664,0.16666666666666674
Karachi,2026-05-01 02:29:07.097653,24,19.603047810181675,11.715410295103192,55.500623715393665,32.37536193113374,2.2282683487922044,29.314431774895475,74.18674389107133,3.49081948354268,1017.8840469215595,2,4,5,0,63.0,27.0,65.0,68.0,47.0,45.333333333333336,-0.6190476190476191
Karachi,2026-05-01 03:29:07.097653,64,21.598751520597585,35.642313861268285,49.8349127583439,36.677652820579794,2.1747070404798468,23.00265495230599,79.890716127653,5.110731093501413,1014.7010679572227,3,4,5,0,24.0,54.0,47.0,91.0,50.333333333333336,48.166666666666664,1.6666666666666665
Karachi,2026-05-01 04:29:07.097653,83,30.615437540157057,42.20961633400167,58.837080834802904,52.95985272979596,2.422742587160477,24.62850565540055,48.82133483012007,2.9555995531293506,1015.5978612120041,4,4,5,0,64.0,63.0,57.0,56.0,57.0,52.5,0.296875
Karachi,2026-05-01 05:29:07.097653,54,20.901198229468267,16.795779306861853,53.413847530492795,53.653816310808494,1.5790467697403248,17.00237855429894,76.08292747420788,2.968905692712851,1009.1900539071826,5,4,5,0,83.0,24.0,27.0,51.0,67.0,57.0,-0.3493975903614458
Karachi,2026-05-01 06:29:07.097653,105,46.23910673167397,57.70800709491719,20.396553133054866,43.718988660863864,2.299042234948791,14.925370890601075,70.90254041676862,5.1363220697519685,1012.7310086149009,6,4,5,0,54.0,64.0,54.0,78.0,80.66666666666667,65.5,0.9444444444444444
Karachi,2026-05-01 07:29:07.097653,94,38.65895513419309,57.97694951153304,10.827575123922623,38.046049390656734,2.0787292011729037,15.032423124636384,44.5775867875623,4.922720719637626,1010.8622310102571,7,4,5,0,105.0,83.0,63.0,126.0,84.33333333333333,70.66666666666667,-0.10476190476190472
Karachi,2026-05-01 08:29:07.097653,84,27.306802129688236,39.8694769347544,11.173258959537375,79.03262181260865,2.26826877349083,19.378259562906933,45.65795032948381,6.167872881926966,1016.9409752798903,8,4,5,0,94.0,54.0,24.0,82.0,94.33333333333333,80.66666666666667,-0.1063829787234043
Karachi,2026-05-01 09:29:07.097653,100,37.48982409265639,60.351458254211494,21.017282521805186,67.47865382824071,0.3255785228278066,20.784796569074523,45.422180887563094,0.5124604689591536,1009.8129247201391,9,4,5,0,84.0,105.0,64.0,125.0,92.66666666666667,86.66666666666667,0.19047619047619047
Karachi,2026-05-01 10:29:07.097653,114,42.705494154482544,83.81554687530311,38.780104819149656,40.44861385216316,2.424986582104784,16.507437861819223,76.21784674149178,4.810238366338779,1012.5873332713675,10,4,5,0,100.0,94.0,83.0,131.0,99.33333333333333,91.83333333333333,0.1399999999999999
Karachi,2026-05-01 11:29:07.097653,110,43.661037037828066,74.25516583793285,49.23761793534449,60.910473406769796,1.3417663582622523,18.422013690988503,47.08576041237862,4.203160090804358,1013.8804771834564,11,4,5,0,114.0,84.0,54.0,100.0,108.0,101.16666666666667,-0.03508771929824561
Karachi,2026-05-01 12:29:07.097653,118,49.361754247827356,83.99713600498156,54.45876688398606,28.869318527672164,2.0560025770646546,18.662038179575,63.38661355572353,1.2286952044934694,1013.1404109157853,12,4,5,0,110.0,100.0,105.0,118.0,114.0,103.33333333333333,0.07272727272727275
Karachi,2026-05-01 13:29:07.097653,95,40.15809713643248,60.22962555095074,39.3064361403078,17.01185283661309,0.5798490625431179,19.30616794494306,57.84909029388788,3.5031758359976894,1016.3024352797041,13,4,5,0,118.0,114.0,94.0,133.0,107.66666666666667,103.5,-0.19491525423728817
Karachi,2026-05-01 14:29:07.097653,108,34.528411019387725,74.45278326833616,5.3097222011429555,34.670171788691846,1.171070410790743,26.436823395553258,67.5252070385109,5.102243495515997,1010.3145317131964,14,4,5,0,95.0,110.0,84.0,100.0,107.0,107.5,0.13684210526315788
Karachi,2026-05-01 15:29:07.097653,80,37.32269933061297,42.212773745470734,15.247422708519343,38.2080960086376,0.89721345864618,27.516592966744494,75.32382436097015,1.3416821550292,1011.773911104237,15,4,5,0,108.0,118.0,100.0,98.0,94.33333333333333,104.16666666666667,-0.2592592592592593
Karachi,2026-05-01 16:29:07.097653,93,38.595487861890916,50.844243311685815,10.484941211935237,11.157598719246955,0.9416492951020614,29.020975965347752,74.2361268610666,3.8851248580456144,1015.9208429657396,16,4,5,0,80.0,95.0,114.0,86.0,93.66666666666667,100.66666666666667,0.1625000000000001
Karachi,2026-05-01 17:29:07.097653,74,36.605042930411045,22.610452389562486,24.98284615629555,67.03544011451272,0.5711623638919399,27.85674117516562,65.77599579571883,4.742707351462035,1013.280714117368,17,4,5,0,93.0,108.0,110.0,72.0,82.33333333333333,94.66666666666667,-0.20430107526881724
Karachi,2026-05-01 18:29:07.097653,68,29.80781198091476,50.86939430903048,32.574304649856025,35.14353816724271,2.0726804315946152,35.20811659393283,63.21674368051927,0.857960874937024,1012.0211738564795,18,4,5,0,74.0,80.0,118.0,70.0,78.33333333333333,86.33333333333333,-0.08108108108108103
Karachi,2026-05-01 19:29:07.097653,90,41.81734529871119,66.78868760360764,7.386844821820846,50.629271604610295,0.32033309207837196,31.720693134213604,59.890779756112934,2.715428615109704,1008.2944251474484,19,4,5,0,68.0,93.0,95.0,53.0,77.33333333333333,85.5,0.32352941176470584
Karachi,2026-05-01 20:29:07.097653,81,34.880587280816265,44.39637312257027,24.16628866876104,15.177423108966916,0.9875120053674455,34.06725284963295,83.09549741521897,3.6019367532848223,1015.5338542401561,20,4,5,0,90.0,74.0,108.0,65.0,79.66666666666667,81.0,-0.09999999999999998
Karachi,2026-05-01 21:29:07.097653,67,33.90067613221824,38.722707375628865,14.854882104392741,22.24977801254088,0.6837031950761131,29.8182837998231,56.54259024363225,1.4077369889140905,1017.7218207796676,21,4,5,0,81.0,68.0,80.0,47.0,79.33333333333333,78.83333333333333,-0.1728395061728395
Karachi,2026-05-01 22:29:07.097653,37,17.66507174664016,16.549830940299202,40.588859144238064,72.2785607729292,1.5958856693383492,31.547152851035435,52.968291058374746,1.2416936018129079,1014.2028700948852,22,4,5,0,67.0,90.0,93.0,57.0,61.666666666666664,69.5,-0.4477611940298507
Karachi,2026-05-01 23:29:07.097653,46,18.020863154147847,30.826887491363482,30.5349803128387,52.60812695179605,0.8593552857519966,31.239603161969548,77.16577468276355,2.7299107962744515,1016.5654122068879,23,4,5,0,37.0,81.0,74.0,27.0,50.0,64.83333333333333,0.2432432432432432
Karachi,2026-05-02 00:29:07.097653,68,38.64075980210951,49.917339662238575,32.242470581364984,76.51988351193398,0.8697965999618193,29.65415043610661,57.98817308483632,4.6032794338073835,1013.1687574319493,0,5,5,1,46.0,67.0,68.0,54.0,50.333333333333336,64.83333333333333,0.4782608695652173
Karachi,2026-05-02 01:29:07.097653,53,25.70437717777007,17.946611558507584,28.523048341840358,79.91250240739218,1.3743439167897014,27.379849447293417,82.34992998786342,4.2874680023842195,1010.3168096542337,1,5,5,1,68.0,37.0,90.0,63.0,55.666666666666664,58.666666666666664,-0.22058823529411764
Karachi,2026-05-02 02:29:07.097653,88,38.39239449949896,56.56101683685337,57.58108407676119,36.03020807331661,1.7359158865500368,25.989044984097546,56.39443593185724,1.2771745416273157,1008.1444210423515,2,5,5,1,53.0,46.0,81.0,24.0,69.66666666666667,59.833333333333336,0.6603773584905661
Karachi,2026-05-02 03:29:07.097653,64,19.49310357943598,36.59856431943832,16.81043188168598,30.916214485829222,0.5668703500433601,20.668406727113908,75.09724122872942,4.304335770231372,1014.5339826758999,3,5,5,1,88.0,68.0,67.0,64.0,68.33333333333333,59.333333333333336,-0.2727272727272727
Karachi,2026-05-02 04:29:07.097653,67,20.7107566116225,41.6355971841438,33.416534291413086,70.08492386113677,0.6861251954240916,21.39474521087932,42.2554503142668,1.328120447666983,1012.9310884824824,4,5,5,1,64.0,53.0,37.0,83.0,73.0,64.33333333333333,0.046875
Karachi,2026-05-02 05:29:07.097653,67,28.503050084264007,44.231161023726436,45.480955260093474,79.9027998926218,0.8437844381079387,19.570661117468177,59.278144005516,0.2203395959868688,1015.8209814708761,5,5,5,1,67.0,88.0,46.0,54.0,66.0,67.83333333333333,0.0
Karachi,2026-05-02 06:29:07.097653,82,33.5288514175349,47.696248632857966,35.62644272240094,54.074886396272014,2.4422460710595133,18.53514213811461,57.16150874837757,2.2657128579055374,1014.9468241743531,6,5,5,1,67.0,64.0,68.0,105.0,72.0,70.16666666666667,0.22388059701492535
Karachi,2026-05-02 07:29:07.097653,85,31.120396697905402,50.45781945717423,56.09614871442406,65.65985057580656,1.1737354998744247,17.417283824325818,80.83393696379616,5.245938743171472,1017.8795236820656,7,5,5,1,82.0,67.0,53.0,94.0,78.0,75.5,0.03658536585365857
Karachi,2026-05-02 08:29:07.097653,105,42.95356555819185,61.66197674976019,25.788259560270628,64.72221011706921,1.6177781993882585,14.453574452173205,88.3527701614155,4.311921104282747,1013.1031258341204,8,5,5,1,85.0,67.0,88.0,84.0,90.66666666666667,78.33333333333333,0.23529411764705888
Karachi,2026-05-02 09:29:07.097653,115,54.16862991522405,77.10077252681535,30.502169317524793,34.87377957536829,0.8313941879751514,14.636993885469508,63.04406383464807,2.9968563852536114,1012.2717478967301,9,5,5,1,105.0,82.0,64.0,100.0,101.66666666666667,86.83333333333333,0.09523809523809534
Karachi,2026-05-02 10:29:07.097653,94,41.15338045511706,59.86463180456832,9.868727336810064,50.19892661799611,1.3790109553464736,13.643260397955391,81.2418138576879,2.166589032817885,1010.867396894393,10,5,5,1,115.0,85.0,67.0,114.0,104.66666666666667,91.33333333333333,-0.18260869565217386
Karachi,2026-05-02 11:29:07.097653,89,29.89866964535846,55.170236593082116,38.49495110785607,68.31398588849495,0.46306218364910773,20.978214770198214,74.98473504786826,2.2204757277671376,1012.7686129179127,11,5,5,1,94.0,105.0,67.0,110.0,99.33333333333333,95.0,-0.05319148936170215
Karachi,2026-05-02 12:29:07.097653,82,32.4252236256655,39.30653787333207,20.851658264645835,58.16797133827388,0.3764327210291193,22.655315019470397,88.36929938318465,3.2175698117215923,1016.7287147812292,12,5,5,1,89.0,115.0,82.0,118.0,88.33333333333333,95.0,-0.0786516853932584
Karachi,2026-05-02 13:29:07.097653,116,42.614225472681284,66.9299488697109,13.816997173356286,11.481466978742677,1.3312137590072126,24.616548221624075,80.55542571714123,0.8631250283083425,1008.4243972579175,13,5,5,1,82.0,94.0,85.0,95.0,95.66666666666667,100.16666666666667,0.41463414634146334
Karachi,2026-05-02 14:29:07.097653,89,33.83360562632721,60.84751109526842,34.949221109747945,33.56939682282734,1.1770504325405067,25.613579924922902,43.87390329818653,2.3037853095974055,1017.7790004728619,14,5,5,1,116.0,89.0,105.0,108.0,95.66666666666667,97.5,-0.23275862068965514
Karachi,2026-05-02 15:29:07.097653,68,25.499859488375456,41.653479309776884,34.27706448589508,20.113298761622374,0.601136703322021,22.804313925383944,75.6640861191118,2.5688610772804625,1017.933071943078,15,5,5,1,89.0,82.0,115.0,80.0,91.0,89.66666666666667,-0.2359550561797753
Karachi,2026-05-02 16:29:07.097653,100,37.94324371416576,65.77345919749177,9.172940267322616,26.308054845462735,1.8127231436256144,26.946579016429467,66.77498577111868,0.2978510830970049,1013.978213785879,16,5,5,1,68.0,116.0,94.0,93.0,85.66666666666667,90.66666666666667,0.47058823529411775
Karachi,2026-05-02 17:29:07.097653,125,43.78814878596002,89.22783287136154,43.401849942196,73.3842634243928,2.484387679978382,30.997685084678604,40.82180289661636,1.3231034982048502,1011.315442036954,17,5,5,1,100.0,89.0,89.0,74.0,97.66666666666667,96.66666666666667,0.25
Karachi,2026-05-02 18:29:07.097653,79,31.325301123169687,56.25421034981149,39.307470485796905,12.582530223753771,1.1704230066327674,32.199239235859096,52.565647936272185,3.821013582972763,1010.2304896832202,18,5,5,1,125.0,68.0,82.0,68.0,101.33333333333333,96.16666666666667,-0.368
Karachi,2026-05-02 19:29:07.097653,84,31.122077921243054,51.63294085981734,15.395950551057346,25.38604983733466,1.674028999018268,32.28191018400851,86.08776225134466,3.0190236798819883,1010.7649039568488,19,5,5,1,79.0,100.0,116.0,90.0,96.0,90.83333333333333,0.06329113924050622
Karachi,2026-05-02 20:29:07.097653,66,11.843732701274055,35.648550865362274,30.81891741847241,31.6698546566762,2.4185470732018683,33.73783440581649,86.30306863933765,2.3824764176132343,1008.5010542650497,20,5,5,1,84.0,125.0,89.0,81.0,76.33333333333333,87.0,-0.2142857142857143
Karachi,2026-05-02 21:29:07.097653,57,33.186240829122895,13.953674291474684,44.6177604063208,53.18188503764764,2.1293769393831257,32.75071002568304,79.94252301003172,1.1771451249240723,1012.7511095848336,21,5,5,1,66.0,79.0,68.0,67.0,69.0,85.16666666666667,-0.13636363636363635
Karachi,2026-05-02 22:29:07.097653,67,32.56600232359671,39.3361516989872,34.11896572977021,47.387118306010585,1.3198148912659087,32.16974416137823,89.08898016389946,6.153699651178433,1008.5732427086441,22,5,5,1,57.0,84.0,100.0,37.0,63.333333333333336,79.66666666666667,0.17543859649122817
Karachi,2026-05-02 23:29:07.097653,46,16.785739194774294,25.39276426256411,26.75189919009636,25.278863799737024,1.9224768658118228,29.378723583828346,80.32726123121024,1.324041570641363,1015.1847421477593,23,5,5,1,67.0,66.0,125.0,46.0,56.666666666666664,66.5,-0.31343283582089554
Karachi,2026-05-03 00:29:07.097653,54,21.69844913313441,35.52946038181013,22.7286151944519,21.49687470562081,0.5818970885511529,30.964021972243177,40.51020936426226,3.503185614523475,1011.7192945553286,0,6,5,1,46.0,57.0,79.0,68.0,55.666666666666664,62.333333333333336,0.17391304347826098
Karachi,2026-05-03 01:29:07.097653,55,16.48080518511945,32.27737356676339,38.57166266542295,26.575862421728317,1.4266284820203585,26.209009143459397,54.391717015075585,2.0242618238524095,1009.9936473174716,1,6,5,1,54.0,67.0,84.0,53.0,51.666666666666664,57.5,0.0185185185185186
Karachi,2026-05-03 02:29:07.097653,43,26.077766821782767,23.835648173598308,56.650978407063235,45.17707386911589,0.9139326097958604,22.338701833958748,41.531209111888145,3.07255858527667,1013.4485355783604,2,6,5,1,55.0,46.0,66.0,88.0,50.666666666666664,53.666666666666664,-0.21818181818181814
Karachi,2026-05-03 03:29:07.097653,73,38.95341619684613,29.965267640413085,41.94596622626159,28.982444999784242,0.6545601133715544,21.387449613542373,44.70539843687797,3.915219483880745,1017.7375930724302,3,6,5,1,43.0,54.0,57.0,64.0,57.0,56.333333333333336,0.6976744186046511
Karachi,2026-05-03 04:29:07.097653,62,25.733710101060176,29.90561955654079,9.111024699997353,76.33217511254055,1.2378179937599767,20.30306761727604,50.942040847538806,0.2594868215842281,1014.9513104901841,4,6,5,1,73.0,55.0,67.0,67.0,59.333333333333336,55.5,-0.15068493150684936
Karachi,2026-05-03 05:29:07.097653,60,29.477353722739405,40.35275907912348,30.337673541517358,42.470565500019326,0.5882320197539517,21.331151327245315,65.17792731627613,2.986767511693024,1012.9174685010416,5,6,5,1,62.0,43.0,46.0,67.0,65.0,57.833333333333336,-0.032258064516129004
Karachi,2026-05-03 06:29:07.097653,88,36.09549295609204,66.5558496411952,53.99532723308452,14.115721158124595,1.8377672379838683,17.987260772854903,82.37660017310088,5.381457297959691,1015.7691429925451,6,6,5,1,60.0,73.0,54.0,82.0,70.0,63.5,0.46666666666666656
Karachi,2026-05-03 07:29:07.097653,74,23.03139345610437,43.79232790576104,10.195433419059778,61.04864840856434,1.3037280969173382,16.900296951756157,83.0983378078554,6.523003786984006,1015.3747647189899,7,6,5,1,88.0,62.0,55.0,85.0,74.0,66.66666666666667,-0.15909090909090906
Karachi,2026-05-03 08:29:07.097653,95,36.109970099396484,59.87611900491514,59.38816416756488,33.019170174629274,1.4685181916422605,14.502673150474745,70.81009292786482,2.739972053489738,1016.917354610578,8,6,5,1,74.0,60.0,43.0,105.0,85.66666666666667,75.33333333333333,0.28378378378378377
Karachi,2026-05-03 09:29:07.097653,101,41.09020722823314,68.26567634718246,57.19881665049817,55.74422524407733,0.6220270650699454,18.843558569346605,86.40879695331175,3.0833624144338176,1010.0466894759395,9,6,5,1,95.0,88.0,73.0,115.0,90.0,80.0,0.06315789473684208
Karachi,2026-05-03 10:29:07.097653,122,46.63493964668551,66.8743658710021,9.305096440143172,29.57160593662624,0.6074976544056878,16.76789246167772,65.0031163295104,7.422666057203066,1016.5887757625874,10,6,5,1,101.0,74.0,62.0,94.0,106.0,90.0,0.20792079207920788
Karachi,2026-05-03 11:29:07.097653,116,45.34603292557337,72.59346131540634,56.33773262472552,49.952061921332394,1.5835139575722732,19.143090032624947,84.45180220666008,5.269848563198396,1011.010260870417,11,6,5,1,122.0,95.0,60.0,89.0,113.0,99.33333333333333,-0.049180327868852514
Karachi,2026-05-03 12:29:07.097653,109,43.39284045998356,59.850836520636435,24.97229246427042,64.05067533652252,2.467021445224782,23.96036615376373,62.703262816600606,1.7654308614895622,1017.4099892782509,12,6,5,1,116.0,101.0,88.0,82.0,115.66666666666667,102.83333333333333,-0.06034482758620685
Karachi,2026-05-03 13:29:07.097653,121,48.09331522134324,79.6651570739339,51.45900418917244,74.96061192421878,0.5117512831229963,23.946974301278445,53.861250371094116,1.7620330982277541,1010.8106514894673,13,6,5,1,109.0,122.0,74.0,116.0,115.33333333333333,110.66666666666667,0.11009174311926606
Karachi,2026-05-03 14:29:07.097653,126,50.99484259200457,77.31154959288958,28.011083574229932,28.278900110315394,0.9286091428447187,21.74349190456965,85.8206459050214,4.9130989235745375,1017.2684854316268,14,6,5,1,121.0,116.0,95.0,89.0,118.66666666666667,115.83333333333333,0.04132231404958686
Karachi,2026-05-03 15:29:07.097653,109,38.52911788036674,68.13582933037614,29.24703119863837,33.43998656992868,2.212810056383353,23.53153188811522,59.39675378394347,0.9779257399085388,1017.6379071446408,15,6,5,1,126.0,109.0,101.0,68.0,118.66666666666667,117.16666666666667,-0.13492063492063489
Karachi,2026-05-03 16:29:07.097653,95,34.47703497342061,50.83238479924171,39.883370003764846,42.49864942001578,0.45899842696152127,28.87137909976151,65.17020544222308,5.175453502677707,1009.4549135745701,16,6,5,1,109.0,121.0,122.0,100.0,110.0,112.66666666666667,-0.12844036697247707
Karachi,2026-05-03 17:29:07.097653,68,20.811889818629446,46.50847559758021,47.59625806017908,74.90223864151922,2.226948587007293,28.23137301974277,56.44303162653386,3.668599927502017,1017.7449988326279,17,6,5,1,95.0,126.0,116.0,125.0,90.66666666666667,104.66666666666667,-0.28421052631578947
Karachi,2026-05-03 18:29:07.097653,64,30.49839576997877,55.09168040216977,6.858403302153675,73.09707997674599,1.4534291634244527,33.225296725541504,73.1418800145365,4.035441528054145,1008.8572296842929,18,6,5,1,68.0,109.0,109.0,79.0,75.66666666666667,97.16666666666667,-0.05882352941176472
Karachi,2026-05-03 19:29:07.097653,67,16.534588523440124,32.53094128553697,37.62357975399239,16.291479607044664,1.1981869026381369,32.811932740242504,89.75156125030178,2.4865323930398935,1010.1856778661253,19,6,5,1,64.0,95.0,121.0,84.0,66.33333333333333,88.16666666666667,0.046875
Karachi,2026-05-03 20:29:07.097653,55,28.110878503628935,30.796318119386267,15.270314675355404,19.23508780276676,0.9812972415732029,33.330769538047726,41.27567744323848,1.7403503915071803,1012.441687808728,20,6,5,1,67.0,68.0,126.0,66.0,62.0,76.33333333333333,-0.17910447761194026
Karachi,2026-05-03 21:29:07.097653,55,29.324637794162975,35.44219600511787,24.027223482476163,44.68564241314468,0.9536577478812522,31.313920247027845,84.99240030035507,5.923985661736641,1017.9359736571171,21,6,5,1,55.0,64.0,109.0,57.0,59.0,67.33333333333333,0.0
Karachi,2026-05-03 22:29:07.097653,54,20.436691769056274,39.21264175192061,24.138276638536908,17.463349096379645,0.9727656813888534,35.41097054084892,40.19630284946327,2.5065254388930502,1012.8856305116537,22,6,5,1,55.0,67.0,95.0,67.0,54.666666666666664,60.5,-0.018181818181818188
Karachi,2026-05-03 23:29:07.097653,58,10.57136117153507,30.904199633691594,30.79831871216345,34.19066113440883,2.246566778112431,36.342041705513296,58.21139405731056,2.1781298468522765,1013.5040944317849,23,6,5,1,54.0,55.0,68.0,46.0,55.666666666666664,58.833333333333336,0.07407407407407418
Karachi,2026-05-04 00:29:07.097653,48,17.770454521809,6.701268676326258,23.377502653189534,20.386976475223435,1.8923495063845284,28.442830552486566,48.430340314475714,2.8397258642403815,1014.9442494952365,0,0,5,0,58.0,55.0,64.0,54.0,53.333333333333336,56.166666666666664,-0.1724137931034483
Karachi,2026-05-04 01:29:07.097653,58,23.006979141044294,45.865365874544786,10.904861514786727,54.52282485923201,1.7733906172285314,27.77663085765017,77.86708903362756,3.3860442654358858,1017.6829355827296,1,0,5,0,48.0,54.0,67.0,55.0,54.666666666666664,54.666666666666664,0.20833333333333326
Karachi,2026-05-04 02:29:07.097653,54,16.94155054380289,39.07586142184433,13.009580618899829,76.46468022174132,2.0572481276944017,25.194834686128626,42.53054203785867,0.9383497465611028,1015.8335140012424,2,0,5,0,58.0,58.0,55.0,43.0,53.333333333333336,54.5,-0.06896551724137934
Karachi,2026-05-04 03:29:07.097653,29,9.08582725859699,3.549298597563981,6.839089205860372,79.7713639206067,0.8656522586091191,22.410073912297694,67.67424767921639,1.8702570115861767,1010.241540044237,3,0,5,0,54.0,48.0,55.0,73.0,47.0,50.166666666666664,-0.4629629629629629
Karachi,2026-05-04 04:29:07.097653,50,28.014963631404232,25.68543112139476,30.863699693081486,36.26687927478404,1.6596941865798627,19.335859064534407,54.746306692265634,1.7639358521878843,1011.0299093066435,4,0,5,0,29.0,58.0,54.0,62.0,44.333333333333336,49.5,0.7241379310344827
Karachi,2026-05-04 05:29:07.097653,70,31.354281935948766,54.589928622878695,57.49462321691437,51.93088459802286,1.3121457257074922,17.173209775546667,46.68351244323511,4.690560609213697,1008.9762823960853,5,0,5,0,50.0,54.0,58.0,60.0,49.666666666666664,51.5,0.3999999999999999
Karachi,2026-05-04 06:29:07.097653,61,20.119010971062856,48.69511866209296,11.36213730064641,69.9387357466857,2.0213715974404254,15.800602238673441,78.59091060513204,1.2280748640002215,1014.4445236416474,6,0,5,0,70.0,29.0,48.0,88.0,60.333333333333336,53.666666666666664,-0.12857142857142856
Karachi,2026-05-04 07:29:07.097653,96,30.717405073230324,65.56722156324277,57.044547115169514,18.22234509574688,0.980363443041228,18.083073440785746,50.87084171276284,0.5115357155161075,1009.8074030653922,7,0,5,0,61.0,50.0,58.0,74.0,75.66666666666667,60.0,0.5737704918032787
Karachi,2026-05-04 08:29:07.097653,117,45.54941840601333,69.36785801941437,45.33488331026515,58.26950877363755,1.7149929571137708,15.96065104359273,51.18376060274694,0.9341891258123081,1010.5740488847937,8,0,5,0,96.0,70.0,54.0,95.0,91.33333333333333,70.5,0.21875
Karachi,2026-05-04 09:29:07.097653,119,46.73056858767028,72.36067807713377,40.062434161378974,38.61905632075478,2.2408673059980897,12.116007689406395,53.75383925689615,0.05923973064856547,1016.8811365518038,9,0,5,0,117.0,61.0,29.0,101.0,110.66666666666667,85.5,0.017094017094017033
Karachi,2026-05-04 10:29:07.097653,102,43.5926435566486,60.62006498873902,40.49027654279596,24.430231219611485,1.1847310476288433,18.961513210921137,69.33833819140136,5.723076405696222,1011.2675567533202,10,0,5,0,119.0,96.0,50.0,122.0,112.66666666666667,94.16666666666667,-0.1428571428571429
Karachi,2026-05-04 11:29:07.097653,131,49.85888317373024,87.8291183710035,50.470020661795516,38.19275331232094,0.44656859220841516,19.26662318557931,72.98329658453741,3.0324131989681034,1013.6664671835417,11,0,5,0,102.0,117.0,70.0,116.0,117.33333333333333,104.33333333333333,0.2843137254901962
Karachi,2026-05-04 12:29:07.097653,112,47.44950262002198,60.33126786285813,10.880592540890175,15.317220087544179,1.4353118091519443,23.693346002802294,40.88012618506725,4.002498173614406,1011.9756600878918,12,0,5,0,131.0,119.0,61.0,109.0,115.0,112.83333333333333,-0.14503816793893132
Karachi,2026-05-04 13:29:07.097653,103,51.244364289061735,55.90649389406723,32.761487796104795,58.678500401251405,1.061139473175457,23.675692433361853,52.093481805689514,4.072975454242658,1008.7403128740591,13,0,5,0,112.0,102.0,96.0,121.0,115.33333333333333,114.0,-0.0803571428571429
Karachi,2026-05-04 14:29:07.097653,96,42.78939397638894,66.15002999093956,43.340012604341716,27.691986812391715,1.778895837203785,22.042652807379405,61.54854212526414,3.1123678367846406,1011.6286382989671,14,0,5,0,103.0,131.0,117.0,126.0,103.66666666666667,110.5,-0.06796116504854366
Karachi,2026-05-04 15:29:07.097653,96,38.43002071865594,57.65080323887221,37.275124479046,31.79839515314146,2.3922724344469333,22.611199079360205,56.59884760806166,2.8504374066973837,1012.0806820303593,15,0,5,0,96.0,112.0,119.0,109.0,98.33333333333333,106.66666666666667,0.0
Karachi,2026-05-04 16:29:07.097653,89,34.755186733486156,64.5341474767594,50.802848906281206,18.47569087690239,1.3683382995930635,27.561055231324126,84.2085329255443,5.089052859636281,1016.9570110191152,16,0,5,0,96.0,103.0,102.0,95.0,93.66666666666667,104.5,-0.07291666666666663
Karachi,2026-05-04 17:29:07.097653,90,34.34496020458382,48.8203911573804,8.974943995624333,70.52613797229242,1.3256185063421746,29.406639408105075,79.38543654432094,3.29199182862528,1011.2445065364634,17,0,5,0,89.0,96.0,131.0,68.0,91.66666666666667,97.66666666666667,0.011235955056179803
Karachi,2026-05-04 18:29:07.097653,82,38.866648448559914,49.00693894673818,42.98855717245413,44.5410995497917,1.7400865604212128,33.81452163227584,71.29451077694138,5.798194958526828,1011.7924111976207,18,0,5,0,90.0,96.0,112.0,64.0,87.0,92.66666666666667,-0.0888888888888889
Karachi,2026-05-04 19:29:07.097653,72,25.775880349933722,35.98936749078372,34.371525171159476,50.05028144504802,0.5276945079058489,32.709664745733406,56.902120799851986,4.241659890579733,1015.8289676867233,19,0,5,0,82.0,89.0,103.0,67.0,81.33333333333333,87.5,-0.12195121951219512
Karachi,2026-05-04 20:29:07.097653,71,28.847742563478015,42.99134497910569,25.853847518896888,49.860287816639826,0.8577136156350322,35.267376996197015,75.033617242308,1.764407453037944,1015.589566512116,20,0,5,0,72.0,90.0,96.0,55.0,75.0,83.33333333333333,-0.01388888888888884
Karachi,2026-05-04 21:29:07.097653,76,30.91458578388491,34.159518915728825,23.7151240228717,38.73451801789392,2.3217545161008766,30.07774049890728,82.18190064228972,2.0057319522601276,1015.9828527664849,21,0,5,0,71.0,82.0,96.0,55.0,73.0,80.0,0.07042253521126751
Karachi,2026-05-04 22:29:07.097653,68,24.796099003177027,37.056462583212316,39.14579480258061,23.47709408066976,1.7738737494002859,33.85873199903641,69.74151886794934,1.545070387091441,1017.53770740076,22,0,5,0,76.0,72.0,89.0,54.0,71.66666666666667,76.5,-0.10526315789473684
Karachi,2026-05-04 23:29:07.097653,28,4.637174534411255,5.759222491322696,54.004745605434564,62.159292394888,0.32957689676351576,32.09883255635422,79.22307334466896,5.4350960439014315,1015.9555749839478,23,0,5,0,68.0,71.0,90.0,58.0,57.333333333333336,66.16666666666667,-0.5882352941176471
Karachi,2026-05-05 00:29:07.097653,20,9.61487251808834,17.551385865530065,32.28967593556134,18.893938575037204,0.7501760396298437,24.963531777137604,77.45524806998739,2.1898980941088944,1012.0760820321789,0,1,5,0,28.0,76.0,82.0,48.0,38.666666666666664,55.833333333333336,-0.2857142857142857
Karachi,2026-05-05 01:29:07.097653,65,25.709789692689906,44.75492904602744,50.35977402423061,17.271165319516733,1.802241985263578,29.71578804334171,68.58686555801611,1.403054406400735,1016.2150851689809,1,1,5,0,20.0,68.0,72.0,58.0,37.666666666666664,54.666666666666664,2.25
Karachi,2026-05-05 02:29:07.097653,33,15.907625311277057,6.2675326022665505,27.118601001418213,59.710152631755236,1.9816782456376634,25.186916983532704,55.60916084107555,3.63955608225364,1013.0867463208994,2,1,5,0,65.0,28.0,71.0,54.0,39.333333333333336,48.333333333333336,-0.49230769230769234
Karachi,2026-05-05 03:29:07.097653,55,19.498124682209497,43.920275285612576,10.63169545362471,24.61859143163887,2.147691059882892,23.713536646916843,77.28910790006358,2.8056657872549935,1010.7771403251857,3,1,5,0,33.0,20.0,76.0,29.0,51.0,44.833333333333336,0.6666666666666667
Karachi,2026-05-05 04:29:07.097653,47,25.08342833770908,48.448303776824595,8.382815505225121,31.474092594698263,0.9427889674404988,19.270207775143156,50.33981831788032,3.5891370251503276,1011.0291706813101,4,1,5,0,55.0,65.0,68.0,50.0,45.0,41.333333333333336,-0.1454545454545455
Karachi,2026-05-05 05:29:07.097653,45,13.698419927230411,27.491484343825174,7.823390422802267,43.26592269012182,2.3482629118106377,21.893639776351566,78.97441732357669,6.779627807787687,1010.238423885634,5,1,5,0,47.0,33.0,28.0,70.0,49.0,44.166666666666664,-0.04255319148936165
Karachi,2026-05-05 06:29:07.097653,88,43.80897778931819,47.744250472045934,25.90825780767185,41.454592171068235,1.5164831658713633,15.70009211124675,80.22733460712665,4.82614161185772,1009.4499295781975,6,1,5,0,45.0,55.0,20.0,61.0,60.0,55.5,0.9555555555555555
Karachi,2026-05-05 07:29:07.097653,99,30.92257695390483,82.08578398259357,23.548076295971313,59.600538754549945,1.8323858492533645,18.936777426435345,81.10724397851865,3.0540211086038127,1009.8449041185365,7,1,5,0,88.0,47.0,65.0,96.0,77.33333333333333,61.166666666666664,0.125
Karachi,2026-05-05 08:29:07.097653,86,36.714787918424136,41.25965840703944,44.48653629924132,53.64022554103527,1.6128254981157977,18.641214951817343,63.64579854892288,0.1831532315879829,1008.6317804995382,8,1,5,0,99.0,45.0,33.0,117.0,91.0,70.0,-0.13131313131313127
Karachi,2026-05-05 09:29:07.097653,62,27.31618103400223,37.56939316700645,45.85518258716762,55.1077313597306,0.570028120284165,15.32425853334301,49.624038388521086,2.0000750055827288,1016.8845086493238,9,1,5,0,86.0,88.0,55.0,119.0,82.33333333333333,71.16666666666667,-0.2790697674418605
Karachi,2026-05-05 10:29:07.097653,97,35.13705281619396,60.10923541490293,7.796968285855691,59.983803145882014,2.4188522506467356,22.03854396856964,44.98618000330344,4.422092205090606,1017.3100780964912,10,1,5,0,62.0,99.0,47.0,102.0,81.66666666666667,79.5,0.564516129032258
Karachi,2026-05-05 11:29:07.097653,114,48.06390363718916,79.67408188544547,17.161779458895822,30.482890919642575,0.5703262757671359,19.80620271094266,77.16806252439622,0.6579179206763675,1013.867703924939,11,1,5,0,97.0,86.0,45.0,131.0,91.0,91.0,0.17525773195876293
Karachi,2026-05-05 12:29:07.097653,87,41.52412393615602,55.56770768204715,20.08440175873948,32.563331826033156,0.860740304104604,22.307785220542048,84.31306922649065,7.281940592660708,1016.4048955660869,12,1,5,0,114.0,62.0,88.0,112.0,99.33333333333333,90.83333333333333,-0.23684210526315785
Karachi,2026-05-05 13:29:07.097653,111,33.60717523737343,63.04783298490801,35.118659127854514,40.659842352688784,2.0899813364905566,19.87520604850832,72.54191794184533,3.028833125271097,1009.8357110265315,13,1,5,0,87.0,97.0,99.0,103.0,104.0,92.83333333333333,0.27586206896551735
Karachi,2026-05-05 14:29:07.097653,105,44.81416978782937,55.84119366245928,12.948337314882265,31.522352112346827,1.6609133153024234,29.235460006017128,47.20800301941848,3.09769678641897,1017.0167382522699,14,1,5,0,111.0,114.0,86.0,96.0,101.0,96.0,-0.05405405405405406
Karachi,2026-05-05 15:29:07.097653,109,31.494676270194716,63.20697099579857,12.36676706700002,78.94565082796043,2.1439281638279852,24.621438480369985,86.74482242587871,1.6667096140840443,1013.0636155963051,15,1,5,0,105.0,87.0,62.0,96.0,108.33333333333333,103.83333333333333,0.03809523809523818
Karachi,2026-05-05 16:29:07.097653,96,33.88915819286888,50.02080442816622,56.90838890643769,66.98363484950008,1.4346196144228989,31.04977286553186,89.45510072696598,3.993475513551437,1008.6716499260556,16,1,5,0,109.0,111.0,97.0,89.0,103.33333333333333,103.66666666666667,-0.11926605504587151
Karachi,2026-05-05 17:29:07.097653,73,37.41324672044564,44.28372490218884,49.23115990137796,21.525828177922072,1.1293851178065968,28.66731081362899,61.6689304967461,0.6839963869555361,1009.4131274449416,17,1,5,0,96.0,105.0,114.0,90.0,92.66666666666667,96.83333333333333,-0.23958333333333337
Karachi,2026-05-05 18:29:07.097653,97,36.270518843026686,54.25557407609653,14.936019615014366,10.391590911730866,2.328060099005127,30.69022562458014,69.74126446368857,7.329785178202915,1011.0897646078681,18,1,5,0,73.0,109.0,87.0,82.0,88.66666666666667,98.5,0.3287671232876712
Karachi,2026-05-05 19:29:07.097653,69,22.07359419856307,29.96218868459389,27.361229434802002,12.99482877730875,0.3797550985325487,34.304914698083444,78.86142600008289,5.634702609304023,1008.4355758035475,19,1,5,0,97.0,96.0,111.0,72.0,79.66666666666667,91.5,-0.28865979381443296
Karachi,2026-05-05 20:29:07.097653,64,24.846484118017006,48.79542545140985,24.559209959166104,27.084441573004767,2.183486484776701,35.05510542735031,76.81948950250224,4.968592890394092,1011.0929337801745,20,1,5,0,69.0,73.0,105.0,71.0,76.66666666666667,84.66666666666667,-0.07246376811594202
Karachi,2026-05-05 21:29:07.097653,44,28.25464256214002,22.891286119551072,48.505224073597404,18.00039000857996,0.8077991274131195,30.184838112084346,88.38935959667246,0.21914198842038113,1008.5993043311889,21,1,5,0,64.0,97.0,109.0,76.0,59.0,73.83333333333333,-0.3125
Karachi,2026-05-05 22:29:07.097653,47,9.789590411407548,18.27690803135402,33.06171040629671,47.33366804248005,2.167219921058729,34.109147568389496,45.744154553939445,3.410826540915502,1010.3602760519283,22,1,5,0,44.0,69.0,96.0,68.0,51.666666666666664,65.66666666666667,0.06818181818181812
Karachi,2026-05-05 23:29:07.097653,37,9.843524242173052,21.304037624654327,12.031735534640687,70.0596655909151,0.6062325495171483,32.74681523975877,69.03624330714028,5.418172796028009,1010.6566975585644,23,1,5,0,47.0,64.0,73.0,28.0,42.666666666666664,59.666666666666664,-0.21276595744680848
Karachi,2026-05-06 00:29:07.097653,47,26.449482056357596,28.990457988430464,45.644563473593415,61.57251546392592,1.5764817201191892,27.12409318231021,74.5965709836546,4.186210798715479,1017.943689763668,0,2,5,0,37.0,44.0,97.0,20.0,43.666666666666664,51.333333333333336,0.2702702702702702
Karachi,2026-05-06 01:29:07.097653,76,39.9676526830739,32.04697764344559,26.82883880237054,25.09263441575333,2.2538374218252386,30.267847548002386,84.5049212093835,0.9957817907324502,1010.3554667376367,1,2,5,0,47.0,47.0,69.0,65.0,53.333333333333336,52.5,0.6170212765957446
Karachi,2026-05-06 02:29:07.097653,33,12.85913217554718,22.717613782504,19.46083361976809,37.95094792180501,1.3417872231775592,22.086284743503924,83.70548138590753,1.6998124893826894,1010.3918644893859,2,2,5,0,76.0,37.0,64.0,33.0,52.0,47.333333333333336,-0.5657894736842105
Karachi,2026-05-06 03:29:07.097653,34,7.63808672586777,12.372764808229356,25.652424211139607,45.55259466718943,1.9424466823674646,21.6799024736246,88.8999896780645,2.096127723988019,1014.8678896835838,3,2,5,0,33.0,47.0,44.0,55.0,47.666666666666664,45.666666666666664,0.030303030303030276
Karachi,2026-05-06 04:29:07.097653,87,45.30623947400745,65.92876342096876,32.3766109983793,66.71440946523349,2.0702775592822285,21.958005248183976,65.60392269688396,1.793124331022785,1016.5935747851645,4,2,5,0,34.0,76.0,47.0,47.0,51.333333333333336,52.333333333333336,1.5588235294117645
Karachi,2026-05-06 05:29:07.097653,69,35.61044135460454,45.64902819040171,23.87135340293552,68.73851221743153,1.9202872591769145,17.636013181102406,81.53804334066133,6.057557671420614,1011.8705541260209,5,2,5,0,87.0,33.0,37.0,45.0,63.333333333333336,57.666666666666664,-0.2068965517241379
Karachi,2026-05-06 06:29:07.097653,69,31.380298506851666,38.779145431186215,18.304817492546682,73.68028183354431,2.335725421124116,18.59943494108317,61.364085406366385,0.8420262776465122,1016.7561801994069,6,2,5,0,69.0,34.0,47.0,88.0,75.0,61.333333333333336,0.0
Karachi,2026-05-06 07:29:07.097653,103,37.283244920919614,56.05654283587125,26.917611584218918,45.64716753520126,1.2830353071438432,17.754745547294046,61.115693892801616,4.311838279317673,1011.4014202074776,7,2,5,0,69.0,87.0,76.0,99.0,80.33333333333333,65.83333333333333,0.49275362318840576
Karachi,2026-05-06 08:29:07.097653,85,34.12116005738863,50.70971848185923,6.054510091244403,58.599232250510404,0.6808759661633428,16.625851460154557,52.667418223642954,0.4153932501430977,1009.9701587961501,8,2,5,0,103.0,69.0,33.0,86.0,85.66666666666667,74.5,-0.1747572815533981
Karachi,2026-05-06 09:29:07.097653,128,50.63953925029603,82.06433541594659,47.48738153529727,17.8260259863756,0.4051843401454555,18.937394466868575,80.9118643509615,1.0774970250978644,1011.2963882432772,9,2,5,0,85.0,69.0,34.0,62.0,105.33333333333333,90.16666666666667,0.5058823529411764
Karachi,2026-05-06 10:29:07.097653,116,48.11411659652677,69.48583708149172,14.401969146217219,49.570227196778745,0.8422117132025113,17.615075184409214,89.29075529067578,1.0194667337374348,1014.09356373928,10,2,5,0,128.0,103.0,87.0,97.0,109.66666666666667,95.0,-0.09375
Karachi,2026-05-06 11:29:07.097653,101,47.918648657251296,59.25819174279705,7.414753749685048,27.40842666297946,0.6150345085365326,19.806227888135233,52.817086417362894,1.9018911376822683,1011.6714315931207,11,2,5,0,116.0,85.0,69.0,114.0,115.0,100.33333333333333,-0.1293103448275862
Karachi,2026-05-06 12:29:07.097653,142,61.34093448528004,85.88273624593269,40.95342810977936,40.22018195186278,1.5274872311558572,23.292943754975806,42.80657940105362,6.021463303078427,1014.7289380398929,12,2,5,0,101.0,128.0,69.0,87.0,119.66666666666667,112.5,0.40594059405940586
Karachi,2026-05-06 13:29:07.097653,99,34.569939992525,55.104359116277536,47.56648708530197,54.383535581470355,0.7068797418658104,24.510820059231516,80.77712187095037,3.529648484929556,1010.3693587942248,13,2,5,0,142.0,116.0,103.0,111.0,114.0,111.83333333333333,-0.30281690140845074
Karachi,2026-05-06 14:29:07.097653,117,53.727359327566795,67.52166820145936,49.76060223760638,27.989015649764678,0.38565415603661657,26.57203458162842,71.01150262673781,0.6032769060018062,1015.0099289398914,14,2,5,0,99.0,101.0,85.0,105.0,119.33333333333333,117.16666666666667,0.18181818181818188
Karachi,2026-05-06 15:29:07.097653,105,43.8466975567433,46.73521577377625,32.143005046333,13.652954045773276,0.3791776235110693,24.772193156386606,87.98494002755022,5.034295348758625,1011.4743836324847,15,2,5,0,117.0,142.0,128.0,109.0,107.0,113.33333333333333,-0.10256410256410253
Karachi,2026-05-06 16:29:07.097653,114,49.24577671568738,76.50548145140813,16.29525015794919,10.716369948613027,2.1294528964026957,30.049585151002642,52.611960953847614,5.462608527137371,1012.5586837160193,16,2,5,0,105.0,99.0,116.0,96.0,112.0,113.0,0.08571428571428563
Karachi,2026-05-06 17:29:07.097653,111,51.807600017984385,69.10272582496114,45.54752224874047,11.551167488116509,1.6011898491746548,28.89985666755337,43.551382900064056,3.208092962078171,1013.577451404429,17,2,5,0,114.0,117.0,101.0,73.0,110.0,114.66666666666667,-0.02631578947368418
Karachi,2026-05-06 18:29:07.097653,80,26.634123646826843,42.100390589324455,43.484219243488546,10.584481625963877,1.087787664165432,29.365373270719456,64.62211304332507,7.0694983163051806,1014.86225003186,18,2,5,0,111.0,105.0,142.0,97.0,101.66666666666667,104.33333333333333,-0.2792792792792793
Karachi,2026-05-06 19:29:07.097653,60,24.194536343160337,51.75037620588088,18.544890375674527,17.724853959051284,2.2673016940285433,32.58399391774261,44.273301148257374,4.643128249249228,1010.3871369184874,19,2,5,0,80.0,114.0,99.0,69.0,83.66666666666667,97.83333333333333,-0.25
Karachi,2026-05-06 20:29:07.097653,71,26.10256010083863,43.83588112959115,54.68742657245362,26.764210019909093,0.45443254509696995,31.19140962669682,53.089500055135375,4.365305014585176,1016.359455374108,20,2,5,0,60.0,111.0,117.0,64.0,70.33333333333333,90.16666666666667,0.18333333333333335
Karachi,2026-05-06 21:29:07.097653,48,11.60912928042152,20.88349103507162,10.740430194555595,25.48550599276094,2.456708560001217,34.30864204799251,46.29889304095841,1.3932425856674198,1015.2184274975524,21,2,5,0,71.0,80.0,105.0,44.0,59.666666666666664,80.66666666666667,-0.323943661971831
Karachi,2026-05-06 22:29:07.097653,84,35.42156852777107,57.38592733138338,59.04785317752291,79.07576159259277,1.6558419385598144,33.557274149666156,51.20660898300393,4.254796971242682,1010.34097919024,22,2,5,0,48.0,60.0,114.0,47.0,67.66666666666667,75.66666666666667,0.75
Karachi,2026-05-06 23:29:07.097653,53,33.785884828949726,35.0265388386155,52.31362960376055,31.420427364626025,0.7036213587314666,26.851601776629497,45.30723264106959,3.4335825552089867,1017.7497456260292,23,2,5,0,84.0,71.0,111.0,37.0,61.666666666666664,66.0,-0.36904761904761907
Karachi,2026-05-07 00:29:07.097653,44,8.607681969598584,29.868745922064775,42.83442550134914,18.919454835157936,1.7939520177493309,27.343394920846215,87.69529997136428,4.039658005342053,1014.6479699103046,0,3,5,0,53.0,48.0,80.0,47.0,60.333333333333336,60.0,-0.16981132075471694
Karachi,2026-05-07 01:29:07.097653,53,21.35556886447328,28.869413042368215,56.63124385539081,48.18937809174306,1.979438771523838,24.150979016984166,53.928135672486775,1.6308287617173387,1012.5242688646671,1,3,5,0,44.0,84.0,60.0,76.0,50.0,58.833333333333336,0.20454545454545459
Karachi,2026-05-07 02:29:07.097653,33,16.727652092782428,23.891371916337114,44.727114257803926,70.05702187782558,1.2445541234157038,24.07474144681422,62.19487929962827,3.2561977687179735,1009.5752732555352,2,3,5,0,53.0,53.0,71.0,33.0,43.333333333333336,52.5,-0.37735849056603776
Karachi,2026-05-07 03:29:07.097653,44,18.300425402978426,24.433485270277526,15.475134836652526,57.46422637513726,2.1955917337402044,23.83979897891748,84.93059038171111,1.3662769995700839,1013.3322100230813,3,3,5,0,33.0,44.0,48.0,34.0,43.333333333333336,51.833333333333336,0.33333333333333326
Karachi,2026-05-07 04:29:07.097653,83,32.636843185087855,54.251256784666566,29.318587596204644,30.725746239481524,0.6316112960522346,20.515423803643223,73.86607939807371,1.2942641999320639,1009.6477588682711,4,3,5,0,44.0,53.0,84.0,87.0,53.333333333333336,51.666666666666664,0.8863636363636365
Karachi,2026-05-07 05:29:07.097653,62,18.456723967712254,22.189653045326953,8.932666338239944,49.31313118540185,0.9134426838707383,18.16362726917335,70.90187402808871,4.996609137156767,1012.2949167869784,5,3,5,0,83.0,33.0,53.0,69.0,63.0,53.166666666666664,-0.2530120481927711
Karachi,2026-05-07 06:29:07.097653,64,26.88246781860918,35.10681345202902,26.431158225846346,60.03991819402864,0.5056831954847775,20.672149823350768,75.27815951804186,0.004777963379034578,1012.0871252273952,6,3,5,0,62.0,44.0,44.0,69.0,69.66666666666667,56.5,0.032258064516129004
Karachi,2026-05-07 07:29:07.097653,95,34.54192517131433,71.26585836705651,45.78816608554648,60.967314465741964,0.7639312493361747,12.662879044494877,81.4411128552691,3.2143729295648322,1015.1993964434746,7,3,5,0,64.0,83.0,53.0,103.0,73.66666666666667,63.5,0.484375
Karachi,2026-05-07 08:29:07.097653,112,34.16461640308522,61.53479774876457,26.254384301194957,56.65769187083822,0.8252033862045192,19.47374378703645,83.88346339258806,3.6660042588980795,1009.9238318122425,8,3,5,0,95.0,62.0,33.0,85.0,90.33333333333333,76.66666666666667,0.17894736842105252
Karachi,2026-05-07 09:29:07.097653,111,50.77196234079763,62.36779547739796,23.166179650747377,70.95672973429326,2.3187930200277624,16.184016803376483,72.13198353325132,3.6531260317261096,1016.2187135487085,9,3,5,0,112.0,64.0,44.0,128.0,106.0,87.83333333333333,-0.008928571428571397
Karachi,2026-05-07 10:29:07.097653,120,53.16052005945838,68.96919573277243,37.744564738067155,70.9073820840873,0.47184131525254364,17.915578749498913,84.50036373470289,2.4338418528034995,1011.2613232701617,10,3,5,0,111.0,95.0,83.0,116.0,114.33333333333333,94.0,0.08108108108108114
Karachi,2026-05-07 11:29:07.097653,97,39.30864426830746,48.85705998896894,52.971249094939225,50.52555915849023,1.2403132644129609,18.288419075067402,66.76987637127384,3.542422950559947,1012.4398862696878,11,3,5,0,120.0,112.0,62.0,101.0,109.33333333333333,99.83333333333333,-0.19166666666666665
Karachi,2026-05-07 12:29:07.097653,88,36.61450944057745,35.537457789497395,7.617075590036183,40.08994583778486,1.4712771118992087,24.085776211078237,53.86454281342117,3.941934139570324,1015.7234097555385,12,3,5,0,97.0,111.0,64.0,142.0,101.66666666666667,103.83333333333333,-0.09278350515463918
Karachi,2026-05-07 13:29:07.097653,131,57.970701890779544,77.0539765526137,26.20087390848545,54.909920689556984,2.277124718364754,20.467490645569313,84.00383544419222,4.46992963150397,1014.2539239971352,13,3,5,0,88.0,120.0,95.0,99.0,105.33333333333333,109.83333333333333,0.48863636363636354
Karachi,2026-05-07 14:29:07.097653,101,41.57792409625087,61.77121411119393,13.703240799839449,67.27484009593242,2.49493168105467,25.02347273944387,67.07364137065436,6.466882678768526,1011.0802535180194,14,3,5,0,131.0,97.0,112.0,117.0,106.66666666666667,108.0,-0.2290076335877863
Karachi,2026-05-07 15:29:07.097653,97,43.500371049314865,58.05038436495321,43.24448379025283,10.395647338882931,1.957453852823639,28.12542966454016,85.30687937836171,3.4683883029964107,1011.8620292454588,15,3,5,0,101.0,88.0,111.0,105.0,109.66666666666667,105.66666666666667,-0.03960396039603964
Karachi,2026-05-07 16:29:07.097653,114,44.4817538467251,67.79471878105842,10.814850823712419,79.43979063103957,2.435740179251865,25.777994464229664,42.00839069752906,3.128097690035404,1011.0578681398961,16,3,5,0,97.0,131.0,120.0,114.0,104.0,104.66666666666667,0.17525773195876293
Karachi,2026-05-07 17:29:07.097653,96,45.00312729050394,58.00913986325441,41.56442672191345,22.802564063043945,2.0316224915789225,28.817057908600074,59.87578757706177,1.1865420692998119,1013.9477016727716,17,3,5,0,114.0,101.0,97.0,111.0,102.33333333333333,104.5,-0.1578947368421053
Karachi,2026-05-07 18:29:07.097653,86,36.339255262153074,60.28572172114058,20.739947893884903,42.91742899619833,2.4190458101371166,31.63184616327905,87.39025091812341,3.871892647798674,1011.3262453320684,18,3,5,0,96.0,97.0,88.0,80.0,98.66666666666667,104.16666666666667,-0.10416666666666663
Karachi,2026-05-07 19:29:07.097653,104,42.85444524620563,61.302708804830644,15.940424755547358,71.04208143900067,1.8559955970778015,30.9540765409438,52.48250463791514,4.334766206281137,1015.2569769478314,19,3,5,0,86.0,114.0,131.0,60.0,95.33333333333333,99.66666666666667,0.20930232558139528
Karachi,2026-05-07 20:29:07.097653,55,15.788585174158989,28.61567530988056,56.4993906803742,25.752827933093954,0.4754795359923564,31.3688164575617,87.07681230192463,2.6153936314367456,1013.7978715858372,20,3,5,0,104.0,96.0,101.0,71.0,81.66666666666667,92.0,-0.47115384615384615
Karachi,2026-05-07 21:29:07.097653,72,30.516538665757405,41.373635212268596,6.0188517210275725,43.37566567302682,1.1842244113838885,32.02768128415968,87.6951230564625,4.089225008368074,1009.457066117475,21,3,5,0,55.0,86.0,97.0,48.0,77.0,87.83333333333333,0.3090909090909091
Karachi,2026-05-07 22:29:07.097653,54,17.78999931649699,37.559434934008074,29.077749953926293,19.28075261268254,1.722514024365435,33.22736589356786,84.10711571129305,2.4149676129013162,1011.1026861867988,22,3,5,0,72.0,104.0,114.0,84.0,60.333333333333336,77.83333333333333,-0.25
Karachi,2026-05-07 23:29:07.097653,55,18.82903012506825,44.32688066491208,6.189484585398658,37.65534277717348,1.0715807207993522,29.97141869573609,68.18340225466494,4.341985304177848,1010.2144744191015,23,3,5,0,54.0,55.0,96.0,53.0,60.333333333333336,71.0,0.0185185185185186
Karachi,2026-05-08 00:29:07.097653,72,25.09393241689459,38.73106592435936,31.597617645738097,22.399481835510176,0.901444619850313,31.15685238894589,72.34697245403193,4.825204628059487,1011.9031321255148,0,4,5,0,55.0,72.0,86.0,44.0,60.333333333333336,68.66666666666667,0.3090909090909091
Karachi,2026-05-08 01:29:07.097653,58,18.1247299627728,35.97532722963445,32.557605778693,35.45394241398099,1.5702783876928004,25.075036795501457,83.48084992249346,4.797255733460971,1013.1598408620937,1,4,5,0,72.0,54.0,104.0,53.0,61.666666666666664,61.0,-0.19444444444444442
Karachi,2026-05-08 02:29:07.097653,62,35.46132864396934,39.96306697881447,22.691435926711087,36.14249517549054,2.3537041287453566,22.496155479053094,78.79485411945922,3.2356886522826014,1013.067628572841,2,4,5,0,58.0,55.0,55.0,33.0,64.0,62.166666666666664,0.06896551724137923
Karachi,2026-05-08 03:29:07.097653,74,36.60645795956226,36.98401992059978,12.268897763876302,79.52195527188329,0.37696012173553783,26.7821384506221,71.50469247277059,0.9200636967658973,1015.5452367656329,3,4,5,0,62.0,72.0,72.0,44.0,64.66666666666667,62.5,0.19354838709677424
Karachi,2026-05-08 04:29:07.097653,59,33.412121133464,35.87876277181738,25.701314575396143,79.63691205126406,1.9923086477911631,19.68408374466898,89.11297039353514,1.7761738947163586,1009.8917186360171,4,4,5,0,74.0,58.0,54.0,83.0,65.0,63.333333333333336,-0.20270270270270274
Karachi,2026-05-08 05:29:07.097653,59,17.744438356957893,24.062979323366804,41.97446169629113,18.035039506242867,1.8900000116981799,16.7213217363633,74.28383181668471,4.190314647769457,1017.4647282929744,5,4,5,0,59.0,62.0,55.0,62.0,64.0,64.0,0.0
Karachi,2026-05-08 06:29:07.097653,64,26.087413585428266,24.44431482389551,48.03176947544525,60.81781455298431,2.4206975358542318,14.587688886180828,88.77409962238806,7.897624611480454,1011.4284510688217,6,4,5,0,59.0,74.0,72.0,64.0,60.666666666666664,62.666666666666664,0.0847457627118644
Karachi,2026-05-08 07:29:07.097653,58,16.84015087895376,37.89550477059941,34.19128313134783,13.622183576837081,2.347564689131596,19.422800297305333,42.869423730354534,2.318558456935836,1011.0024884691613,7,4,5,0,64.0,59.0,58.0,95.0,60.333333333333336,62.666666666666664,-0.09375
Karachi,2026-05-08 08:29:07.097653,125,46.85876839365662,72.43486623881664,37.44089169418656,12.113441073603203,1.9769116364972246,16.31739097067988,46.94801853711062,3.91167535677628,1014.8517857818022,8,4,5,0,58.0,59.0,62.0,112.0,82.33333333333333,73.16666666666667,1.1551724137931036
Karachi,2026-05-08 09:29:07.097653,84,29.275396262825602,52.41729003083247,16.033900411855896,17.3733725971475,1.4448992823017173,16.76517391955466,62.57294230002453,1.8878948850411932,1016.0551662868306,9,4,5,0,125.0,64.0,74.0,111.0,89.0,74.83333333333333,-0.32799999999999996
Karachi,2026-05-08 10:29:07.097653,102,47.26270313610644,61.45401483978115,20.80316832752072,77.58399599055538,0.7493886171137437,17.753393346551213,59.24397304421576,1.0520659115017985,1011.7847176481365,10,4,5,0,84.0,58.0,59.0,120.0,103.66666666666667,82.0,0.2142857142857142
Karachi,2026-05-08 11:29:07.097653,104,39.9490817256265,55.08414478489256,13.904258552879712,75.86044835262882,1.4995185803162638,21.369031519847184,79.13674206785139,1.647368272845275,1015.4684697489398,11,4,5,0,102.0,125.0,59.0,97.0,96.66666666666667,89.5,0.019607843137254832
Karachi,2026-05-08 12:29:07.097653,114,51.18633685532469,68.40462586456721,18.71124425025362,23.574947419647632,1.9837743866232385,20.64094033204816,48.030701323460185,1.1649439534053432,1016.8373595613606,12,4,5,0,104.0,84.0,64.0,88.0,106.66666666666667,97.83333333333333,0.09615384615384626
Karachi,2026-05-08 13:29:07.097653,121,51.50613763864719,62.86348934593805,17.368772912404246,21.317063488759807,2.270472267803365,27.617555196845085,88.80475895557443,5.7068701258155015,1015.6680366520695,13,4,5,0,114.0,102.0,58.0,131.0,113.0,108.33333333333333,0.06140350877192979
Karachi,2026-05-08 14:29:07.097653,118,59.07333953609568,82.4604975273688,33.56968325151807,26.83745605611629,2.0373664202632082,25.267521148108457,55.753293763045704,1.4602605058292273,1008.3419648557083,14,4,5,0,121.0,104.0,125.0,101.0,117.66666666666667,107.16666666666667,-0.024793388429752095
Karachi,2026-05-08 15:29:07.097653,92,29.58959562712632,44.6324623553577,35.94788156849012,46.08828958525995,0.7295872574203188,29.19412189473681,61.44618538700797,2.4723435391987345,1016.2736891136619,15,4,5,0,118.0,114.0,84.0,97.0,110.33333333333333,108.5,-0.22033898305084743
Karachi,2026-05-08 16:29:07.097653,92,43.29343591621553,53.929622408173636,56.97210814518275,49.879324242478695,1.6193098913017308,30.610479715808815,53.737251622001146,0.6437442092998911,1015.7448095845436,16,4,5,0,92.0,121.0,102.0,114.0,100.66666666666667,106.83333333333333,0.0
Karachi,2026-05-08 17:29:07.097653,92,42.53351259616369,46.863789661862086,15.756385590583768,25.511540130761315,1.0307816109689856,30.583959608976304,68.96818086632737,1.231239569275591,1014.6929023815319,17,4,5,0,92.0,118.0,104.0,96.0,92.0,104.83333333333333,0.0
Karachi,2026-05-08 18:29:07.097653,76,25.640959052763545,50.325149251234436,40.29216405888228,62.963595166296166,0.32025246825941456,30.754261258234582,42.9314350211292,5.753045319477335,1015.6002241908791,18,4,5,0,92.0,92.0,114.0,86.0,86.66666666666667,98.5,-0.17391304347826086
Karachi,2026-05-08 19:29:07.097653,96,43.57391159725551,55.15591640208254,49.94925979431376,31.668721858185553,0.7404860587350653,33.39133446744566,47.48387527852244,3.402133980062784,1017.7942539583194,19,4,5,0,76.0,92.0,121.0,104.0,88.0,94.33333333333333,0.26315789473684204
Karachi,2026-05-08 20:29:07.097653,72,30.62657452496066,39.269440807774586,35.81328050806789,74.54919278705873,0.5490854298535884,34.020197462414544,77.2898851709362,1.069207681636599,1012.3111288781835,20,4,5,0,96.0,92.0,118.0,55.0,81.33333333333333,86.66666666666667,-0.25
Karachi,2026-05-08 21:29:07.097653,69,26.7866040422933,48.711590373502936,19.025200887559166,55.97058945197114,2.1539820717868308,31.582234514059493,49.3250291702402,1.8209657350069783,1008.672232349546,21,4,5,0,72.0,76.0,92.0,72.0,79.0,82.83333333333333,-0.04166666666666663
Karachi,2026-05-08 22:29:07.097653,63,21.46530533173122,38.61291888330724,19.440262651100014,40.54458360125282,0.8687137547251864,32.26088096217682,51.77572257783314,1.4690375591158287,1012.6088996962771,22,4,5,0,69.0,96.0,92.0,54.0,68.0,78.0,-0.08695652173913049
Karachi,2026-05-08 23:29:07.097653,68,23.854185972197204,45.30775541165244,7.158917918904995,65.29384011919917,0.926335531552622,33.12926420601157,79.64911178624189,2.912908655842239,1008.4643365539105,23,4,5,0,63.0,72.0,92.0,55.0,66.66666666666667,74.0,0.0793650793650793
Karachi,2026-05-09 00:29:07.097653,52,31.335189831151872,23.77858653619364,21.799432460166493,67.25402382326654,2.4118604579575456,33.13989547813935,44.66505891786268,3.345783369575385,1010.9425040808846,0,5,5,1,68.0,69.0,76.0,72.0,61.0,70.0,-0.23529411764705888
Karachi,2026-05-09 01:29:07.097653,31,12.631312491583515,7.703312043774096,45.95320234518591,30.333712392626055,1.1339907907074749,28.77929100151901,61.87369113854204,6.79114954645712,1013.8687979179676,1,5,5,1,52.0,63.0,96.0,58.0,50.333333333333336,59.166666666666664,-0.40384615384615385
Karachi,2026-05-09 02:29:07.097653,60,27.916472872759883,36.86639799397494,7.613476646391071,33.780018068525905,0.321088408317668,28.725519372760566,41.15316934986135,0.8326015319954139,1011.0962289292615,2,5,5,1,31.0,68.0,72.0,62.0,47.666666666666664,57.166666666666664,0.935483870967742
Karachi,2026-05-09 03:29:07.097653,49,15.652080354672691,26.859095050557833,17.061240537765684,75.51686076100223,0.9244615263615004,21.67069921676692,57.34036996589519,2.930375370484095,1014.8539524590954,3,5,5,1,60.0,52.0,69.0,74.0,46.666666666666664,53.833333333333336,-0.18333333333333335
Karachi,2026-05-09 04:29:07.097653,57,18.929035178393267,39.25392724388374,43.842787419248005,21.531872685429036,0.5624590773239875,22.403764504118588,74.94907013053773,2.368864614930956,1016.2198632768573,4,5,5,1,49.0,31.0,63.0,59.0,55.333333333333336,52.833333333333336,0.16326530612244894
Karachi,2026-05-09 05:29:07.097653,81,37.82227961755002,47.97926573565007,48.04583595525821,12.950529187405394,0.5261788358188787,22.020184767670166,44.505163985861415,4.893097055433564,1012.2043917927954,5,5,5,1,57.0,60.0,68.0,59.0,62.333333333333336,55.0,0.42105263157894735
Karachi,2026-05-09 06:29:07.097653,98,32.68181737084416,60.78515035677975,30.042512553406063,41.783872582668444,0.4704720382986489,16.2791301037805,84.416731338938,3.7096362363567867,1017.00137951293,6,5,5,1,81.0,49.0,52.0,64.0,78.66666666666667,62.666666666666664,0.2098765432098766
Karachi,2026-05-09 07:29:07.097653,88,33.15738916212026,39.863126762939984,43.39408861632569,66.08469301705402,1.6051708343858302,16.301413165597435,85.4749521470358,4.180724416229891,1008.798389313504,7,5,5,1,98.0,57.0,31.0,58.0,89.0,72.16666666666667,-0.10204081632653061
Karachi,2026-05-09 08:29:07.097653,99,40.02313513095494,74.88699263030472,26.33736927601906,64.01676744175221,0.716564991985689,20.4758095236705,45.249518756256755,3.6901723720301653,1016.4011316420045,8,5,5,1,88.0,81.0,60.0,125.0,95.0,78.66666666666667,0.125
Karachi,2026-05-09 09:29:07.097653,126,51.25543405125026,74.73392068281873,13.795228476327013,74.36714402389828,1.094734146890223,15.322395678113574,89.53662181878883,1.1360177494329209,1016.285731454393,9,5,5,1,99.0,98.0,49.0,84.0,104.33333333333333,91.5,0.2727272727272727
Karachi,2026-05-09 10:29:07.097653,109,42.941357497263894,71.33593164623059,26.89822214375986,47.32404650583282,2.196438975486037,15.389536704413072,54.876477669774445,5.422530992986026,1011.2199389632676,10,5,5,1,126.0,88.0,57.0,102.0,111.33333333333333,100.16666666666667,-0.13492063492063489
Karachi,2026-05-09 11:29:07.097653,148,61.180307506030815,82.11307953906977,36.89823011117286,17.00452700965733,1.2335439075518064,22.399108897786643,44.205083556580306,4.597009809231338,1010.9871518712462,11,5,5,1,109.0,99.0,81.0,104.0,127.66666666666667,111.33333333333333,0.35779816513761475
Karachi,2026-05-09 12:29:07.097653,118,50.857336652878324,73.55366602842263,57.142930501908964,51.208228203521124,2.3145209701136027,23.393526449960877,40.25335572486311,4.831059583449486,1011.0509498115351,12,5,5,1,148.0,126.0,98.0,114.0,125.0,114.66666666666667,-0.20270270270270274
Karachi,2026-05-09 13:29:07.097653,82,36.69972108783057,39.11704193260291,8.781302364877252,64.4876930047248,1.395463717470334,23.793688127147373,60.42614478819313,5.52810034101433,1016.1139371234441,13,5,5,1,118.0,109.0,88.0,121.0,116.0,113.66666666666667,-0.30508474576271183
Karachi,2026-05-09 14:29:07.097653,117,41.98333552870133,73.98507456413806,32.90667516147283,16.532968418887847,1.1774405526474627,24.908578490708344,71.49049928530589,3.8353502013039193,1016.316534876102,14,5,5,1,82.0,148.0,99.0,118.0,105.66666666666667,116.66666666666667,0.42682926829268286
Karachi,2026-05-09 15:29:07.097653,106,41.35145619389125,61.31055485021619,23.09058780158984,22.086018076831284,1.9508556395995438,26.193503349610204,56.60896249516566,5.961984808234986,1011.2972245882767,15,5,5,1,117.0,118.0,126.0,92.0,101.66666666666667,113.33333333333333,-0.09401709401709402
Karachi,2026-05-09 16:29:07.097653,114,51.71233083388116,68.84129881822925,32.9571431852182,10.860346280896962,0.4609852172896046,29.563897747618103,81.83586827373114,3.755279143573282,1013.9259034744446,16,5,5,1,106.0,82.0,109.0,92.0,112.33333333333333,114.16666666666667,0.07547169811320753
Karachi,2026-05-09 17:29:07.097653,97,43.61815258671936,64.30116721431578,6.3186496057092425,51.55568056127672,0.4968524425613183,33.81646816429548,75.8303137782525,2.561882823950783,1009.3893322944045,17,5,5,1,114.0,117.0,148.0,92.0,105.66666666666667,105.66666666666667,-0.14912280701754388
Karachi,2026-05-09 18:29:07.097653,77,24.30496683869204,36.89357365438379,22.216394508586973,72.0714074362133,1.7343421706305135,32.40533548255966,57.50807659840163,2.9867921790332708,1012.6877873828103,18,5,5,1,97.0,106.0,118.0,76.0,96.0,98.83333333333333,-0.20618556701030932
Karachi,2026-05-09 19:29:07.097653,53,23.305781542794566,26.84663921664796,50.09274811398527,56.946432120146966,1.3712695691263463,37.06132514480648,76.71548333043023,2.952312463727767,1017.9879285085553,19,5,5,1,77.0,114.0,82.0,96.0,75.66666666666667,94.0,-0.3116883116883117
Karachi,2026-05-09 20:29:07.097653,61,14.854734209409802,40.7773849331199,35.466795362005065,78.74280613136874,2.0389135507022624,31.20411602871954,87.02438684846248,1.961217355818914,1009.5883914770625,20,5,5,1,53.0,97.0,117.0,72.0,63.666666666666664,84.66666666666667,0.15094339622641506
Karachi,2026-05-09 21:29:07.097653,46,18.64627041080748,44.403165647132425,29.782037104886456,14.41235567498331,2.315795842155769,32.68804510165601,44.654799927150854,6.2637776967404415,1017.4756263996006,21,5,5,1,61.0,77.0,106.0,69.0,53.333333333333336,74.66666666666667,-0.24590163934426235
Karachi,2026-05-09 22:29:07.097653,45,27.61338953948829,26.082173006345748,20.70387894434368,73.21007596060474,1.1544071308774047,31.18208589494768,55.30519800788085,3.592590731007335,1016.2425472196501,22,5,5,1,46.0,53.0,114.0,63.0,50.666666666666664,63.166666666666664,-0.021739130434782594
Karachi,2026-05-09 23:29:07.097653,59,19.200896924709905,40.63962970997371,21.392338753524573,66.98478011706766,1.612102058486222,28.486571163167714,63.16629695583467,3.1894769516658132,1017.7221465094627,23,5,5,1,45.0,61.0,97.0,68.0,50.0,56.833333333333336,0.3111111111111111
Karachi,2026-05-10 00:29:07.097653,75,25.847811798650532,44.17336878029482,26.070578847482146,31.996906434965346,1.401532581149682,28.693832533980686,64.89950638773843,3.7765485098528675,1009.7957876061054,0,6,5,1,59.0,46.0,77.0,52.0,59.666666666666664,56.5,0.27118644067796605
Karachi,2026-05-10 01:29:07.097653,56,26.597068171333365,49.703343653253995,50.95638904805082,78.14685862860763,2.459543442413352,27.905210964141045,67.10978224430369,8.959709033474294,1010.1351849044337,1,6,5,1,75.0,45.0,53.0,31.0,63.333333333333336,57.0,-0.2533333333333333
Karachi,2026-05-10 02:29:07.097653,36,6.7183892063274016,7.670821837841402,58.19672637445476,30.155642371999054,2.1283856961845093,26.04846035990406,55.031345326932424,0.7365516228006812,1008.1686718173486,2,6,5,1,56.0,59.0,61.0,60.0,55.666666666666664,52.833333333333336,-0.3571428571428571
Karachi,2026-05-10 03:29:07.097653,65,23.018559485657082,40.03047030997828,29.1260459742706,72.25133066797528,2.305822958210178,27.270351997068943,73.36298229911745,1.3099229765674487,1015.247018129156,3,6,5,1,36.0,75.0,46.0,49.0,52.333333333333336,56.0,0.8055555555555556
Karachi,2026-05-10 04:29:07.097653,82,36.161994607782674,36.765331111314374,26.6344061311269,71.65240039519327,0.8595481926707291,21.92893493944712,72.25422517649149,0.23885796510600743,1014.4409469343618,4,6,5,1,65.0,56.0,45.0,57.0,61.0,62.166666666666664,0.2615384615384615
Karachi,2026-05-10 05:29:07.097653,63,22.064044794406446,17.80063848498645,51.56029267009246,63.03603316220807,1.9995581309577077,21.643419357866854,68.8910753135807,2.534801523129028,1009.7806543832473,5,6,5,1,82.0,36.0,59.0,81.0,70.0,62.833333333333336,-0.23170731707317072
Karachi,2026-05-10 06:29:07.097653,77,30.016047063907635,49.173541924886266,28.4797926349967,49.44293316689963,0.8840410949948276,18.20398526232244,45.68808608554383,3.4910368866547206,1015.9114496554207,6,6,5,1,63.0,65.0,75.0,98.0,74.0,63.166666666666664,0.22222222222222232
Karachi,2026-05-10 07:29:07.097653,87,38.914886261180605,53.90691893358782,35.360999476260815,18.400192473182166,0.7592335735424578,20.628704590592644,63.848394554797224,2.069354963317845,1010.9919550613173,7,6,5,1,77.0,82.0,56.0,88.0,75.66666666666667,68.33333333333333,0.1298701298701299
Karachi,2026-05-10 08:29:07.097653,83,35.39834053918937,47.65721968032222,17.701791552930942,47.238021414754876,2.3773855512422117,21.79689857117614,57.811344374468774,1.92054640369646,1009.3499556933064,8,6,5,1,87.0,63.0,36.0,99.0,82.33333333333333,76.16666666666667,-0.04597701149425293
Karachi,2026-05-10 09:29:07.097653,110,45.709055958778734,65.71289324563455,45.892639467849136,34.97573789584542,0.3424697167793066,18.334763651639353,64.55192349190614,3.2848097332562647,1012.2256266501935,9,6,5,1,83.0,77.0,65.0,126.0,93.33333333333333,83.66666666666667,0.32530120481927716
Karachi,2026-05-10 10:29:07.097653,104,39.971004557416386,87.28631940321992,34.259357504893,65.45519232087463,2.423855148059545,16.08647873882133,86.09332177575129,1.995784350340605,1008.9096984842686,10,6,5,1,110.0,87.0,82.0,109.0,99.0,87.33333333333333,-0.054545454545454564
Karachi,2026-05-10 11:29:07.097653,115,47.95861015525577,67.097055764115,49.49690026321879,63.069044454779146,0.6283761733753737,18.245535704953284,64.02656715792041,3.620351654365676,1010.6324365627324,11,6,5,1,104.0,83.0,63.0,148.0,109.66666666666667,96.0,0.10576923076923084
Karachi,2026-05-10 12:29:07.097653,96,38.05638353268862,62.093565289781694,47.940300151576835,73.74287551608236,2.10276377994519,21.563868606410324,40.69903959197559,5.228468693485208,1011.7133335842734,12,6,5,1,115.0,110.0,77.0,118.0,105.0,99.16666666666667,-0.16521739130434787
Karachi,2026-05-10 13:29:07.097653,102,43.255388163157285,56.25462161338148,16.825262254851573,11.038111370219552,0.9070296167498269,23.842443709681127,61.941836904206546,4.354060939601613,1016.5186417451415,13,6,5,1,96.0,104.0,87.0,82.0,104.33333333333333,101.66666666666667,0.0625
Karachi,2026-05-10 14:29:07.097653,116,44.24193286679,72.45175008889467,44.359955280676935,66.63722517761323,1.0715451203476003,26.396850268768745,81.03240900246911,4.762026694330404,1015.9254874129322,14,6,5,1,102.0,115.0,83.0,117.0,104.66666666666667,107.16666666666667,0.13725490196078427
Karachi,2026-05-10 15:29:07.097653,95,37.33543758979027,55.466554292087004,49.002992437325425,75.69234371872682,0.7768669649083669,27.990947723280247,79.00304616090841,5.1718368230134395,1012.4275428575062,15,6,5,1,116.0,96.0,110.0,106.0,104.33333333333333,104.66666666666667,-0.18103448275862066
Karachi,2026-05-10 16:29:07.097653,120,43.41199414464037,69.25852679926281,24.035898243031728,65.2510314375705,1.5881308934583753,29.013969832511876,65.66950367640905,3.5656563202374056,1015.2457505775238,16,6,5,1,95.0,102.0,104.0,114.0,110.33333333333333,107.33333333333333,0.26315789473684204
Karachi,2026-05-10 17:29:07.097653,81,32.53297337751146,63.61320539891655,14.4935012096251,19.11361219092567,1.065810204517323,29.38445736708812,52.488450642965766,2.682717947913798,1013.6864963617901,17,6,5,1,120.0,116.0,115.0,97.0,98.66666666666667,101.66666666666667,-0.32499999999999996
Karachi,2026-05-10 18:29:07.097653,83,29.293104036367094,59.439642237241685,5.14476855687735,15.689537338862142,1.7462646868882592,32.730479752803966,63.254433145727255,1.4554938582336088,1011.4084185507807,18,6,5,1,81.0,95.0,96.0,77.0,94.66666666666667,99.5,0.024691358024691468
Karachi,2026-05-10 19:29:07.097653,86,28.91948419919833,52.82854785420628,29.79970092012315,11.459166786539058,0.33442409947254514,36.43738132527386,68.18511097090959,2.217643672728558,1015.2587434349529,19,6,5,1,83.0,120.0,102.0,53.0,83.33333333333333,96.83333333333333,0.03614457831325302
Karachi,2026-05-10 20:29:07.097653,43,18.783111341678758,7.80101291605099,24.383800234636286,54.01216580796497,0.44162474373308713,35.03985721085551,89.99357191370669,1.9526289346462111,1014.8349915446638,20,6,5,1,86.0,81.0,116.0,61.0,70.66666666666667,84.66666666666667,-0.5
Karachi,2026-05-10 21:29:07.097653,32,14.013564633165084,16.536724844794612,35.520040860397486,54.07708563019211,0.519254536008747,33.79681450958495,72.20890450846886,4.4633446532418235,1014.190944421936,21,6,5,1,43.0,83.0,95.0,46.0,53.666666666666664,74.16666666666667,-0.2558139534883721
Karachi,2026-05-10 22:29:07.097653,31,16.368125941909035,40.304856415989924,15.342260092383217,79.08395999527485,1.2217861076825085,33.98733707792101,74.71324650313068,3.693565109188392,1014.1795552104325,22,6,5,1,32.0,86.0,120.0,45.0,35.333333333333336,59.333333333333336,-0.03125
Karachi,2026-05-10 23:29:07.097653,69,25.828766857218774,40.13129872452374,52.281605121656135,37.8630221872867,2.0925515798519476,29.914726191690676,64.5727071784026,4.393515725428603,1014.8298199232697,23,6,5,1,31.0,43.0,81.0,59.0,44.0,57.333333333333336,1.225806451612903
Karachi,2026-05-11 00:29:07.097653,41,18.729115358829098,33.85901726339724,19.176536859546033,33.23343994282477,2.253991402832442,27.983469707833354,57.7244775391265,0.6793262877996971,1011.8454551264253,0,0,5,0,69.0,32.0,83.0,75.0,47.0,50.333333333333336,-0.4057971014492754
Karachi,2026-05-11 01:29:07.097653,89,38.512073659909014,65.17266791343185,17.453628279820748,53.709744902907474,0.8385836281339818,25.574982152088204,80.64764918236031,5.863498968482158,1016.690758150677,1,0,5,0,41.0,31.0,86.0,56.0,66.33333333333333,50.833333333333336,1.1707317073170733
Karachi,2026-05-11 02:29:07.097653,45,20.44607860180038,29.085025670811408,31.439273106639575,67.79260707553158,1.563613393325831,24.749426754461123,64.74661621696181,2.1460392569864752,1009.6230784549646,2,0,5,0,89.0,69.0,43.0,36.0,58.333333333333336,51.166666666666664,-0.4943820224719101
Karachi,2026-05-11 03:29:07.097653,61,20.493758030932945,30.19846661247026,32.436806305935086,75.57417646661013,1.9904029839237214,22.08543584576167,89.73450649822625,0.7999667158506747,1016.8388546323915,3,0,5,0,45.0,41.0,32.0,65.0,65.0,56.0,0.3555555555555556
Karachi,2026-05-11 04:29:07.097653,88,35.999477126763196,33.396490918847775,16.829687583180107,66.21869163253271,0.9354247458231391,23.41654948130428,62.8560287134022,2.1215644703563745,1011.4228184303199,4,0,5,0,61.0,89.0,31.0,82.0,64.66666666666667,65.5,0.4426229508196722
Karachi,2026-05-11 05:29:07.097653,102,42.7514302679978,66.86939885045837,19.95233996992537,39.86717864310633,1.1998170208198011,18.392498915143243,43.40001418237887,7.967531985175016,1009.2503161560862,5,0,5,0,88.0,45.0,69.0,63.0,83.66666666666667,71.0,0.15909090909090917
Karachi,2026-05-11 06:29:07.097653,110,44.404913794358094,60.03548416713919,14.333788153538471,54.44399647184449,1.4527432459085707,16.466353337274658,74.12890685450414,2.224566267016865,1014.0002740267913,6,0,5,0,102.0,61.0,41.0,77.0,100.0,82.5,0.07843137254901955
Karachi,2026-05-11 07:29:07.097653,105,31.923637632933684,64.94324250228519,44.51530980777417,69.94095287012819,0.5967246620977049,21.15774774734872,42.332072546290554,2.349807057058149,1011.759866690704,7,0,5,0,110.0,88.0,89.0,87.0,105.66666666666667,85.16666666666667,-0.045454545454545414
Karachi,2026-05-11 08:29:07.097653,110,44.946823274736175,56.218000015588245,47.3548967189745,44.34267818182176,0.3571610461967167,16.097249537837314,52.525079844235165,2.615790638740648,1016.1549972710352,8,0,5,0,105.0,102.0,45.0,83.0,108.33333333333333,96.0,0.04761904761904767
Karachi,2026-05-11 09:29:07.097653,110,55.103098266431886,63.93876428040688,30.428067360260545,25.16806505937749,0.6361727805002231,17.579650304188156,57.68691263899517,2.7027592331370895,1012.3078546852877,9,0,5,0,110.0,110.0,61.0,110.0,108.33333333333333,104.16666666666667,0.0
Karachi,2026-05-11 10:29:07.097653,117,45.26227495862818,70.86345939282806,44.27478624767596,21.880640782351108,1.6790779667577735,18.974442419211318,76.97417928106638,1.4370478683974914,1014.6856252556211,10,0,5,0,110.0,105.0,88.0,104.0,112.33333333333333,109.0,0.06363636363636371
Karachi,2026-05-11 11:29:07.097653,100,36.64361012822102,62.574742074600806,45.4764465565595,10.011042120463971,0.46196017537409967,17.06975951266599,64.71179632038064,3.286426166412261,1011.0825798950483,11,0,5,0,117.0,110.0,102.0,115.0,109.0,108.66666666666667,-0.14529914529914534
Karachi,2026-05-11 12:29:07.097653,97,40.95754949802315,49.71763255037992,12.605154022279473,60.2766596486899,0.7173320026702823,23.47096753900614,41.43229656551283,5.151189816396661,1010.0945237502534,12,0,5,0,100.0,110.0,110.0,96.0,104.66666666666667,106.5,-0.030000000000000027
Karachi,2026-05-11 13:29:07.097653,108,45.13275422333597,74.93158234659548,58.13979136589952,17.776804619219334,1.0432785485296683,24.20368572000229,70.84249256379611,3.6285786309574144,1011.8804903094882,13,0,5,0,97.0,117.0,105.0,102.0,101.66666666666667,107.0,0.11340206185567014
Karachi,2026-05-11 14:29:07.097653,103,47.334872937345764,57.28163738753977,50.15675709030371,27.06873697871583,0.47131414147400597,28.116768023761562,60.57181187133312,0.7776694022000288,1014.0680783460243,14,0,5,0,108.0,100.0,110.0,116.0,102.66666666666667,105.83333333333333,-0.04629629629629628
Karachi,2026-05-11 15:29:07.097653,94,31.47657229873048,43.25311393378641,16.24659036577029,30.851343206595534,0.7217383965555958,25.712108486383965,86.09172549835536,2.311308190132583,1014.5694673921136,15,0,5,0,103.0,97.0,110.0,95.0,101.66666666666667,103.16666666666667,-0.08737864077669899
Karachi,2026-05-11 16:29:07.097653,105,45.83522594761525,62.395299667402725,15.239076966033863,49.226590209573786,2.304793535763724,29.19825158495232,64.97811555701176,1.8969451997967406,1013.7820666529802,16,0,5,0,94.0,108.0,117.0,120.0,100.66666666666667,101.16666666666667,0.11702127659574457
Karachi,2026-05-11 17:29:07.097653,102,43.78977009891063,61.53149216119165,11.91136300687705,37.857009410703846,0.34245809089936646,30.73556575948077,75.44875729696695,3.105878936469602,1017.880557186241,17,0,5,0,105.0,103.0,100.0,81.0,100.33333333333333,101.5,-0.02857142857142858
Karachi,2026-05-11 18:29:07.097653,81,31.81970863304836,50.0803774420007,12.61082093980551,57.227179441621324,1.7375502331835968,32.45598021897555,50.943424616477344,5.660903343124634,1014.9109018649516,18,0,5,0,102.0,94.0,97.0,83.0,96.0,98.83333333333333,-0.20588235294117652
Karachi,2026-05-11 19:29:07.097653,94,39.452788534709775,67.53608714713262,46.14889894657829,13.894706153009189,1.145699648013407,29.818177113158228,78.04867822658267,2.702234407958234,1017.3151962759691,19,0,5,0,81.0,105.0,108.0,86.0,92.33333333333333,96.5,0.16049382716049387
Karachi,2026-05-11 20:29:07.097653,47,24.297152723190763,26.833207278911583,30.830984132339296,18.675743598510763,1.7798272267512167,33.22167275738445,76.04776552418362,2.8236902622592184,1009.1793319489517,20,0,5,0,94.0,102.0,103.0,43.0,74.0,87.16666666666667,-0.5
Karachi,2026-05-11 21:29:07.097653,55,26.714338770225382,32.57218581017452,48.061379500692695,44.94480524732867,1.59512178479949,29.87447878746506,85.20408542706541,6.555289637638859,1008.6137292981348,21,0,5,0,47.0,81.0,94.0,32.0,65.33333333333333,80.66666666666667,0.17021276595744683
Karachi,2026-05-11 22:29:07.097653,43,11.591664670601265,17.134666796590118,46.0440191892613,33.58753514927808,0.7916972595802174,32.64487137266936,41.69108208595996,4.75241198334332,1011.1099470201195,22,0,5,0,55.0,94.0,105.0,31.0,48.333333333333336,70.33333333333333,-0.21818181818181814
Karachi,2026-05-11 23:29:07.097653,23,13.310461315870242,20.378933596242405,38.253699242787185,30.70693539259518,2.1638608726614548,26.39955600045534,62.37503488087256,4.14816256421307,1009.3658893837643,23,0,5,0,43.0,47.0,102.0,69.0,40.333333333333336,57.166666666666664,-0.4651162790697675
Karachi,2026-05-12 00:29:07.097653,48,19.180472859781215,30.730346340040533,42.750163361827376,14.69196553262659,1.3822688417405848,25.296826331418824,73.95777013698151,6.916263230603551,1013.2586852822827,0,1,5,0,23.0,55.0,81.0,41.0,38.0,51.666666666666664,1.0869565217391304
Karachi,2026-05-12 01:29:07.097653,49,20.042775524309057,26.15738573299392,6.009564840852798,72.7003422323601,2.1095792416096377,28.707649793700163,44.75819500401075,3.979622509588026,1013.1898125352328,1,1,5,0,48.0,43.0,94.0,89.0,40.0,44.166666666666664,0.02083333333333326
Karachi,2026-05-12 02:29:07.097653,76,31.054378569047998,30.795192873335573,22.14777057427621,58.427301028753554,1.1932275796140823,23.906323089610435,60.53020335744562,0.9730542839550447,1013.7504716644395,2,1,5,0,49.0,23.0,47.0,45.0,57.666666666666664,49.0,0.5510204081632653
Karachi,2026-05-12 03:29:07.097653,68,26.548373789098793,52.504680660075834,40.08021985926756,18.513270977375456,2.4663082186135257,20.95373149191535,87.10733015330976,4.665331515760721,1015.4522788083108,3,1,5,0,76.0,48.0,55.0,61.0,64.33333333333333,51.166666666666664,-0.10526315789473684
Karachi,2026-05-12 04:29:07.097653,49,25.813416539560095,19.960878865388693,5.513972441743431,14.553217041599844,1.995076588702852,23.541691242151096,61.79672454455641,0.18401691423730027,1017.7132970021232,4,1,5,0,68.0,49.0,43.0,88.0,64.33333333333333,52.166666666666664,-0.27941176470588236
Karachi,2026-05-12 05:29:07.097653,100,39.600137057528826,55.29786621020467,6.813731902542637,78.24107734018702,2.4250904512476614,19.99839818516445,89.27023917403157,3.9040107371648953,1016.7825869143915,5,1,5,0,49.0,76.0,23.0,102.0,72.33333333333333,65.0,1.0408163265306123
Karachi,2026-05-12 06:29:07.097653,98,33.72847153123627,61.856059348336196,51.853839035871076,57.68207853076534,1.4315182536016895,19.815977160792055,42.84195305399098,0.4274871482584799,1009.1836723957558,6,1,5,0,100.0,68.0,48.0,110.0,82.33333333333333,73.33333333333333,-0.020000000000000018
Karachi,2026-05-12 07:29:07.097653,96,36.630765482193304,48.325158714129415,42.62136739306395,39.22192497656191,1.3421204910395412,16.940109245045793,75.89148880704457,2.066289179200161,1011.3851368877066,7,1,5,0,98.0,49.0,49.0,105.0,98.0,81.16666666666667,-0.020408163265306145
Karachi,2026-05-12 08:29:07.097653,91,37.53456899095339,43.013564884326364,19.59533532161892,59.12117285290494,1.9619983805155674,22.359257387800007,69.05081181241347,2.2724309407802576,1010.5582302504804,8,1,5,0,96.0,100.0,76.0,110.0,95.0,83.66666666666667,-0.05208333333333337
Karachi,2026-05-12 09:29:07.097653,86,40.87471987538295,35.10138826924122,42.83795620652899,62.94322505361114,2.2366407786295466,16.063565668567865,65.02698385660628,1.4597617855364935,1009.7681735777979,9,1,5,0,91.0,98.0,68.0,110.0,91.0,86.66666666666667,-0.05494505494505497
Karachi,2026-05-12 10:29:07.097653,100,43.17453761373111,66.00657190672551,48.58511680265948,64.59735416721455,2.421120750904228,21.56078786844427,88.54237007425047,2.3022960056176,1013.4472487665579,10,1,5,0,86.0,96.0,49.0,117.0,92.33333333333333,95.16666666666667,0.16279069767441867
Karachi,2026-05-12 11:29:07.097653,125,45.870925239958716,70.82391249273033,21.87368557105557,43.45141139571403,1.0140141932714994,19.220413670307796,46.48252002455643,5.065123440721105,1013.5326440203273,11,1,5,0,100.0,91.0,100.0,100.0,103.66666666666667,99.33333333333333,0.25
Karachi,2026-05-12 12:29:07.097653,138,67.73346741900211,106.37943749319813,6.98205576245531,40.09179306873936,2.0571500624538057,17.690979210174508,84.79994758404567,1.5720941756808933,1010.2724482788806,12,1,5,0,125.0,86.0,98.0,97.0,121.0,106.0,0.10400000000000009
Karachi,2026-05-12 13:29:07.097653,132,54.17444763999186,71.32101610260594,56.302851857825395,10.771965898823023,0.7634203147981807,23.895145130676053,74.5620205568305,4.090281759021082,1015.1189725030669,13,1,5,0,138.0,100.0,96.0,108.0,131.66666666666666,112.0,-0.04347826086956519
Karachi,2026-05-12 14:29:07.097653,98,45.8361620046907,51.81720428461206,23.984891106259678,74.85899805992867,1.5002635628399796,25.629525122910326,52.94980366498164,1.0687007207853996,1015.3291429916951,14,1,5,0,132.0,125.0,91.0,103.0,122.66666666666667,113.16666666666667,-0.25757575757575757
Karachi,2026-05-12 15:29:07.097653,84,33.00900460661836,46.128221399473546,10.85649698065885,52.231551487226014,0.6956659265002382,24.967908732341705,85.08345728161467,2.6210008472157416,1008.2097999483393,15,1,5,0,98.0,138.0,86.0,94.0,104.66666666666667,112.83333333333333,-0.1428571428571429
Karachi,2026-05-12 16:29:07.097653,97,41.512113704994476,60.213053463308746,32.0521279266231,24.220775603297767,1.0642741958507456,27.15556144573057,61.46474589305066,3.6476785326549006,1011.9575770372231,16,1,5,0,84.0,132.0,100.0,105.0,93.0,112.33333333333333,0.15476190476190466
Karachi,2026-05-12 17:29:07.097653,61,28.692534870445165,32.981161811497216,47.26572876152736,74.37223935950057,2.3489884078542103,30.607458963322394,80.71136640365354,1.0069431667628805,1016.9014064120162,17,1,5,0,97.0,98.0,125.0,102.0,80.66666666666667,101.66666666666667,-0.3711340206185567
Karachi,2026-05-12 18:29:07.097653,84,40.02997984387997,55.80716713968313,17.190602303965754,74.04523312392075,0.6213995395007894,32.62769886077147,59.44182585237,0.3765591341786201,1013.2031860824384,18,1,5,0,61.0,84.0,138.0,81.0,80.66666666666667,92.66666666666667,0.3770491803278688
Karachi,2026-05-12 19:29:07.097653,70,33.29539746786887,34.184126791557375,19.821952757334984,79.24289150562672,1.6912819692974324,27.78608004455375,82.54654137166204,3.9837563011577766,1011.4762780143899,19,1,5,0,84.0,97.0,132.0,94.0,71.66666666666667,82.33333333333333,-0.16666666666666663
Karachi,2026-05-12 20:29:07.097653,58,27.564765989155443,23.752937735477175,18.349324273922072,71.18395941972852,1.6044994004402875,35.10624290504761,71.83145592225243,5.246160798681277,1010.5367615159513,20,1,5,0,70.0,61.0,98.0,47.0,70.66666666666667,75.66666666666667,-0.17142857142857137
Karachi,2026-05-12 21:29:07.097653,34,12.37106656619012,6.534032417968135,59.5420179057423,79.84490714740453,0.5656243759597703,31.738410662682593,47.05233167918636,2.841869961025256,1010.4335451991828,21,1,5,0,58.0,84.0,84.0,55.0,54.0,67.33333333333333,-0.4137931034482759
Karachi,2026-05-12 22:29:07.097653,61,21.830565584224733,19.245350347509984,15.85720535517984,27.12803316862908,1.0171538962913869,29.264708261479157,72.48315817347637,2.0853741868865914,1008.9976803385081,22,1,5,0,34.0,70.0,97.0,43.0,51.0,61.333333333333336,0.7941176470588236
Karachi,2026-05-12 23:29:07.097653,43,18.875722598180698,21.67447541403911,36.653611933136816,68.95747096394638,1.5385593099335848,32.53898735239624,49.56723813509363,3.3113507753767735,1016.172264190931,23,1,5,0,61.0,58.0,61.0,23.0,46.0,58.333333333333336,-0.29508196721311475
Karachi,2026-05-13 00:29:07.097653,32,17.646139347443622,17.062905979461632,55.889555291133036,67.61198161570351,0.7117929397746786,28.952764041163086,60.59613139470814,3.110959837530761,1008.8665740539417,0,2,5,0,43.0,34.0,84.0,48.0,45.333333333333336,49.666666666666664,-0.2558139534883721
Karachi,2026-05-13 01:29:07.097653,20,6.886396496116965,6.9485037801345335,13.079311288277859,26.16582514545136,2.061372044108194,29.502883914384675,48.51477921260169,3.485805081422503,1010.9229476586181,1,2,5,0,32.0,61.0,70.0,49.0,31.666666666666668,41.333333333333336,-0.375
Karachi,2026-05-13 02:29:07.097653,53,26.768465552854853,42.11115496392167,58.39698088272351,16.890628430069356,2.4387443209764497,25.875904525959513,41.10080578335593,2.0564902006274286,1008.4567573856635,2,2,5,0,20.0,43.0,58.0,76.0,35.0,40.5,1.65
Karachi,2026-05-13 03:29:07.097653,85,41.41131193321079,61.04658398553492,57.111247891759355,78.55943595743197,0.7724706799174386,22.92641863328374,50.594326972497875,0.8617914176680737,1015.813865697237,3,2,5,0,53.0,32.0,34.0,68.0,52.666666666666664,49.0,0.6037735849056605
Karachi,2026-05-13 04:29:07.097653,89,31.38595069192013,51.272909031374816,53.65145928820444,30.721718606442725,0.7112063225392671,20.69454011003969,66.81860118620628,1.3095397891262923,1008.3928368222679,4,2,5,0,85.0,20.0,61.0,49.0,75.66666666666667,53.666666666666664,0.04705882352941182
Karachi,2026-05-13 05:29:07.097653,65,21.966990400270724,24.87602197334248,16.800608673150123,70.96242533274642,1.3008571579543784,20.308571271619897,64.0780483888673,3.301735257023125,1011.0830110386821,5,2,5,0,89.0,53.0,43.0,100.0,79.66666666666667,57.333333333333336,-0.2696629213483146
Karachi,2026-05-13 06:29:07.097653,70,27.684852343302637,38.04645059230356,39.87302808060409,10.288900827222273,1.9450836097080708,17.24473425210583,65.07485477680319,3.3717557672445326,1013.7329737008666,6,2,5,0,65.0,85.0,32.0,98.0,74.66666666666667,63.666666666666664,0.07692307692307687
Karachi,2026-05-13 07:29:07.097653,94,39.456537418626375,52.07913996518409,46.84903101286821,11.471736505372155,0.919521342517553,15.567448212194456,52.38434392233007,4.272360977368072,1012.0956136029345,7,2,5,0,70.0,89.0,20.0,96.0,76.33333333333333,76.0,0.34285714285714275
Karachi,2026-05-13 08:29:07.097653,80,29.386852296035,42.75745134908091,59.23153605080363,42.610991608745785,0.34373579913401686,18.219818245309288,74.25806003070932,3.5151634984208737,1010.822710672491,8,2,5,0,94.0,65.0,53.0,91.0,81.33333333333333,80.5,-0.14893617021276595
Karachi,2026-05-13 09:29:07.097653,105,49.05704616749109,57.862297928547086,14.923310214475373,26.71002787545445,1.4906853816723669,16.983617706798597,75.21316434101729,0.3985298592253286,1010.7518907242754,9,2,5,0,80.0,70.0,85.0,86.0,93.0,83.83333333333333,0.3125
Karachi,2026-05-13 10:29:07.097653,117,49.10912082331367,65.25547660778365,47.1314244735613,58.2888898405175,2.4045212490880767,18.138932065862505,57.89839127798328,5.89400923517012,1015.9779030600625,10,2,5,0,105.0,94.0,89.0,100.0,100.66666666666667,88.5,0.11428571428571432
Karachi,2026-05-13 11:29:07.097653,127,51.14994449997837,73.3367309609799,23.634064345991213,49.5895027897568,1.1608090818952803,21.521905422816836,84.05850442370871,5.5438366068447325,1017.7397809508725,11,2,5,0,117.0,80.0,65.0,125.0,116.33333333333333,98.83333333333333,0.08547008547008539
Karachi,2026-05-13 12:29:07.097653,108,36.21952792177765,60.01428452115597,14.659455606240128,15.4240058215344,1.224296019202821,20.77224678452852,72.2011608317774,0.48360541994614836,1011.4804107044879,12,2,5,0,127.0,105.0,70.0,138.0,117.33333333333333,105.16666666666667,-0.14960629921259838
Karachi,2026-05-13 13:29:07.097653,105,35.78998833226949,65.22018119061528,28.17573176676202,21.383980742100196,2.4315837776508835,22.959515490263414,75.65196376293159,3.6654105887483657,1008.3914551360901,13,2,5,0,108.0,117.0,94.0,132.0,113.33333333333333,107.0,-0.02777777777777779
Karachi,2026-05-13 14:29:07.097653,92,38.529455576282935,58.56956371454973,48.6609751681739,37.163448904088995,1.8281367455788025,23.800700977098135,53.866995896946975,1.8091512295139685,1008.3656577790911,14,2,5,0,105.0,127.0,80.0,98.0,101.66666666666667,109.0,-0.12380952380952381
Karachi,2026-05-13 15:29:07.097653,88,24.86102111922523,46.000838177539194,30.566739203722868,22.99228447688032,1.8821782302526755,27.932032228783868,40.03058175777935,3.2777279784010966,1015.5921341521072,15,2,5,0,92.0,108.0,105.0,84.0,95.0,106.16666666666667,-0.04347826086956519
Karachi,2026-05-13 16:29:07.097653,91,41.7043136968112,65.13021258094253,34.56377051116767,65.45556430707501,1.537944411816349,29.699655825360175,83.26878060510548,5.106620559283741,1013.5236982160912,16,2,5,0,88.0,105.0,117.0,97.0,90.33333333333333,101.83333333333333,0.03409090909090917
Karachi,2026-05-13 17:29:07.097653,93,36.51925236026572,48.12453395846607,59.733767561006665,39.1249164887296,2.4441402638991314,32.458404513073496,81.12121922899043,7.260208532641918,1015.8359265741733,17,2,5,0,91.0,92.0,127.0,61.0,90.66666666666667,96.16666666666667,0.0219780219780219
Karachi,2026-05-13 18:29:07.097653,93,53.69697260537316,43.27985672557655,26.951011475658433,16.54023067897495,1.8155062657362235,30.769945556261753,46.15959440214151,4.50255541028522,1014.9749701028858,18,2,5,0,93.0,88.0,108.0,84.0,92.33333333333333,93.66666666666667,0.0
Karachi,2026-05-13 19:29:07.097653,60,35.61467900776823,39.158871202951936,38.84704150900819,43.90400315904874,2.269072053531373,31.81177267113218,58.705256747815326,3.589869470220272,1017.075063492654,19,2,5,0,93.0,91.0,105.0,70.0,82.0,86.16666666666667,-0.3548387096774194
Karachi,2026-05-13 20:29:07.097653,87,34.048886067519554,45.894932045320985,25.088431088845454,16.358672674298994,1.8386335046130868,34.58427479829094,73.06696541942912,2.3203576633834055,1016.8582429104663,20,2,5,0,60.0,93.0,92.0,58.0,80.0,85.33333333333333,0.44999999999999996
Karachi,2026-05-13 21:29:07.097653,54,21.35629200684945,35.402297295318135,26.60321054807877,19.0256113793872,1.9172548146488713,33.23183261703828,72.60554286093641,3.364269742022353,1015.8832739562117,21,2,5,0,87.0,93.0,88.0,34.0,67.0,79.66666666666667,-0.3793103448275862
Karachi,2026-05-13 22:29:07.097653,53,26.457398958506275,12.989888273939943,43.26024143949745,26.77268824197437,0.9389040287129424,30.11576697789012,83.01751674042782,5.719543786656628,1012.7518916004215,22,2,5,0,54.0,60.0,91.0,61.0,64.66666666666667,73.33333333333333,-0.01851851851851849
Karachi,2026-05-13 23:29:07.097653,39,24.44148305923443,35.0280775463309,56.58378368521859,70.16693936732429,0.9676531356304019,33.26996238496138,47.01340808177143,2.910582486480829,1011.0812640760386,23,2,5,0,53.0,87.0,93.0,43.0,48.666666666666664,64.33333333333333,-0.26415094339622647
Karachi,2026-05-14 00:29:07.097653,20,0.0,17.378347264323217,34.82974227707768,74.72287726330804,2.022566229067264,25.603098863199495,61.496987389255935,1.2277746973046995,1013.0702678744464,0,3,5,0,39.0,54.0,93.0,32.0,37.333333333333336,52.166666666666664,-0.4871794871794872
Karachi,2026-05-14 01:29:07.097653,64,16.781285135924044,26.565931300742204,47.26199609218289,67.83804105324484,0.9527538361737791,28.63912186734767,44.86122089632124,0.23937973103325305,1013.0207160731983,1,3,5,0,20.0,53.0,60.0,20.0,41.0,52.833333333333336,2.2
Karachi,2026-05-14 02:29:07.097653,65,22.918584509369428,27.212920814941715,9.90636073493301,33.38540521924931,1.5380941557633698,22.469575928003607,59.47976242193141,4.026095734820501,1014.1027554888934,2,3,5,0,64.0,39.0,87.0,53.0,49.666666666666664,49.166666666666664,0.015625
Karachi,2026-05-14 03:29:07.097653,54,24.74044119892147,46.11825715735844,16.613692058755984,29.071250877618215,0.8485750839947444,26.701024672150886,40.75537227938522,3.4945762512554785,1009.8609756778291,3,3,5,0,65.0,20.0,54.0,85.0,61.0,49.166666666666664,-0.16923076923076918
Karachi,2026-05-14 04:29:07.097653,66,28.886312255887223,33.70387722704018,32.617240250574284,48.44089835531674,2.097363437779953,17.910800546188753,84.91365325550635,1.7081836534754067,1014.5561988044499,4,3,5,0,54.0,64.0,53.0,89.0,61.666666666666664,51.333333333333336,0.22222222222222232
Karachi,2026-05-14 05:29:07.097653,79,37.338664039913596,41.31123135763053,6.100644799582613,60.529721237317865,0.543102972700918,21.647647054253117,66.35219984143406,5.052028251414596,1012.5660092420582,5,3,5,0,66.0,65.0,39.0,65.0,66.33333333333333,58.0,0.19696969696969702
Karachi,2026-05-14 06:29:07.097653,56,16.626237216854207,15.808670534826856,18.907023831940734,79.53609517121224,2.124782607475662,17.908528049702003,82.49011304011768,2.156446271224739,1014.2020483194086,6,3,5,0,79.0,54.0,20.0,70.0,67.0,64.0,-0.2911392405063291
Karachi,2026-05-14 07:29:07.097653,79,20.350793162308097,45.09104307091628,33.45707094037314,19.209949831524835,1.6260055611167241,16.539388250009967,42.99523505016819,2.73071181635041,1010.3960482291955,7,3,5,0,56.0,66.0,64.0,94.0,71.33333333333333,66.5,0.4107142857142858
Karachi,2026-05-14 08:29:07.097653,106,47.055659054241694,62.32662519791042,5.822865904096539,13.45043993166631,0.71120097661957,17.370793312935522,51.37290552364603,2.966671733404113,1012.3439489387736,8,3,5,0,79.0,79.0,65.0,80.0,80.33333333333333,73.33333333333333,0.3417721518987342
Karachi,2026-05-14 09:29:07.097653,82,28.818563470396903,55.16326202699049,19.550045742432296,58.60491222966897,1.4924778481134602,18.53639406800308,52.96899976105903,2.298094515723824,1010.1020121445252,9,3,5,0,106.0,56.0,54.0,105.0,89.0,78.0,-0.2264150943396226
Karachi,2026-05-14 10:29:07.097653,110,34.06121311646986,55.03785123214375,33.27169507117282,68.25580484527339,0.921497441064149,16.262995765062755,59.3345747319394,3.471730131499142,1016.753051567568,10,3,5,0,82.0,79.0,66.0,117.0,99.33333333333333,85.33333333333333,0.3414634146341464
Karachi,2026-05-14 11:29:07.097653,88,36.17693781752531,41.01513429366771,36.52320863896851,69.24441459064963,1.0116281364070925,17.711570300170475,80.1433186198773,5.303030291866002,1012.8796104504154,11,3,5,0,110.0,106.0,79.0,127.0,93.33333333333333,86.83333333333333,-0.19999999999999996
Karachi,2026-05-14 12:29:07.097653,116,50.76445833569455,73.80557092011355,55.9163431180418,57.49244843540124,1.0733616915131368,22.299209730225773,59.32789368657463,0.7150362037631544,1010.2498141557381,12,3,5,0,88.0,82.0,56.0,108.0,104.66666666666667,96.83333333333333,0.3181818181818181
Karachi,2026-05-14 13:29:07.097653,108,42.766975361077535,73.1197321023424,40.49400927878343,76.7811062883431,0.43930234333910606,19.514761731880633,50.23267648231635,3.9770402769480175,1008.4120869574155,13,3,5,0,116.0,110.0,79.0,105.0,104.0,101.66666666666667,-0.06896551724137934
Karachi,2026-05-14 14:29:07.097653,81,30.412272019067764,36.48305211602725,27.810469139149657,45.770333448121086,2.469115705683118,23.83154181361583,43.24951301693842,3.344317339212882,1014.7573866465355,14,3,5,0,108.0,88.0,106.0,92.0,101.66666666666667,97.5,-0.25
Karachi,2026-05-14 15:29:07.097653,118,46.67690634025207,79.86268894187032,56.16931474231873,73.96703588353488,0.36937618188869303,33.15192626913905,43.974587417634375,3.3075276590894127,1010.1464471398975,15,3,5,0,81.0,116.0,82.0,88.0,102.33333333333333,103.5,0.45679012345679015
Karachi,2026-05-14 16:29:07.097653,83,31.73953672720779,50.68901054071213,48.168564086328686,77.74684958940661,1.7574931210054128,27.063974070821438,78.00236029804887,4.743689139748182,1017.8958219231878,16,3,5,0,118.0,108.0,110.0,91.0,94.0,99.0,-0.2966101694915254
Karachi,2026-05-14 17:29:07.097653,75,23.504078359443128,54.10091359131311,16.00049066120112,69.30102199021755,1.1167008250663473,32.952459833011886,62.24014955183165,3.0985948504343175,1013.3370037341517,17,3,5,0,83.0,81.0,88.0,93.0,92.0,96.83333333333333,-0.09638554216867468
Karachi,2026-05-14 18:29:07.097653,83,29.6300117984335,49.243359882937554,12.196329874185087,31.683099428103443,1.7212226400827377,30.756301692847885,76.30905610000076,3.960458523811406,1010.8897699624803,18,3,5,0,75.0,118.0,116.0,93.0,80.33333333333333,91.33333333333333,0.10666666666666669
Karachi,2026-05-14 19:29:07.097653,89,38.39239508041112,33.50076999310946,42.169639965850315,23.735095581920667,1.0837461567926845,33.74549689990684,74.11435608818488,4.431729259142294,1014.5767743379263,19,3,5,0,83.0,83.0,108.0,60.0,82.33333333333333,88.16666666666667,0.07228915662650603
Karachi,2026-05-14 20:29:07.097653,49,21.513461793012127,28.641864570666122,35.79357410673411,48.36840454872729,1.7822514217694894,34.30871138119244,46.76812308801289,1.9912695992387868,1010.7521992343809,20,3,5,0,89.0,75.0,81.0,87.0,73.66666666666667,82.83333333333333,-0.449438202247191
Karachi,2026-05-14 21:29:07.097653,59,24.725096754683364,44.30834713664406,48.43204875860156,41.711032526613195,1.9043181208303939,34.98532008067844,47.14439670961336,3.598366921627597,1016.2027429390974,21,3,5,0,49.0,83.0,118.0,54.0,65.66666666666667,73.0,0.20408163265306123
Karachi,2026-05-14 22:29:07.097653,60,19.204851747303284,29.12092308218555,45.634277754327755,71.44308395349131,1.8192158088792187,31.527695576649958,77.7671007717067,2.4984247855787363,1011.0823605092994,22,3,5,0,59.0,89.0,83.0,53.0,56.0,69.16666666666667,0.016949152542372836
Karachi,2026-05-14 23:29:07.097653,61,23.66000791743171,33.747565840905445,39.38663436216333,17.002216974700758,0.550716358987935,34.634623527002084,76.06341467427086,2.734636440560209,1017.882477323959,23,3,5,0,60.0,49.0,75.0,39.0,60.0,66.83333333333333,0.016666666666666607
Karachi,2026-05-15 00:29:07.097653,52,10.17332409944908,30.1789059690872,59.25101943958907,28.0418042918063,1.7451651162403063,27.821326870829637,58.901538343715515,2.3558772070433363,1014.0514478544529,0,4,5,0,61.0,59.0,83.0,20.0,57.666666666666664,61.666666666666664,-0.14754098360655743
Karachi,2026-05-15 01:29:07.097653,45,19.099106369458195,4.113973536099014,34.34743515607248,62.6259261163096,0.9159726087990141,27.538993188019287,43.871113166642004,3.9421608081937727,1016.4441114894266,1,4,5,0,52.0,60.0,89.0,64.0,52.666666666666664,54.333333333333336,-0.13461538461538458
Karachi,2026-05-15 02:29:07.097653,41,23.786442369762256,38.334011349541434,11.22081660759459,16.64906514841185,0.3633630152525337,25.490553864435213,40.60490108492261,3.1632894180365074,1008.7281546957843,2,4,5,0,45.0,61.0,49.0,65.0,46.0,53.0,-0.0888888888888889
Karachi,2026-05-15 03:29:07.097653,60,16.660921263829152,28.836367446882125,50.555046064879356,32.453508981519015,1.2126274781556987,20.685511399281,54.407847473087244,3.789088068633349,1011.4829941738619,3,4,5,0,41.0,52.0,59.0,54.0,48.666666666666664,53.166666666666664,0.46341463414634143
Karachi,2026-05-15 04:29:07.097653,48,16.637527561497585,33.39663235191193,18.851934929013993,37.10087758377882,1.2537948261683622,20.42825549004176,40.46111367936135,2.9649652742085033,1015.3748708616615,4,4,5,0,60.0,45.0,60.0,66.0,49.666666666666664,51.166666666666664,-0.19999999999999996
Karachi,2026-05-15 05:29:07.097653,28,13.011602451352754,16.35549374751749,47.75161814791551,53.5815657593883,1.3277830933753825,19.666172748984437,51.50363105518517,0.2082420249406498,1014.5505901734058,5,4,5,0,48.0,41.0,61.0,79.0,45.333333333333336,45.666666666666664,-0.41666666666666663
Karachi,2026-05-15 06:29:07.097653,86,40.88357199708342,61.98999068829389,57.64089028000283,21.069285200355523,1.850613163859576,17.20755468346565,60.97503701056692,3.062736832199417,1009.9424312143376,6,4,5,0,28.0,60.0,52.0,56.0,54.0,51.333333333333336,2.0714285714285716
Karachi,2026-05-15 07:29:07.097653,101,38.28831450624668,64.04260536104577,43.32375326803877,70.24231432447966,0.9794563801134102,22.154441320600526,46.07078826559771,3.127075910313634,1011.5620293050971,7,4,5,0,86.0,48.0,45.0,79.0,71.66666666666667,60.666666666666664,0.17441860465116288
Karachi,2026-05-15 08:29:07.097653,59,20.361153740419486,33.85421390795565,37.78165885223906,41.327956482639195,0.9936171288286297,15.322752652800938,45.213887891577315,3.4851918743069206,1010.6344340748755,8,4,5,0,101.0,28.0,41.0,106.0,82.0,63.666666666666664,-0.4158415841584159
Karachi,2026-05-15 09:29:07.097653,86,24.582281433898533,44.49222497881417,30.321239662127233,74.19151983163896,0.4332149637307733,19.631442325968308,84.82187178593682,1.812541612628516,1014.1337016976184,9,4,5,0,59.0,86.0,60.0,82.0,82.0,68.0,0.4576271186440677
Karachi,2026-05-15 10:29:07.097653,115,46.62442105798498,75.54365122822378,25.042542629747178,42.750893954375215,1.8110066751830514,19.784716396022066,69.27350145114445,0.6090605666689761,1011.4456822945878,10,4,5,0,86.0,101.0,48.0,110.0,86.66666666666667,79.16666666666667,0.33720930232558133
Karachi,2026-05-15 11:29:07.097653,139,66.14646293445773,68.91659366897159,24.415261303450993,29.252818125851334,1.549217401079085,19.315421481499076,86.72278433813906,4.249213289788556,1011.0905424200035,11,4,5,0,115.0,59.0,28.0,88.0,113.33333333333333,97.66666666666667,0.20869565217391295
Karachi,2026-05-15 12:29:07.097653,110,45.51155455587583,71.3542667312858,40.00049881402748,19.928018008137244,1.068735247926334,19.269581892295506,57.29130818928396,2.452786886931662,1010.0737798043634,12,4,5,0,139.0,86.0,86.0,116.0,121.33333333333333,101.66666666666667,-0.2086330935251799
Karachi,2026-05-15 13:29:07.097653,98,39.11169737217545,50.042280389702036,46.32002143157602,10.262156629789937,1.8514157536181803,21.392936998396294,73.85724686645815,3.3424880953699914,1012.0902712091465,13,4,5,0,110.0,115.0,101.0,108.0,115.66666666666667,101.16666666666667,-0.10909090909090913
Karachi,2026-05-15 14:29:07.097653,103,42.905337752619154,71.96065859382946,42.31843882164279,47.251023948938496,1.48218704829913,23.96406540156698,50.234583731089515,2.437079840223409,1009.9550259019655,14,4,5,0,98.0,139.0,59.0,81.0,103.66666666666667,108.5,0.05102040816326525
Karachi,2026-05-15 15:29:07.097653,121,48.67907986938467,74.39220617499308,15.91255556564595,17.50096878488464,1.3323388809151875,23.49906979692764,70.91701586399707,2.9878763484528106,1017.6256958737763,15,4,5,0,103.0,110.0,86.0,118.0,107.33333333333333,114.33333333333333,0.17475728155339798
Karachi,2026-05-15 16:29:07.097653,85,30.059143063952146,56.33931253068005,32.16929490789202,37.42094345418248,1.4249139960544783,26.993069148401418,46.47928650049922,2.1014293041283834,1009.545018114953,16,4,5,0,121.0,98.0,115.0,83.0,103.0,109.33333333333333,-0.2975206611570248
Karachi,2026-05-15 17:29:07.097653,75,34.42707607971725,46.12192526259084,48.54020397006846,51.24902328659607,1.6999658755875244,27.691901218765096,40.10403195881429,1.0638328216923438,1017.1330471495878,17,4,5,0,85.0,103.0,139.0,75.0,93.66666666666667,98.66666666666667,-0.11764705882352944
Karachi,2026-05-15 18:29:07.097653,72,30.232346482466575,29.63629153923373,31.163724300398094,29.29801278318902,1.752005730064119,34.61995323663094,86.57659007047894,3.947463321537314,1012.2847309815659,18,4,5,0,75.0,121.0,110.0,83.0,77.33333333333333,92.33333333333333,-0.040000000000000036
Karachi,2026-05-15 19:29:07.097653,57,23.262266068885765,27.875466406663506,34.51428038545216,22.26570046562807,0.9357072021095778,33.96433139508898,67.74471880876047,1.7937598235477599,1011.7786599156173,19,4,5,0,72.0,85.0,98.0,89.0,68.0,85.5,-0.20833333333333337
Karachi,2026-05-15 20:29:07.097653,66,21.859191759577534,45.48314754484423,47.412482649395216,64.23051358265391,0.6096353994605371,34.57194819773092,86.34703313910197,3.327902961789621,1010.3131980090485,20,4,5,0,57.0,75.0,103.0,49.0,65.0,79.33333333333333,0.1578947368421053
Karachi,2026-05-15 21:29:07.097653,83,39.780329036252596,51.227430603746946,41.369591844580036,76.27538205971344,0.6445951986191413,33.905070513396446,56.6915761851036,3.8209204438041557,1014.3575633436752,21,4,5,0,66.0,72.0,121.0,59.0,68.66666666666667,73.0,0.25757575757575757
Karachi,2026-05-15 22:29:07.097653,58,26.869684519948464,44.76717543236974,27.513970648531593,17.030829250337618,1.7066599489866037,32.26213847694384,56.38930345808784,1.8263745687938366,1014.8552801501083,22,4,5,0,83.0,57.0,85.0,60.0,69.0,68.5,-0.3012048192771084
Karachi,2026-05-15 23:29:07.097653,47,16.130164884936942,31.568350111957553,54.24769911568204,20.89132270695055,2.220321228687677,33.57821491375066,60.03275008865158,0.5922287312540302,1012.6757096225242,23,4,5,0,58.0,66.0,75.0,61.0,62.666666666666664,63.833333333333336,-0.18965517241379315
Karachi,2026-05-16 00:29:07.097653,45,23.258256654916423,19.640083454138825,13.941188776491323,77.2008860076903,1.200891812360214,27.778474688536523,75.30204919790842,7.852171227706106,1008.5570689569342,0,5,5,1,47.0,83.0,72.0,52.0,50.0,59.333333333333336,-0.04255319148936165
Karachi,2026-05-16 01:29:07.097653,27,8.541891040425202,10.176104746761784,59.75340467246786,12.64489552685724,0.6729443527248172,27.283891671554255,68.2904317093087,1.9444562481091479,1017.1851015068855,1,5,5,1,45.0,58.0,57.0,45.0,39.666666666666664,54.333333333333336,-0.4
Karachi,2026-05-16 02:29:07.097653,67,22.996336354914504,41.18286985039043,11.536891816193046,78.43426355853306,1.9645254962464804,26.494117655648246,86.2677453549559,4.246834317202317,1017.8032913287639,2,5,5,1,27.0,47.0,66.0,41.0,46.333333333333336,54.5,1.4814814814814814
Karachi,2026-05-16 03:29:07.097653,57,19.24917985628318,16.059190637526083,5.82224841073314,10.325113815949214,2.131476843722787,20.287029175467573,41.27204505662197,6.878927099140248,1012.3104341521183,3,5,5,1,67.0,45.0,83.0,60.0,50.333333333333336,50.166666666666664,-0.14925373134328357
Karachi,2026-05-16 04:29:07.097653,62,16.06177775301579,50.76321586266825,53.95103956318206,71.1568058955932,2.2372813748661264,27.1931777922851,75.40979689862682,4.579815493707787,1014.1366080740933,4,5,5,1,57.0,27.0,58.0,48.0,62.0,50.833333333333336,0.08771929824561409
Karachi,2026-05-16 05:29:07.097653,120,50.41052876792995,75.61319918977883,18.472442960127587,31.512762669142468,1.6350291436102131,19.40027727606279,56.516384468327715,2.399114382344897,1012.5029862624375,5,5,5,1,62.0,67.0,47.0,28.0,79.66666666666667,63.0,0.935483870967742
Karachi,2026-05-16 06:29:07.097653,84,24.63679305850237,60.50505295168215,45.133479509569646,75.70122007241076,2.1936028306537865,18.355775670875676,49.01168259092306,2.8657672249297774,1011.2187965088613,6,5,5,1,120.0,57.0,45.0,86.0,88.66666666666667,69.5,-0.30000000000000004
Karachi,2026-05-16 07:29:07.097653,76,24.452863084330332,33.24779183451536,49.60584562126381,32.18617020449098,0.3339129085864969,19.786349453037296,65.51978112600494,1.3347855605223033,1008.7731879285781,7,5,5,1,84.0,62.0,27.0,101.0,93.33333333333333,77.66666666666667,-0.09523809523809523
Karachi,2026-05-16 08:29:07.097653,88,25.063914377374072,63.119302916992154,52.244251506766425,55.80144250738392,0.5359187638929518,18.829910666020446,65.2531892089998,4.763392853915485,1012.560677303973,8,5,5,1,76.0,120.0,67.0,59.0,82.66666666666667,81.16666666666667,0.1578947368421053
Karachi,2026-05-16 09:29:07.097653,118,46.94560716546464,88.91592473235065,59.53768296152917,15.602279883615566,0.5036673475146173,17.34874942848037,46.85055143442142,4.132541416117377,1016.1838455635946,9,5,5,1,88.0,84.0,57.0,86.0,94.0,91.33333333333333,0.34090909090909083
Karachi,2026-05-16 10:29:07.097653,107,42.320325007280495,54.04086411994123,21.17218405219995,26.96308680176173,1.8677303053604128,18.332055645920576,50.094802806644495,1.9711483634765137,1008.17031461088,10,5,5,1,118.0,76.0,62.0,115.0,104.33333333333333,98.83333333333333,-0.09322033898305082
Karachi,2026-05-16 11:29:07.097653,87,33.327960979632806,58.61337742757706,44.06338380599925,64.15755425354754,0.45307992379587386,16.33484868861166,60.408233245077746,0.9156503858031111,1013.8210768318022,11,5,5,1,107.0,88.0,120.0,139.0,104.0,93.33333333333333,-0.1869158878504673
Karachi,2026-05-16 12:29:07.097653,123,44.30248513409834,74.28193996867518,11.346992205445552,47.00800975751738,1.3920016194258755,19.88706844430005,60.44057061961577,0.35753252467261687,1016.8077210872669,12,5,5,1,87.0,118.0,84.0,110.0,105.66666666666667,99.83333333333333,0.4137931034482758
Karachi,2026-05-16 13:29:07.097653,98,33.72107663505166,47.01789731736632,27.374511024626717,74.95783432509313,1.3399551769998361,23.963868071497753,55.877906980984235,4.973028007608402,1010.1754943001436,13,5,5,1,123.0,107.0,76.0,98.0,102.66666666666667,103.5,-0.2032520325203252
Karachi,2026-05-16 14:29:07.097653,134,55.95394082045141,84.39120902889276,51.63844313219247,40.0125985838948,0.9835477518281301,25.887785678085773,47.42725757549905,3.2407462579111215,1009.8325586468907,14,5,5,1,98.0,87.0,88.0,103.0,118.33333333333333,111.16666666666667,0.36734693877551017
Karachi,2026-05-16 15:29:07.097653,117,44.21281010998403,77.11718029148848,25.22119253325096,70.88686560697462,2.2148913738726197,29.51288386082834,40.218683955048974,3.429969072665503,1015.7227662570194,15,5,5,1,134.0,123.0,118.0,121.0,116.33333333333333,111.0,-0.12686567164179108
Karachi,2026-05-16 16:29:07.097653,88,36.89786023372821,48.165090517720465,37.510245929458776,41.42688062347663,0.6749530441359912,28.758997883553352,88.51175312140103,1.3541027482752854,1010.550864311193,16,5,5,1,117.0,98.0,107.0,85.0,113.0,107.83333333333333,-0.24786324786324787
Karachi,2026-05-16 17:29:07.097653,106,38.36568328101982,73.51522222950318,32.70753940485487,78.54737950913896,1.0754181256783277,27.882281222630645,87.17496148519635,0.07299379339118772,1009.9198426756064,17,5,5,1,88.0,134.0,87.0,75.0,103.66666666666667,111.0,0.20454545454545459
Karachi,2026-05-16 18:29:07.097653,81,33.31244677701983,35.27659234043305,40.527334211162476,77.18840669792138,2.003177300050444,34.04166409182686,64.18251895880675,4.9252271494232644,1011.7798925056924,18,5,5,1,106.0,117.0,123.0,72.0,91.66666666666667,104.0,-0.23584905660377353
Karachi,2026-05-16 19:29:07.097653,85,40.52720369608338,39.058171092657446,58.50919141632322,33.03956938892562,0.36692909166522536,35.59958530267658,89.75258766375029,3.0840780739944615,1011.9250201227022,19,5,5,1,81.0,88.0,98.0,57.0,90.66666666666667,101.83333333333333,0.04938271604938271
Karachi,2026-05-16 20:29:07.097653,72,31.839225905730775,44.4553745203603,8.065453957577116,72.01465692917623,1.7804908805420112,34.79648914571246,73.68271653911216,4.814469320115241,1016.7410106301656,20,5,5,1,85.0,106.0,134.0,66.0,79.33333333333333,91.5,-0.15294117647058825
Karachi,2026-05-16 21:29:07.097653,46,16.37450960473379,27.857950267502467,36.567883462589634,69.33279619509545,2.0960749979954554,32.40013926859756,43.44287688037708,2.228133746968872,1014.1844347193368,21,5,5,1,72.0,81.0,117.0,83.0,67.66666666666667,79.66666666666667,-0.36111111111111116
Karachi,2026-05-16 22:29:07.097653,44,19.032391012461606,20.88700633363011,52.46658285876566,24.747627812929398,2.350989245443968,34.01697533402867,45.88590995413137,2.5263643139262832,1012.0596145633959,22,5,5,1,46.0,85.0,88.0,58.0,54.0,72.33333333333333,-0.04347826086956519
Karachi,2026-05-16 23:29:07.097653,66,25.385329117367085,46.35973797280231,31.47604914616351,53.70032805482888,2.227852609081267,37.51467520550881,85.80554219348188,4.426596353241264,1013.3438796428577,23,5,5,1,44.0,72.0,106.0,47.0,52.0,65.66666666666667,0.5
Karachi,2026-05-17 00:29:07.097653,44,18.030748930834395,31.234176524768728,9.318995226786505,15.08776209128704,1.0026450570341074,29.230304628880948,71.50261010748142,4.464696159301049,1017.5396523332528,0,6,5,1,66.0,46.0,81.0,45.0,51.333333333333336,59.5,-0.33333333333333337
Karachi,2026-05-17 01:29:07.097653,44,16.358944044336685,33.84561152509093,35.8296643829224,68.56975044084231,1.5900011109104957,24.447078976329916,82.15918133286755,4.595131245371908,1009.1321467660989,1,6,5,1,44.0,44.0,85.0,27.0,51.333333333333336,52.666666666666664,0.0
Karachi,2026-05-17 02:29:07.097653,39,15.055283649063664,22.830348034917787,23.264063995310124,22.21821184524476,0.4700456849310249,23.827429900895694,84.91348248169221,2.4095974937946076,1010.077155217247,2,6,5,1,44.0,66.0,72.0,67.0,42.333333333333336,47.166666666666664,-0.11363636363636365
Karachi,2026-05-17 03:29:07.097653,65,27.116779784693076,43.90511167281002,13.521798193586475,14.957029097003517,0.867314007805619,24.180399639787932,62.397100564119306,4.229094475301736,1017.6252870658656,3,6,5,1,39.0,44.0,46.0,57.0,49.333333333333336,50.333333333333336,0.6666666666666667
Karachi,2026-05-17 04:29:07.097653,95,33.40835601754912,53.99752184894835,51.69689823059102,38.01533668771678,0.5072892332445162,17.790391378203875,42.42629757883465,5.218198930953438,1017.5732484852721,4,6,5,1,65.0,44.0,44.0,62.0,66.33333333333333,58.833333333333336,0.46153846153846145
Karachi,2026-05-17 05:29:07.097653,56,17.40957983829422,50.16401048055893,33.687973214511686,50.38454970197505,0.9934120383387206,19.68195190033176,49.414017444866104,2.7904559766369315,1009.7716542126477,5,6,5,1,95.0,39.0,66.0,120.0,72.0,57.166666666666664,-0.41052631578947374
Karachi,2026-05-17 06:29:07.097653,80,25.202603970880492,41.71760894907894,56.330202680848664,69.84418709918397,2.225411869609204,18.832470070356255,43.32859736512175,1.9730232724518928,1009.451088171253,6,6,5,1,56.0,65.0,44.0,84.0,77.0,63.166666666666664,0.4285714285714286
Karachi,2026-05-17 07:29:07.097653,108,35.57779635120427,82.21110724625073,49.3309077531688,78.19697678652156,1.0637670472834437,20.34283686931276,49.43699228492537,5.685495206633531,1012.2108513433863,7,6,5,1,80.0,95.0,44.0,76.0,81.33333333333333,73.83333333333333,0.3500000000000001
Karachi,2026-05-17 08:29:07.097653,93,31.43573819142331,56.56233105550383,43.11344865755171,40.764475879890455,1.5361758266031382,19.6203897121086,60.52664632279384,1.6911085328973858,1008.4971829248797,8,6,5,1,108.0,56.0,39.0,88.0,93.66666666666667,82.83333333333333,-0.13888888888888884
Karachi,2026-05-17 09:29:07.097653,107,43.99682468575762,53.79518111105551,5.276402685092156,14.231284608968915,1.2534378658528698,19.001762973190996,45.909840525749274,4.258952994228954,1014.5490353228514,9,6,5,1,93.0,80.0,65.0,118.0,102.66666666666667,89.83333333333333,0.15053763440860224
Karachi,2026-05-17 10:29:07.097653,90,31.554006099072566,64.97155031870679,28.530290115103746,62.43809053181095,1.3096163534572178,13.746438748695434,48.336662390267165,2.8831553789602773,1008.7749602166174,10,6,5,1,107.0,108.0,95.0,107.0,96.66666666666667,89.0,-0.15887850467289721
Karachi,2026-05-17 11:29:07.097653,115,48.7290248198702,70.24863985523174,15.861745490861777,49.56212793567562,2.433058514040428,21.18525200660347,62.29108910358396,0.6831312329691208,1008.5802962709428,11,6,5,1,90.0,93.0,56.0,87.0,104.0,98.83333333333333,0.2777777777777777
Karachi,2026-05-17 12:29:07.097653,107,43.05070315373552,71.12469440200096,55.093885107687726,41.35239413911242,0.9515398301804876,22.411026772120493,57.00854751942448,5.25718813495716,1012.8518693620885,12,6,5,1,115.0,107.0,80.0,123.0,104.0,103.33333333333333,-0.06956521739130439
Karachi,2026-05-17 13:29:07.097653,123,39.66296882235773,84.04908218266274,14.602119157199814,31.648821515453278,1.680113832950977,23.441336393336528,63.38290620940205,2.515707259094736,1017.577866361101,13,6,5,1,107.0,90.0,108.0,98.0,115.0,105.83333333333333,0.14953271028037385
Karachi,2026-05-17 14:29:07.097653,123,52.791499075910224,76.97857616536287,20.733302841260702,45.167896949047496,1.2241378730747836,21.53955574770903,61.4586013879531,0.9682561335152178,1012.2679593606316,14,6,5,1,123.0,115.0,93.0,134.0,117.66666666666667,110.83333333333333,0.0
Karachi,2026-05-17 15:29:07.097653,140,60.07665645430881,79.29606808102287,33.42602222539745,33.707572311992166,0.43452159830490966,25.517004542446045,72.22390129899418,4.054660158961344,1011.5648115866055,15,6,5,1,123.0,107.0,107.0,117.0,128.66666666666666,116.33333333333333,0.1382113821138211
Karachi,2026-05-17 16:29:07.097653,103,36.50848566510719,70.02240558027619,19.48499904489436,62.99083074231522,1.3765278295733192,26.666354460931867,86.85947744379273,4.05414239735623,1017.9795671550229,16,6,5,1,140.0,123.0,90.0,88.0,122.0,118.5,-0.26428571428571423
Karachi,2026-05-17 17:29:07.097653,92,39.161564155198214,55.596953720721636,16.542557250351663,48.072558754484874,2.0893553238992384,26.6268373704782,45.393216922212126,1.7248402842449286,1013.3196896077918,17,6,5,1,103.0,123.0,115.0,106.0,111.66666666666667,114.66666666666667,-0.10679611650485432
Karachi,2026-05-17 18:29:07.097653,82,28.883814622418026,55.236321263063374,37.950462880651386,71.37934419078783,0.5172565310997144,31.922372927445917,44.96300746545975,3.29564418060649,1011.7524140689025,18,6,5,1,92.0,140.0,107.0,81.0,92.33333333333333,110.5,-0.10869565217391308
Karachi,2026-05-17 19:29:07.097653,66,27.263525585647297,22.93291596252673,9.891123751526312,48.04807402546095,0.4531020642718797,31.13176236742699,82.64030555454511,2.0628600915560096,1011.858608133416,19,6,5,1,82.0,103.0,123.0,85.0,80.0,101.0,-0.19512195121951215
Karachi,2026-05-17 20:29:07.097653,70,21.708411025995325,45.62220832723404,8.19922672965086,26.678368933795102,0.6379893448651867,38.25061116053782,65.31983523262295,4.4139509289411984,1009.949594960335,20,6,5,1,66.0,92.0,123.0,72.0,72.66666666666667,92.16666666666667,0.06060606060606055
Karachi,2026-05-17 21:29:07.097653,54,12.776777902254377,27.504778646230644,25.47349123523393,69.57643175625012,1.9816802450564737,32.38986273143673,78.32025117842211,3.499450974107194,1013.1222305744753,21,6,5,1,70.0,82.0,140.0,46.0,63.333333333333336,77.83333333333333,-0.22857142857142854
Karachi,2026-05-17 22:29:07.097653,56,20.70437506413958,47.154168615734875,44.636544997932425,49.00533314510307,1.8927898451184237,34.51570954200743,50.77109518036407,2.9087142933324093,1012.3885502816801,22,6,5,1,54.0,66.0,103.0,44.0,60.0,70.0,0.03703703703703698
Karachi,2026-05-17 23:29:07.097653,70,27.69583056680476,47.45641173038117,35.514371705067134,24.478872670049288,1.5430390915934433,27.51865620010593,81.44312865837759,3.041682964275544,1010.7079529634741,23,6,5,1,56.0,70.0,92.0,66.0,60.0,66.33333333333333,0.25
Karachi,2026-05-18 00:29:07.097653,34,11.972346140249133,22.8599788792776,28.258205765672837,53.64554669693555,1.3300980890037915,27.939820827990257,86.1923312096348,3.9865083523860636,1009.6054008660176,0,0,5,0,70.0,54.0,82.0,44.0,53.333333333333336,58.333333333333336,-0.5142857142857142
Karachi,2026-05-18 01:29:07.097653,68,21.328008660192655,44.76272212375995,36.11633603235203,35.04017354596993,2.2543167923457688,27.264348112888793,71.77415077732441,2.942196953004278,1011.1123886866756,1,0,5,0,34.0,56.0,66.0,44.0,57.333333333333336,58.666666666666664,1.0
Karachi,2026-05-18 02:29:07.097653,73,27.51089024797024,36.278051514925146,25.099831655930046,69.10839286044461,1.9867352124336617,23.183692102784658,45.29395107369011,0.7481110054624405,1013.0868332768773,2,0,5,0,68.0,70.0,70.0,39.0,58.333333333333336,59.166666666666664,0.07352941176470584
Karachi,2026-05-18 03:29:07.097653,57,24.15278122671863,47.195514719946864,56.48804844876621,41.730981705258,2.0862729528639714,22.08504626957034,84.76474070781694,7.392664469045045,1008.583332722848,3,0,5,0,73.0,34.0,54.0,65.0,66.0,59.666666666666664,-0.2191780821917808
Karachi,2026-05-18 04:29:07.097653,33,13.044405455335749,35.83426925625788,8.019769000092587,60.85089506751917,2.0891770629714395,20.564098187512922,79.62438636850356,5.401601638856903,1009.5374402858396,4,0,5,0,57.0,68.0,56.0,95.0,54.333333333333336,55.833333333333336,-0.42105263157894735
Karachi,2026-05-18 05:29:07.097653,63,26.159744689199226,41.01416738869046,42.036531346640935,16.687534534536603,1.7139777404402279,18.875329779617832,77.5438888257245,0.4301106760903437,1017.476572669691,5,0,5,0,33.0,73.0,70.0,56.0,51.0,54.666666666666664,0.9090909090909092
Karachi,2026-05-18 06:29:07.097653,99,36.43139127709549,72.39617946763909,54.02054656552628,37.72170424116423,1.307632173495081,21.782033915795182,41.83640944529578,2.309725539046819,1013.4285535103133,6,0,5,0,63.0,57.0,34.0,80.0,65.0,65.5,0.5714285714285714
Karachi,2026-05-18 07:29:07.097653,87,40.82720974101776,47.89974466177516,49.213658980438936,78.82690055306792,2.202291055688431,18.029045960550476,79.94812626284856,2.5279316196879185,1008.6344930366004,7,0,5,0,99.0,33.0,68.0,108.0,83.0,68.66666666666667,-0.12121212121212122
Karachi,2026-05-18 08:29:07.097653,80,26.123319923456638,41.62937137954595,15.12225691517957,66.59222026340038,2.3372163187271515,17.959021125882607,46.89755052341785,5.1576991330179265,1014.9308775876957,8,0,5,0,87.0,63.0,73.0,93.0,88.66666666666667,69.83333333333333,-0.08045977011494254
Karachi,2026-05-18 09:29:07.097653,93,39.89443333230286,56.51234576013528,21.27594919391586,21.195856165685004,0.35237329516835464,18.351902938377595,51.11930880984442,1.3185378706395356,1008.6180287007903,9,0,5,0,80.0,99.0,57.0,107.0,86.66666666666667,75.83333333333333,0.1625000000000001
Karachi,2026-05-18 10:29:07.097653,118,53.345480469240385,74.63356581360406,44.43763662889076,29.443483463407855,0.41342072118575285,19.29704952439872,68.85674174346288,2.001983471140422,1015.3887422704637,10,0,5,0,93.0,87.0,33.0,90.0,97.0,90.0,0.26881720430107525
Karachi,2026-05-18 11:29:07.097653,117,49.276051788421576,67.15537353707067,9.634880754942104,33.087106619945274,2.409235253198562,19.17737178275789,53.24903864584415,0.5212728866750074,1015.4996272172002,11,0,5,0,118.0,80.0,63.0,115.0,109.33333333333333,99.0,-0.008474576271186418
Karachi,2026-05-18 12:29:07.097653,106,41.553786269657685,68.15175663042062,49.65239349079212,55.5255892346812,0.9097533504572286,20.35850725704231,73.06741031559599,2.4298089683433233,1014.5107897574925,12,0,5,0,117.0,93.0,99.0,107.0,113.66666666666667,100.16666666666667,-0.09401709401709402
Karachi,2026-05-18 13:29:07.097653,103,38.748678211265805,64.53636102345835,44.53988195326347,62.98963316427589,2.2214127672287214,23.26307975821639,70.40352238495407,2.054998213830191,1015.3220454461934,13,0,5,0,106.0,118.0,87.0,123.0,108.66666666666667,102.83333333333333,-0.028301886792452824
Karachi,2026-05-18 14:29:07.097653,100,45.222194206381616,52.07617972439706,45.12836570794384,62.46686261655368,1.1553492617150858,27.313607897826945,45.407479900663134,3.1593881347654245,1008.8796578101305,14,0,5,0,103.0,117.0,80.0,123.0,103.0,106.16666666666667,-0.029126213592232997
Karachi,2026-05-18 15:29:07.097653,87,27.835945640939194,56.5765745404851,10.513275364717526,45.691183941448195,0.5620201267405823,29.323028737692933,72.80072897957533,1.7902512019816332,1015.2678055235526,15,0,5,0,100.0,106.0,93.0,140.0,96.66666666666667,105.16666666666667,-0.13
Karachi,2026-05-18 16:29:07.097653,119,42.841632834918435,78.44660714539714,44.476829964892694,66.75743764867059,0.4769750404605354,28.51920304862318,86.19774549124651,1.4979532172189516,1009.3668831972388,16,0,5,0,87.0,103.0,118.0,103.0,102.0,105.33333333333333,0.367816091954023
Karachi,2026-05-18 17:29:07.097653,82,31.184116898503603,51.12961312966644,42.38999688709835,40.59546579302325,0.6443173779770043,32.1925416388286,48.05549525929166,4.239313383526296,1011.3950590727185,17,0,5,0,119.0,100.0,117.0,92.0,96.0,99.5,-0.31092436974789917
Karachi,2026-05-18 18:29:07.097653,98,45.491219912512975,68.175611513523,50.70073699520178,18.671639570689333,0.8497650287082024,31.53903390419617,69.85310104714438,3.9093454818851607,1017.4274525350063,18,0,5,0,82.0,87.0,106.0,82.0,99.66666666666667,98.16666666666667,0.19512195121951215
Karachi,2026-05-18 19:29:07.097653,95,39.92090595050894,47.293871307481076,7.2877775941058225,49.51092891576693,1.3747403786478178,32.795147709183034,57.093268596834704,4.102796685556484,1013.0287547765914,19,0,5,0,98.0,119.0,103.0,66.0,91.66666666666667,96.83333333333333,-0.030612244897959218
Karachi,2026-05-18 20:29:07.097653,79,27.149636596336542,51.72840146038646,6.271086765728571,76.66109692207746,1.843295381244724,32.052953236891604,62.9805835886802,2.6461998190183147,1017.6742643208302,20,0,5,0,95.0,82.0,100.0,70.0,90.66666666666667,93.33333333333333,-0.16842105263157892
Karachi,2026-05-18 21:29:07.097653,52,19.37345822252863,22.02524947300552,25.51539049332084,65.5095555974758,2.4700768682676597,32.36411633250008,54.350008953948496,1.8565228355496213,1008.8892245888674,21,0,5,0,79.0,98.0,87.0,54.0,75.33333333333333,87.5,-0.3417721518987342
Karachi,2026-05-18 22:29:07.097653,60,20.958459976124924,27.13246267904489,13.183355611703409,50.509045338456964,1.2713148352361765,34.61086336937487,57.706531817384764,2.7622950359584584,1012.7755659956318,22,0,5,0,52.0,95.0,119.0,56.0,63.666666666666664,77.66666666666667,0.15384615384615374
Karachi,2026-05-18 23:29:07.097653,50,16.71477148501801,25.348127999376203,35.711146266362206,55.27639622443679,1.4400068731548419,30.84169654417085,41.44559116332786,4.0023241401369045,1008.6240232027687,23,0,5,0,60.0,79.0,82.0,70.0,54.0,72.33333333333333,-0.16666666666666663
Karachi,2026-05-19 00:29:07.097653,36,19.472236628403127,14.330201784834887,55.45418958287119,75.13934189249008,1.4479945430431624,29.270565017104634,89.07758689586103,1.3535594019436967,1014.3021026239928,0,1,5,0,50.0,52.0,98.0,34.0,48.666666666666664,62.0,-0.28
Karachi,2026-05-19 01:29:07.097653,55,15.49633012854327,29.148602112362095,26.531385168370864,39.98399561044724,1.4867555820734595,24.17611680230425,71.23999610363741,3.788223860741716,1008.7870700136851,1,1,5,0,36.0,60.0,95.0,68.0,47.0,55.333333333333336,0.5277777777777777
Karachi,2026-05-19 02:29:07.097653,36,22.57736068629979,20.08698212575237,51.47227074999323,33.19758972598461,1.4390294456298172,24.38151218473454,65.03527952469426,3.6182763746695956,1009.7536780254038,2,1,5,0,55.0,50.0,79.0,73.0,42.333333333333336,48.166666666666664,-0.34545454545454546
Karachi,2026-05-19 03:29:07.097653,76,34.78194340745392,52.65842832544729,5.013248098482656,78.40690955003143,0.3193044611362192,22.446817831690375,59.185767475016334,3.124301812171454,1010.5883031006928,3,1,5,0,36.0,36.0,52.0,57.0,55.666666666666664,52.166666666666664,1.1111111111111112
Karachi,2026-05-19 04:29:07.097653,58,28.666604569228134,32.249172014668844,14.268305390255131,70.44101934572333,0.30379460864164953,19.34171302911319,66.96872794120138,2.7013731562566496,1015.4874385166448,4,1,5,0,76.0,55.0,60.0,33.0,56.666666666666664,51.833333333333336,-0.23684210526315785
Karachi,2026-05-19 05:29:07.097653,75,27.786431833880496,32.46668843685344,6.673294680974709,32.61305092330217,0.5148658998774704,19.38647657391475,59.0052999357902,2.1322387718648272,1009.6396211881807,5,1,5,0,58.0,36.0,50.0,63.0,69.66666666666667,56.0,0.2931034482758621
Karachi,2026-05-19 06:29:07.097653,84,32.95002363388131,59.67013361587656,23.048094928328776,42.4646418152646,0.5234245275441934,17.21343218926918,57.995396374683665,2.120293473799188,1016.4663205329307,6,1,5,0,75.0,76.0,36.0,99.0,72.33333333333333,64.0,0.1200000000000001
Karachi,2026-05-19 07:29:07.097653,83,26.386639626382227,43.631876979588355,54.95042776330766,39.055469030545936,1.8507731997005514,17.43258510017462,63.19732708610066,6.578877422154747,1009.319039388308,7,1,5,0,84.0,58.0,55.0,87.0,80.66666666666667,68.66666666666667,-0.011904761904761862
Karachi,2026-05-19 08:29:07.097653,103,38.896850773517635,61.81048079644044,10.332366797944326,20.436697507000375,0.7508152715351994,17.243006019637868,53.79915168355954,3.0258025911366113,1008.3524444907016,8,1,5,0,83.0,75.0,36.0,80.0,90.0,79.83333333333333,0.24096385542168686
Karachi,2026-05-19 09:29:07.097653,94,40.10413367271918,60.02608120728083,38.35253772090902,77.04735266692813,2.2683710304623483,15.361084674042166,49.00249499833927,2.385420322650564,1011.9504541896966,9,1,5,0,103.0,84.0,76.0,93.0,93.33333333333333,82.83333333333333,-0.08737864077669899
Karachi,2026-05-19 10:29:07.097653,119,54.10040393906371,73.02701629245735,29.83227665156943,38.301870185383116,2.3429339250694428,17.274393204758113,67.83029490901467,3.0338123911802253,1017.794416419713,10,1,5,0,94.0,83.0,58.0,118.0,105.33333333333333,93.0,0.26595744680851063
Karachi,2026-05-19 11:29:07.097653,88,29.979447749976075,62.026284131154306,56.615751680119686,71.27303578465356,2.446965343370977,19.49789431602929,82.13827180751505,3.709545737256017,1009.1034222778877,11,1,5,0,119.0,103.0,75.0,117.0,100.33333333333333,95.16666666666667,-0.26050420168067223
Karachi,2026-05-19 12:29:07.097653,111,42.93074779235215,70.96944136305979,11.738552839540162,23.254935937646554,2.3659788707514444,23.36859886231345,47.64140888629461,4.317640489378928,1009.0171844403962,12,1,5,0,88.0,94.0,84.0,106.0,106.0,99.66666666666667,0.26136363636363646
Karachi,2026-05-19 13:29:07.097653,138,54.46818780865593,75.94654922715092,16.661531777622592,48.350956744605384,0.8981543082207541,23.442885984771316,41.63671703021093,2.5422396736841164,1015.5116651079562,13,1,5,0,111.0,119.0,83.0,103.0,112.33333333333333,108.83333333333333,0.2432432432432432
Karachi,2026-05-19 14:29:07.097653,90,29.411370886817394,72.01397273860302,6.62480827363213,11.677296958698888,1.4215090583477277,23.676129640165144,52.340587257701806,3.8498392047873673,1011.1216169399356,14,1,5,0,138.0,88.0,103.0,100.0,113.0,106.66666666666667,-0.34782608695652173
Karachi,2026-05-19 15:29:07.097653,91,39.37555775988146,56.18288503334005,28.866438729725555,63.4954338689616,0.6860009344332703,27.86856187930787,88.98603217269054,6.353301605522719,1015.1728161722572,15,1,5,0,90.0,111.0,94.0,87.0,106.33333333333333,106.16666666666667,0.011111111111111072
Karachi,2026-05-19 16:29:07.097653,102,37.46349543924045,60.44644883395818,20.280809476055985,50.66397287723949,2.073661241379353,32.41509777864352,81.43790368716697,5.0125015988654305,1010.0001058944337,16,1,5,0,91.0,138.0,119.0,119.0,94.33333333333333,103.33333333333333,0.1208791208791209
Karachi,2026-05-19 17:29:07.097653,90,35.20636747698272,61.98638223374632,52.84482636396765,53.79127084288269,2.2545497513170116,32.490267194670416,69.79330267642983,7.680600431713959,1012.6007199419817,17,1,5,0,102.0,90.0,88.0,82.0,94.33333333333333,103.66666666666667,-0.11764705882352944
Karachi,2026-05-19 18:29:07.097653,85,31.844033736081965,53.15127846090261,38.27174472587653,13.620461778825742,2.172835446454533,33.023256291146744,86.46244576215679,1.6864592832965672,1010.6528987774892,18,1,5,0,90.0,91.0,111.0,98.0,92.33333333333333,99.33333333333333,-0.05555555555555558
Karachi,2026-05-19 19:29:07.097653,79,27.882601711057358,50.937766902998206,38.77499058866359,24.772683114603076,1.2534072871330368,34.17858696127719,62.26395584186223,6.352379015004031,1012.5152821487909,19,1,5,0,85.0,102.0,138.0,95.0,84.66666666666667,89.5,-0.07058823529411762
Karachi,2026-05-19 20:29:07.097653,74,29.773103883967856,64.64996520586143,34.25508832847163,15.20316106475061,1.9690825463109183,35.87990808285726,89.1640301287587,1.4186527201548107,1015.6909709258531,20,1,5,0,79.0,90.0,90.0,79.0,79.33333333333333,86.83333333333333,-0.06329113924050633
Karachi,2026-05-19 21:29:07.097653,75,29.094869784658666,43.058405090207785,10.051768547606056,30.224002106266823,0.5146741730677928,34.878660198347866,54.815102255964206,3.7071322934809268,1015.6200994047766,21,1,5,0,74.0,85.0,91.0,52.0,76.0,84.16666666666667,0.013513513513513598
Karachi,2026-05-19 22:29:07.097653,60,22.207317684764487,33.55782349209755,29.47602760489454,53.92073053775057,0.3885384953623515,33.06172399251083,52.01528747579695,4.4649530584761985,1013.1577228767372,22,1,5,0,75.0,79.0,102.0,60.0,69.66666666666667,77.16666666666667,-0.19999999999999996
Karachi,2026-05-19 23:29:07.097653,47,15.319036048418212,29.374644331329595,59.97278543396841,49.633018902216264,1.957120111479274,32.79413868867255,71.90241005735055,1.978445616191055,1017.2837184372105,23,1,5,0,60.0,74.0,90.0,50.0,60.666666666666664,70.0,-0.21666666666666667
Karachi,2026-05-20 00:29:07.097653,60,25.63306556113117,44.62529079547289,50.937610996530815,52.85048751293732,1.2357816035231042,26.836697807471875,58.90769839751802,3.1759285549485514,1010.6378410244828,0,2,5,0,47.0,75.0,85.0,36.0,55.666666666666664,65.83333333333333,0.27659574468085113
Karachi,2026-05-20 01:29:07.097653,79,40.0762680363639,35.66000029933052,54.14024797919137,48.4475889964526,2.4902083824270522,24.066021856139603,71.3182770988129,4.820922204903682,1010.4031135111924,1,2,5,0,60.0,60.0,79.0,55.0,62.0,65.83333333333333,0.31666666666666665
Karachi,2026-05-20 02:29:07.097653,52,21.51132884048693,15.493391882624898,50.27744975855747,29.112015697310156,0.5139592748821713,25.31419730128766,55.24977591513429,1.5794582033761841,1014.1380640117543,2,2,5,0,79.0,47.0,74.0,36.0,63.666666666666664,62.166666666666664,-0.3417721518987342
Karachi,2026-05-20 03:29:07.097653,44,22.648133872293226,21.804392031645193,10.667293138704046,27.115524814109765,2.1823808993775144,23.066809058480906,70.89591284189956,6.338766919095294,1014.2129703421679,3,2,5,0,52.0,60.0,75.0,76.0,58.333333333333336,57.0,-0.15384615384615385
Karachi,2026-05-20 04:29:07.097653,81,25.69137438995452,35.892342351108454,17.509653973563978,19.594177847560687,1.3559627441637818,19.912179892973484,53.78731302925182,0.2308067505453022,1008.4654003956498,4,2,5,0,44.0,79.0,60.0,58.0,59.0,60.5,0.8409090909090908
Karachi,2026-05-20 05:29:07.097653,70,28.960691671517008,38.85917593236713,5.171690824602529,69.43496124324444,2.1197304301085294,20.99485109016304,42.5486034409445,6.879382885456769,1014.0777771238689,5,2,5,0,81.0,52.0,47.0,75.0,65.0,64.33333333333333,-0.13580246913580252
Karachi,2026-05-20 06:29:07.097653,47,13.47714112906045,32.465971654907996,21.693056868296132,53.153555097887114,2.0976800207743187,14.346069596822018,85.60679509615917,5.002652269599184,1011.7443615734901,6,2,5,0,70.0,44.0,60.0,84.0,66.0,62.166666666666664,-0.3285714285714286
Karachi,2026-05-20 07:29:07.097653,100,32.80573396647328,53.15954699778106,10.973407129057092,23.055770875284182,2.3151824029965704,16.203048877571845,84.16026009367312,2.8205488473444427,1015.4744252532056,7,2,5,0,47.0,81.0,79.0,83.0,72.33333333333333,65.66666666666667,1.127659574468085
Karachi,2026-05-20 08:29:07.097653,86,31.091173846981285,40.76743371216395,31.003633991587066,22.404656587486766,0.9552700248294261,16.03008891024477,88.5399074636336,2.194663577526537,1016.0810566454527,8,2,5,0,100.0,70.0,52.0,103.0,77.66666666666667,71.33333333333333,-0.14
Karachi,2026-05-20 09:29:07.097653,99,45.90157835248147,60.46781981434319,42.24201187156461,71.11249210682956,2.3895585776164068,13.999989819488535,75.82635881107024,1.9859434744179527,1013.5215381954704,9,2,5,0,86.0,47.0,44.0,94.0,95.0,80.5,0.15116279069767447
Karachi,2026-05-20 10:29:07.097653,110,49.134265972175584,73.47662812016239,53.09779122709424,61.99116046343235,0.6336673127867647,21.061258784263103,74.13605888676514,2.7284087194859703,1008.0170503150226,10,2,5,0,99.0,100.0,81.0,119.0,98.33333333333333,85.33333333333333,0.11111111111111116
Karachi,2026-05-20 11:29:07.097653,111,45.94913160441522,53.541374483081924,46.2069440799994,56.157935593375996,0.48033131070567914,16.624743213180974,67.95015350374153,2.9030082769023475,1014.3636581016664,11,2,5,0,110.0,86.0,70.0,88.0,106.66666666666667,92.16666666666667,0.009090909090909038
Karachi,2026-05-20 12:29:07.097653,120,40.59320810338459,78.94692554069923,56.622207767817784,38.48048752775099,1.2495541382191682,19.823319885384628,46.29712081762614,5.510452493269163,1015.4888127966593,12,2,5,0,111.0,99.0,47.0,111.0,113.66666666666667,104.33333333333333,0.08108108108108114
Karachi,2026-05-20 13:29:07.097653,102,39.996788435110076,68.00573716798125,7.964405971658383,28.338289499496227,2.122310531012054,24.7454071547901,49.4617655474635,6.937308200769168,1010.4898326623152,13,2,5,0,120.0,110.0,100.0,138.0,111.0,104.66666666666667,-0.15000000000000002
Karachi,2026-05-20 14:29:07.097653,113,46.979439678978444,75.83909026895766,5.66989094790978,78.56155341789766,1.3415264873935804,26.292090686857463,54.47348443362681,3.3987598413080153,1012.6464600114078,14,2,5,0,102.0,111.0,86.0,90.0,111.66666666666667,109.16666666666667,0.10784313725490202
Karachi,2026-05-20 15:29:07.097653,97,39.80568245662806,68.13984368207609,41.3735962609917,65.80677025159602,2.1244306905671313,24.85420296785067,84.50781812866973,1.3087430240211915,1017.6572662341179,15,2,5,0,113.0,120.0,99.0,91.0,104.0,108.83333333333333,-0.1415929203539823
Karachi,2026-05-20 16:29:07.097653,106,33.21389496792129,81.26540572526444,20.914382562223544,31.124545619539354,1.9053109727474717,30.36497841852127,48.648476230153754,1.908547918727612,1010.9811555339411,16,2,5,0,97.0,102.0,110.0,102.0,105.33333333333333,108.16666666666667,0.09278350515463907
Karachi,2026-05-20 17:29:07.097653,96,34.34644420520921,55.34831377901041,18.942555885817523,69.32953573949463,0.7607424495056538,31.236423206808823,86.14365872439453,2.6338184307774313,1010.2315325104174,17,2,5,0,106.0,113.0,111.0,90.0,99.66666666666667,105.66666666666667,-0.09433962264150941
Karachi,2026-05-20 18:29:07.097653,65,26.066978966988845,40.457624322221506,23.198789823158684,63.125236403027706,2.3875395747788204,36.59427435449844,66.13928665257086,0.939755789406449,1010.1085479047802,18,2,5,0,96.0,97.0,120.0,85.0,89.0,96.5,-0.32291666666666663
Karachi,2026-05-20 19:29:07.097653,88,38.091518703405896,49.783588767745705,19.83878318408003,30.795638491459886,0.4337185709846875,33.53528744244916,75.77848177365361,0.6421171957852425,1013.58800834354,19,2,5,0,65.0,106.0,102.0,79.0,83.0,94.16666666666667,0.3538461538461539
Karachi,2026-05-20 20:29:07.097653,56,11.803580223815986,34.192143752020066,33.1290023465873,39.85869979691478,2.276215356596349,32.717516357862934,45.512224334028325,7.194254424746054,1017.49787101308,20,2,5,0,88.0,96.0,113.0,74.0,69.66666666666667,84.66666666666667,-0.36363636363636365
Karachi,2026-05-20 21:29:07.097653,70,27.552445538049014,54.80758496826295,29.208164597327286,23.016741177371866,0.9697755877788228,31.014402696073702,53.45167743879554,3.6052270518925082,1014.0869012920035,21,2,5,0,56.0,65.0,97.0,75.0,71.33333333333333,80.16666666666667,0.25
Karachi,2026-05-20 22:29:07.097653,59,24.526662884389545,24.95701268104682,33.1835703257161,17.773671106467653,1.4003257829616786,30.43971649636437,87.92593040907131,1.3337337326393064,1011.0332312023766,22,2,5,0,70.0,88.0,106.0,60.0,61.666666666666664,72.33333333333333,-0.15714285714285714
Karachi,2026-05-20 23:29:07.097653,78,35.686052087882985,40.26859084062827,41.99924863252399,60.59334229877877,1.229174119941616,29.005316058556062,53.30749734648657,4.633207140715426,1014.3856977806745,23,2,5,0,59.0,56.0,96.0,47.0,69.0,69.33333333333333,0.3220338983050848
Karachi,2026-05-21 00:29:07.097653,46,22.12349202695607,39.00625365068982,26.29217799341316,28.725830014770665,0.6780360252172156,31.742197627823842,54.82608601955731,0.6433077503863087,1014.2484229759779,0,3,5,0,78.0,70.0,65.0,60.0,61.0,66.16666666666667,-0.41025641025641024
Karachi,2026-05-21 01:29:07.097653,45,21.22584590186602,35.629776016949705,18.821922792818626,67.40415560223775,1.087923106083725,27.106492190853107,49.87986924205397,0.8079759042578929,1013.9692513572966,1,3,5,0,46.0,59.0,88.0,79.0,56.333333333333336,59.0,-0.021739130434782594
Karachi,2026-05-21 02:29:07.097653,53,17.491474985750674,29.331713104353888,14.141029524481,79.69260980600983,0.7244557598441497,26.13049424794946,46.453683265341475,1.3939151978715099,1009.594262068883,2,3,5,0,45.0,78.0,56.0,52.0,48.0,58.5,0.1777777777777778
Karachi,2026-05-21 03:29:07.097653,54,12.15562924313924,39.378675902099424,24.221076574294404,15.363386975075407,0.7485502460131526,25.957942839141605,51.6628820726999,6.309026561730066,1014.34566799345,3,3,5,0,53.0,46.0,70.0,44.0,50.666666666666664,55.833333333333336,0.018867924528301883
Karachi,2026-05-21 04:29:07.097653,76,28.8343876263453,48.92920385741472,45.799356138539466,43.112458755859016,0.7115250392580368,16.28307171558507,72.11634459753992,2.4942398684432523,1012.301644525145,4,3,5,0,54.0,45.0,59.0,81.0,61.0,58.666666666666664,0.40740740740740744
Karachi,2026-05-21 05:29:07.097653,47,24.20446693419302,40.79665858423324,46.61877005613083,66.14437915175621,1.3758382367625075,21.90089327990837,62.76838667517818,1.8834139738049736,1008.1859205862303,5,3,5,0,76.0,53.0,78.0,70.0,59.0,53.5,-0.381578947368421
Karachi,2026-05-21 06:29:07.097653,64,32.645178122744035,39.11293497829699,41.679796267631566,65.22656275788634,2.0554490085248944,18.182590593291156,67.68779181689493,5.420131866351186,1013.397644871475,6,3,5,0,47.0,54.0,46.0,47.0,62.333333333333336,56.5,0.36170212765957444
Karachi,2026-05-21 07:29:07.097653,71,32.25175652324402,51.253573428613294,17.871549641878104,63.19980108316779,1.5517340742747303,18.142690132968344,46.11824143830121,2.387237271675285,1017.8926674521841,7,3,5,0,64.0,76.0,45.0,100.0,60.666666666666664,60.833333333333336,0.109375
Karachi,2026-05-21 08:29:07.097653,109,45.84854966585013,86.68886361170314,37.34474352200837,34.42964547113377,2.265054494811852,15.343193556503497,80.105822358145,0.6988160117568114,1011.4973959084398,8,3,5,0,71.0,47.0,53.0,86.0,81.33333333333333,70.16666666666667,0.5352112676056338
Karachi,2026-05-21 09:29:07.097653,126,52.64715985165995,80.9082356549749,36.387931386726635,41.76972789795366,1.7003978748687933,15.762344592790418,79.2047350289924,2.3666330240731805,1017.6555921831866,9,3,5,0,109.0,64.0,54.0,99.0,102.0,82.16666666666667,0.15596330275229353
Karachi,2026-05-21 10:29:07.097653,104,38.98501580038453,63.0430396276414,31.634640896034902,51.64778501390292,1.81654825439173,19.049488549350468,41.07949555713377,4.042007793209806,1008.962057416626,10,3,5,0,126.0,71.0,76.0,110.0,113.0,86.83333333333333,-0.17460317460317465
Karachi,2026-05-21 11:29:07.097653,106,41.927878108560655,69.64684524626097,35.24884425111253,78.175840850128,1.7687359053994072,24.11234135117056,59.17575472551525,3.8080983330659386,1015.3245011586731,11,3,5,0,104.0,109.0,47.0,111.0,112.0,96.66666666666667,0.019230769230769162
Karachi,2026-05-21 12:29:07.097653,111,52.765660607810744,63.70822260238755,32.04848479430174,32.9283089656945,1.2888102250042306,23.006626625629803,43.43853009855739,6.596829958329638,1009.1432999466283,12,3,5,0,106.0,126.0,64.0,120.0,107.0,104.5,0.04716981132075482
Karachi,2026-05-21 13:29:07.097653,126,45.84958970215858,94.9473112408748,36.10010013407595,74.62007214018004,1.8165454088401822,25.460493482016915,79.6052889707479,1.294464274860139,1010.7357157355527,13,3,5,0,111.0,104.0,71.0,102.0,114.33333333333333,113.66666666666667,0.1351351351351351
Karachi,2026-05-21 14:29:07.097653,92,44.90207999381908,56.682847361972584,44.35282750416208,28.85498427263459,0.4533570422317146,24.61599745947716,76.86348415628521,3.0934402405299446,1013.7084083532212,14,3,5,0,126.0,106.0,109.0,113.0,109.66666666666667,110.83333333333333,-0.2698412698412699
Karachi,2026-05-21 15:29:07.097653,104,40.30535449818699,60.68977634416682,11.029550692189186,79.23521258315932,2.191673238214459,25.87014391164891,85.0994047146578,1.6008614428431562,1013.9277969397675,15,3,5,0,92.0,111.0,126.0,97.0,107.33333333333333,107.16666666666667,0.13043478260869557
Karachi,2026-05-21 16:29:07.097653,109,50.47834632416997,59.091266627881566,46.229416368196304,56.91845807793142,2.0111867155766183,27.438390096842014,51.82019794765573,0.08438578837444588,1015.7521131723418,16,3,5,0,104.0,126.0,104.0,106.0,101.66666666666667,108.0,0.04807692307692313
Karachi,2026-05-21 17:29:07.097653,95,31.07831851338163,65.94635187415548,12.473738257017681,42.44580362509856,0.8395059081096934,29.680306800099004,62.814794156389944,4.771054744611909,1014.1531140722744,17,3,5,0,109.0,92.0,106.0,96.0,102.66666666666667,106.16666666666667,-0.12844036697247707
Karachi,2026-05-21 18:29:07.097653,82,36.067010705415704,56.6437338520106,8.664539912570609,52.937329964452346,1.9896713993589814,27.822638363934455,49.224393858219884,3.9265391382950403,1013.9361470438056,18,3,5,0,95.0,104.0,111.0,65.0,95.33333333333333,101.33333333333333,-0.13684210526315788
Karachi,2026-05-21 19:29:07.097653,87,31.216597334434493,48.37183704994615,58.684382742180716,29.077181832814475,0.3278137230800407,31.277567924529347,58.56174672370597,3.5673568993977054,1017.1235308698914,19,3,5,0,82.0,109.0,126.0,88.0,88.0,94.83333333333333,0.060975609756097615
Karachi,2026-05-21 20:29:07.097653,24,2.7042702823836464,19.282520123986256,57.634547287874284,29.192170025802664,0.7779424594579369,31.879293687880313,66.1121625783442,3.8535803865172893,1012.5216075220916,20,3,5,0,87.0,95.0,92.0,56.0,64.33333333333333,83.5,-0.7241379310344828
Karachi,2026-05-21 21:29:07.097653,68,28.674640755001608,29.304508068717464,8.324009971731023,17.94881806904457,0.44330192507597105,32.37669026152287,42.66653949192945,1.6290542946231599,1010.2526577869505,21,3,5,0,24.0,82.0,104.0,70.0,59.666666666666664,77.5,1.8333333333333335
Karachi,2026-05-21 22:29:07.097653,44,22.73059999880204,28.004626184318543,29.378939281122918,17.983520839377913,2.0164992165593683,32.191703449770095,75.74352053386926,0.9886098253636133,1009.6178858502363,22,3,5,0,68.0,87.0,109.0,59.0,45.333333333333336,66.66666666666667,-0.3529411764705882
Karachi,2026-05-21 23:29:07.097653,23,5.200385510424957,17.759689871702214,15.24347160648761,34.33702190282379,1.962923132592452,31.381755986743602,67.16466801855375,3.0752947443387204,1011.999945968095,23,3,5,0,44.0,24.0,95.0,78.0,45.0,54.666666666666664,-0.4772727272727273
Karachi,2026-05-22 00:29:07.097653,57,15.57213579485788,48.25946187219861,31.693969342392993,63.39988345274602,2.0899992523640276,28.970149255114077,81.44795086053367,5.322422804823228,1015.127527551937,0,4,5,0,23.0,68.0,82.0,46.0,41.333333333333336,50.5,1.4782608695652173
Karachi,2026-05-22 01:29:07.097653,71,28.19161753383415,36.809711611433876,50.659748364977304,52.55798173187137,0.3098597253161634,25.90766618813465,53.58902505955986,6.216154270907094,1008.425434849299,1,4,5,0,57.0,44.0,87.0,45.0,50.333333333333336,47.833333333333336,0.2456140350877194
Karachi,2026-05-22 02:29:07.097653,51,20.34582742293468,20.94768506981228,57.283647610858964,17.180919223171458,1.4027119986924979,21.07328271346896,85.16605526346272,4.590865413614866,1009.2905338650941,2,4,5,0,71.0,23.0,24.0,53.0,59.666666666666664,52.333333333333336,-0.2816901408450704
Karachi,2026-05-22 03:29:07.097653,73,31.973564046751555,36.684525176068256,39.88389593983455,69.65655674831376,1.8506396345381404,21.778830422376245,89.93471265152218,3.058348853536192,1009.0611346010364,3,4,5,0,51.0,57.0,68.0,54.0,65.0,53.166666666666664,0.43137254901960786
Karachi,2026-05-22 04:29:07.097653,89,40.421642404754316,42.817956319378446,24.46481169664994,52.09573388930465,0.6418824832258341,19.05509872462599,85.96492191888373,3.539567858799872,1013.8525015305146,4,4,5,0,73.0,71.0,44.0,76.0,71.0,60.666666666666664,0.2191780821917808
Karachi,2026-05-22 05:29:07.097653,91,36.486582273911566,65.86874613248291,38.18290611045291,77.25989037493459,1.7295396005277746,20.275279247064827,78.89462379165771,3.023187718650743,1010.4286465053127,5,4,5,0,89.0,51.0,23.0,47.0,84.33333333333333,72.0,0.022471910112359605
Karachi,2026-05-22 06:29:07.097653,104,51.11730375019967,75.14879512453483,22.160071835964768,56.91298271878453,0.4850422184813086,19.890371563111877,80.61844014368904,0.9481133206011436,1009.662594283014,6,4,5,0,91.0,73.0,57.0,64.0,94.66666666666667,79.83333333333333,0.1428571428571428
Karachi,2026-05-22 07:29:07.097653,98,40.67976721033806,61.89962285508303,55.04030024576332,22.26224045929267,0.698916883429489,19.149735523807333,68.68721212722932,3.049294756421086,1013.9277071974302,7,4,5,0,104.0,89.0,71.0,71.0,97.66666666666667,84.33333333333333,-0.05769230769230771
Karachi,2026-05-22 08:29:07.097653,96,36.72046930337506,67.44926231559552,52.872025470821036,43.16483536154756,1.3467529929881223,18.51390547225564,49.507693145630526,0.3303463648230136,1015.6130991545238,8,4,5,0,98.0,91.0,51.0,109.0,99.33333333333333,91.83333333333333,-0.020408163265306145
Karachi,2026-05-22 09:29:07.097653,77,22.81564970734142,47.38189679892522,35.70274626538135,55.39483182830429,1.7378433358984247,17.005541918782477,73.85203425738587,2.7518455477939208,1011.3215491645267,9,4,5,0,96.0,104.0,73.0,126.0,90.33333333333333,92.5,-0.19791666666666663
Karachi,2026-05-22 10:29:07.097653,102,39.60263231505274,60.61300169334422,22.86394034591983,11.97852907349844,0.6209120792985714,17.0278856387727,75.63765010299657,6.272210221192639,1013.7820460567659,10,4,5,0,77.0,98.0,89.0,104.0,91.66666666666667,94.66666666666667,0.3246753246753247
Karachi,2026-05-22 11:29:07.097653,96,36.84969561651599,55.133144562927406,21.13643215706381,11.043718490836552,0.7074913278280635,17.848940243173487,89.26925701339528,4.645718445566704,1008.9812441319946,11,4,5,0,102.0,96.0,91.0,106.0,91.66666666666667,95.5,-0.05882352941176472
Karachi,2026-05-22 12:29:07.097653,142,61.82718028639424,83.0553565264598,6.83798970877827,19.058210041899756,0.7497820075444586,17.985002166796498,67.06506581281609,1.1537616315269406,1017.3519103045757,12,4,5,0,96.0,77.0,104.0,111.0,113.33333333333333,101.83333333333333,0.47916666666666674
Karachi,2026-05-22 13:29:07.097653,106,44.848213161209074,51.42128011083995,49.87014680639124,27.616510453182954,0.8251417703377526,24.913155040195548,53.56845075125282,2.8551418607154337,1011.3689618531478,13,4,5,0,142.0,102.0,98.0,126.0,114.66666666666667,103.16666666666667,-0.2535211267605634
Karachi,2026-05-22 14:29:07.097653,107,37.234688077957095,66.81133863803898,29.771076717145437,40.06843864644729,0.7984184667578407,24.650577924140052,74.18362608697534,1.3312473764905242,1017.975056931735,14,4,5,0,106.0,96.0,96.0,92.0,118.33333333333333,105.0,0.009433962264151052
Karachi,2026-05-22 15:29:07.097653,109,44.65546556253656,65.36861916400971,22.882311062014544,44.12083316318519,1.1693280386948008,24.57787177357842,88.96879098332272,2.87497246364558,1017.7858775584979,15,4,5,0,107.0,142.0,77.0,104.0,107.33333333333333,110.33333333333333,0.01869158878504673
Karachi,2026-05-22 16:29:07.097653,95,41.619270536879995,63.35530780997509,30.911069524876464,19.661932625652774,1.7383372318407906,27.34701724857953,48.8606954134547,5.082215633049126,1015.7882344933581,16,4,5,0,109.0,106.0,102.0,109.0,103.66666666666667,109.16666666666667,-0.12844036697247707
Karachi,2026-05-22 17:29:07.097653,113,52.916291580753935,68.66239014723104,50.03058947500586,57.137410538108156,1.2636699228958332,28.922907336627276,56.29989592678014,4.306015876619807,1008.2006709540697,17,4,5,0,95.0,107.0,96.0,95.0,105.66666666666667,112.0,0.18947368421052624
Karachi,2026-05-22 18:29:07.097653,70,32.701623666663586,41.0945261318372,11.853781423913665,51.729664318757436,2.007142599249754,32.01425220030576,67.09404768863405,7.968288161490672,1013.4347492038436,18,4,5,0,113.0,109.0,142.0,82.0,92.66666666666667,100.0,-0.38053097345132747
Karachi,2026-05-22 19:29:07.097653,75,33.8660494617506,38.123180045228764,52.1710793533005,30.612486918881213,1.8823907130869528,34.86234231245392,48.51073174410024,5.384954805015143,1008.8683642044001,19,4,5,0,70.0,95.0,106.0,87.0,86.0,94.83333333333333,0.0714285714285714
Karachi,2026-05-22 20:29:07.097653,53,21.845606458887534,32.89499062329166,54.36298593095947,10.95619184047044,0.5783592109079665,32.30402090080884,41.111031975996916,3.4080007621553827,1016.9513802596151,20,4,5,0,75.0,113.0,107.0,24.0,66.0,85.83333333333333,-0.29333333333333333
Karachi,2026-05-22 21:29:07.097653,38,17.53614358555445,29.297773184185093,57.06893532686385,15.435354074730352,0.40745157130563664,28.22233958074525,56.84915612206253,4.354299948266586,1015.896362526474,21,4,5,0,53.0,70.0,109.0,68.0,55.333333333333336,74.0,-0.28301886792452835
Karachi,2026-05-22 22:29:07.097653,44,24.184605112685823,17.75890898506165,26.861839583244528,37.418634285758756,2.2314714407991336,31.54984255995767,83.2685400750529,2.5951136516333286,1017.7234037659568,22,4,5,0,38.0,75.0,95.0,44.0,45.0,65.5,0.1578947368421053
Karachi,2026-05-22 23:29:07.097653,50,13.52278231484246,30.979793982806974,16.942722222071954,20.778204581597876,0.4756283464383215,30.34446644929799,42.17341996618574,0.7449915058270076,1014.0838295314979,23,4,5,0,44.0,53.0,113.0,23.0,44.0,55.0,0.13636363636363646
Karachi,2026-05-23 00:29:07.097653,43,15.676990016811661,28.00062359158053,25.550245015668416,36.37737243035796,0.6263461975833688,28.550159538128952,61.446452950845874,5.611553156575042,1013.2217280448434,0,5,5,1,50.0,38.0,70.0,57.0,45.666666666666664,50.5,-0.14
Karachi,2026-05-23 01:29:07.097653,40,12.391520461506841,18.637028038985953,23.31016529272718,53.97278231572486,0.3486932062278597,25.815630027868764,78.11003864630413,5.017982953863296,1013.1897385594439,1,5,5,1,43.0,44.0,75.0,71.0,44.333333333333336,44.666666666666664,-0.06976744186046513
Karachi,2026-05-23 02:29:07.097653,32,15.065555966186354,15.051835119569596,14.688465187657304,48.30661995154985,1.6823400036570384,25.434878161451685,87.65912984554427,2.5178915708120715,1011.8644837445435,2,5,5,1,40.0,50.0,53.0,51.0,38.333333333333336,41.166666666666664,-0.19999999999999996
Karachi,2026-05-23 03:29:07.097653,57,29.1671960682432,36.3690145751136,38.399666855581835,26.182311819617595,1.581215238948367,23.061729869477833,89.2737699502216,3.5478714738626764,1012.6869006722914,3,5,5,1,32.0,43.0,38.0,73.0,43.0,44.333333333333336,0.78125
Karachi,2026-05-23 04:29:07.097653,42,13.986806322208619,16.390148487379996,31.214328827974587,34.06757438811267,2.4711880661575623,20.950339371746704,61.09846903043709,5.481878374769613,1014.3541258313535,4,5,5,1,57.0,40.0,44.0,89.0,43.666666666666664,44.0,-0.26315789473684215
Karachi,2026-05-23 05:29:07.097653,83,21.502985403560178,52.98115058335619,52.6135545778202,52.98218389140554,2.2512512718977784,20.16842847339355,87.51921471895588,4.69270285241204,1017.3294760755628,5,5,5,1,42.0,32.0,50.0,91.0,60.666666666666664,49.5,0.9761904761904763
Karachi,2026-05-23 06:29:07.097653,81,30.43353479248467,41.579122787136924,6.766026926513204,70.25985196304141,1.2038549904580014,17.212131123428783,41.77094866404319,0.07379749750060238,1013.9588433825603,6,5,5,1,83.0,57.0,43.0,104.0,68.66666666666667,55.833333333333336,-0.02409638554216864
Karachi,2026-05-23 07:29:07.097653,65,30.9278882045277,48.043608860926724,40.41273601553195,62.72494071172141,1.117488850007577,16.299422050286147,77.29584689992782,3.4872400429796486,1016.5711594231736,7,5,5,1,81.0,42.0,40.0,98.0,76.33333333333333,60.0,-0.19753086419753085
Karachi,2026-05-23 08:29:07.097653,90,38.83289505245022,72.91974026965762,46.96218831813586,48.73800187833905,0.9530744754159672,19.7602465791708,72.13730173168065,2.664736949023272,1016.627799113025,8,5,5,1,65.0,83.0,32.0,96.0,78.66666666666667,69.66666666666667,0.3846153846153846
Karachi,2026-05-23 09:29:07.097653,89,38.113274179747954,47.07245999742804,46.77176130535689,35.360509882154034,0.6352952240833389,18.391304209118328,52.476092879307615,5.226001398277361,1013.1883267584826,9,5,5,1,90.0,81.0,57.0,77.0,81.33333333333333,75.0,-0.011111111111111072
Karachi,2026-05-23 10:29:07.097653,110,42.90738539855595,70.73469076088992,53.73406819025388,35.55358942792638,0.6037840445244199,19.72568889161009,65.36592503398245,5.062085477565322,1011.4746964149762,10,5,5,1,89.0,65.0,42.0,102.0,96.33333333333333,86.33333333333333,0.2359550561797752
Karachi,2026-05-23 11:29:07.097653,129,45.23865891050876,71.63678364835539,45.096855855622174,71.55921171850773,0.5910241576211319,21.795354921175758,46.47768688802478,5.63721565635609,1014.3957387333209,11,5,5,1,110.0,90.0,83.0,96.0,109.33333333333333,94.0,0.17272727272727262
Karachi,2026-05-23 12:29:07.097653,81,35.32543679024788,57.45108116357061,56.0295533906233,12.747050322838248,0.5510524658109128,22.0518883612496,83.57985754757806,0.7642113225595848,1012.4587734191484,12,5,5,1,129.0,89.0,81.0,142.0,106.66666666666667,94.0,-0.37209302325581395
Karachi,2026-05-23 13:29:07.097653,110,40.1098573401802,56.29983231284827,23.29611299014903,79.15878510941826,0.8291264932921814,24.786224997452177,57.89490427728239,1.4317769318875224,1008.8144086732193,13,5,5,1,81.0,110.0,65.0,106.0,106.66666666666667,101.5,0.3580246913580247
Karachi,2026-05-23 14:29:07.097653,103,52.351991738915714,65.99195617544183,32.67651792133487,56.50627875960936,0.9746709866888561,21.841309675859478,71.30222352328583,5.228164872270877,1011.7780910043243,14,5,5,1,110.0,129.0,90.0,107.0,98.0,103.66666666666667,-0.0636363636363636
Karachi,2026-05-23 15:29:07.097653,111,47.365857874713946,59.786071014297214,5.774381480558987,57.67963893506734,2.415473736285615,27.47886010481222,47.938814314363114,1.8167083693151087,1017.9407213804933,15,5,5,1,103.0,81.0,89.0,109.0,108.0,107.33333333333333,0.07766990291262132
Karachi,2026-05-23 16:29:07.097653,98,36.37593825665638,57.26289294135225,5.382667301681017,12.65984861133195,1.5726411522041488,28.634563076371347,50.30824223156036,0.04286596182861491,1008.4851187002629,16,5,5,1,111.0,110.0,110.0,95.0,104.0,105.33333333333333,-0.11711711711711714
Karachi,2026-05-23 17:29:07.097653,76,27.537086313854193,37.64281662501754,18.206964124833593,52.387049242389054,2.472710703929218,34.012222431291995,89.5978185401576,4.065192975228131,1014.9666691190092,17,5,5,1,98.0,103.0,129.0,113.0,95.0,96.5,-0.22448979591836737
Karachi,2026-05-23 18:29:07.097653,75,29.62095535293235,51.70731834616646,10.544395842649688,43.93446420633129,1.1194272852164813,33.78349429388211,77.65431972206648,1.9055631194680545,1016.4118870507125,18,5,5,1,76.0,111.0,81.0,70.0,83.0,95.5,-0.013157894736842146
Karachi,2026-05-23 19:29:07.097653,60,22.920506707840065,29.481181641406526,19.311625236466448,17.40452348258469,1.3067785916967705,31.46651622872619,88.09859348870354,6.579581540616801,1014.4872590347538,19,5,5,1,75.0,98.0,110.0,75.0,70.33333333333333,87.16666666666667,-0.19999999999999996
Karachi,2026-05-23 20:29:07.097653,81,38.04021170924137,53.09977832204201,14.737381199061858,29.454540753855134,1.0140730501636142,33.74558831705841,54.792558260602206,3.592369107976927,1013.6974823116329,20,5,5,1,60.0,76.0,103.0,53.0,72.0,83.5,0.3500000000000001
Karachi,2026-05-23 21:29:07.097653,59,24.574669366513323,32.71109855059097,6.5686013661256535,72.32201193495558,0.7023528319724159,33.06276927721103,48.228143830991016,3.320518573283331,1015.0755441697876,21,5,5,1,81.0,75.0,111.0,38.0,66.66666666666667,74.83333333333333,-0.2716049382716049
Karachi,2026-05-23 22:29:07.097653,82,29.35668057456214,48.60647992926627,55.011728052332714,48.499189110616705,0.6149623571106742,32.83686609657997,65.15342317394155,2.261512216768486,1012.2934273729966,22,5,5,1,59.0,60.0,98.0,44.0,74.0,72.16666666666667,0.38983050847457634
Karachi,2026-05-23 23:29:07.097653,50,29.49712862742237,31.249435061666208,5.4522722263890335,38.939160262173615,2.37917423517723,28.619169310743075,64.73341411136717,6.181670667853943,1008.9136173730888,23,5,5,1,82.0,81.0,76.0,50.0,63.666666666666664,67.83333333333333,-0.3902439024390244
Karachi,2026-05-24 00:29:07.097653,39,15.996101056138338,17.529741724535043,45.484517938539696,15.087750908856766,2.4709834999572626,29.720032930476446,48.74732568789939,3.717108919779642,1017.6237175430338,0,6,5,1,50.0,59.0,75.0,43.0,57.0,61.833333333333336,-0.21999999999999997
Karachi,2026-05-24 01:29:07.097653,28,15.1708021086987,18.67284250160842,13.368133780573409,59.98850691816139,0.3988008923192094,26.614249662243697,76.66097847907051,2.1830009636875873,1012.3230076998419,1,6,5,1,39.0,82.0,60.0,40.0,39.0,56.5,-0.28205128205128205
Karachi,2026-05-24 02:29:07.097653,26,7.74772455982727,28.425962160411885,55.172629209978,59.19955763772228,0.6307609244098864,25.5648995281112,58.0888767219367,1.4118325867891062,1014.6538923716802,2,6,5,1,28.0,50.0,81.0,32.0,31.0,47.333333333333336,-0.0714285714285714
Karachi,2026-05-24 03:29:07.097653,35,15.825481106451107,14.790096164931022,54.10377667744372,52.98305248807945,1.2317530030622499,21.48067730893549,49.31826154652586,2.853053890871564,1013.3131043688929,3,6,5,1,26.0,39.0,59.0,57.0,29.666666666666668,43.333333333333336,0.34615384615384626
Karachi,2026-05-24 04:29:07.097653,69,29.158309861784875,50.778621005294106,40.96456305030915,45.718385235445446,0.7099336479576961,19.8298736572068,56.59916972716442,1.0447063256903888,1008.5467307197755,4,6,5,1,35.0,28.0,82.0,42.0,43.333333333333336,41.166666666666664,0.9714285714285715
Karachi,2026-05-24 05:29:07.097653,79,22.498275137668593,59.90456346512631,41.972878239033285,40.36490815451609,1.1005368659791432,21.690829791241026,68.18293498175076,5.057754883357888,1017.5274660099254,5,6,5,1,69.0,26.0,50.0,83.0,61.0,46.0,0.14492753623188404
Karachi,2026-05-24 06:29:07.097653,56,32.5892313401104,27.240043769486444,5.29365280833287,51.52897650915946,0.5840119696911934,15.968701653044167,76.32354660902216,0.6166841080484682,1015.9253722611433,6,6,5,1,79.0,35.0,39.0,81.0,68.0,48.833333333333336,-0.2911392405063291
Karachi,2026-05-24 07:29:07.097653,101,46.92928073029968,49.073650797805996,59.167936136248116,26.33768162098847,1.3043258647879385,15.317084587603357,64.09454430287423,2.7209719433338586,1009.4909789446939,7,6,5,1,56.0,69.0,28.0,65.0,78.66666666666667,61.0,0.8035714285714286
Karachi,2026-05-24 08:29:07.097653,87,33.115657109169426,55.068137736223164,53.28079319666979,75.88813449243534,0.8977281555723704,16.896837485568845,66.27974949141867,4.220267090175868,1017.8164887628826,8,6,5,1,101.0,79.0,26.0,90.0,81.33333333333333,71.16666666666667,-0.13861386138613863
Karachi,2026-05-24 09:29:07.097653,103,35.85469074387259,57.66979898709281,54.23084241515506,51.21561704261607,1.074191122669054,15.728812639315546,46.94729679713742,3.6842388402193142,1015.3690137217171,9,6,5,1,87.0,56.0,35.0,89.0,97.0,82.5,0.1839080459770115
Karachi,2026-05-24 10:29:07.097653,130,53.80343668396357,93.04726867572273,41.25844953779796,31.78347110480636,0.5074878332180447,16.301739505198896,85.73454623541161,1.5654340539686622,1012.7232165042831,10,6,5,1,103.0,101.0,69.0,110.0,106.66666666666667,92.66666666666667,0.2621359223300972
Karachi,2026-05-24 11:29:07.097653,122,49.405634307734,73.73667903999167,23.963281075999507,41.47758956196101,1.2418817115623118,19.55329769292421,86.43620989960222,4.320517413413098,1014.1137005655958,11,6,5,1,130.0,87.0,79.0,129.0,118.33333333333333,99.83333333333333,-0.06153846153846154
Karachi,2026-05-24 12:29:07.097653,105,44.167160855381155,57.16562890456608,54.150675699976446,66.39793522138245,2.4631667441154534,17.98986828619259,74.17132952090019,1.2279212232281849,1009.0673668201459,12,6,5,1,122.0,103.0,56.0,81.0,119.0,108.0,-0.139344262295082
Karachi,2026-05-24 13:29:07.097653,95,39.20184354394755,48.18865875637196,21.033431048315578,21.31312425112082,1.0234327031386188,20.91352316935256,40.88157044670123,2.95523068700638,1013.6041151001562,13,6,5,1,105.0,130.0,101.0,110.0,107.33333333333333,107.0,-0.09523809523809523
Karachi,2026-05-24 14:29:07.097653,73,32.01261738396707,52.94135832888279,35.94913488382116,30.49849357221823,2.2281444046533574,29.108191165847288,66.85371079516631,4.303683143960711,1008.7366107201706,14,6,5,1,95.0,122.0,87.0,103.0,91.0,104.66666666666667,-0.2315789473684211
Karachi,2026-05-24 15:29:07.097653,90,43.40688995574308,49.68607039550258,10.485203478913531,57.56556159155888,2.1550381115721073,27.989502478758183,71.46094860443068,3.9258255589862263,1013.448552571193,15,6,5,1,73.0,105.0,103.0,111.0,86.0,102.5,0.23287671232876717
Karachi,2026-05-24 16:29:07.097653,91,39.57373459267707,55.45045824623417,55.70755965730126,32.08424445375567,2.3945285202538633,27.506873295460178,89.73271114790549,1.649921977161064,1013.5269568876279,16,6,5,1,90.0,95.0,130.0,98.0,84.66666666666667,96.0,0.011111111111111072
Karachi,2026-05-24 17:29:07.097653,72,23.934473883773443,51.420549028384556,12.742375177416733,65.47511773030263,2.038240926987608,31.493284406024774,89.80334775973984,5.394989033128727,1016.7443878516075,17,6,5,1,91.0,73.0,122.0,76.0,84.33333333333333,87.66666666666667,-0.20879120879120883
Karachi,2026-05-24 18:29:07.097653,78,38.025272461008434,42.94462048072261,17.3693243151724,19.131744102415258,1.7511130195293931,33.06286418424877,82.88056176627788,3.173389142971068,1015.2505750027229,18,6,5,1,72.0,90.0,105.0,75.0,80.33333333333333,83.16666666666667,0.08333333333333326
Karachi,2026-05-24 19:29:07.097653,73,37.558355573963794,43.66549350486225,35.697378697051825,63.388031931822596,2.1844857773004067,34.71623545049302,43.191549601305674,4.485990821878303,1010.4955239221512,19,6,5,1,78.0,91.0,95.0,60.0,74.33333333333333,79.5,-0.0641025641025641
Karachi,2026-05-24 20:29:07.097653,61,40.41114778171196,36.84374888514714,47.025115011713986,14.784620039539636,0.4664182974461692,32.74568794108654,87.6638195389365,6.058202013346495,1016.8842614218786,20,6,5,1,73.0,72.0,73.0,81.0,70.66666666666667,77.5,-0.1643835616438356
Karachi,2026-05-24 21:29:07.097653,49,13.99723297462269,34.888650803359745,39.06432182649644,10.881482886724635,1.3182274458373773,34.68040201585833,70.63306235759995,5.235041097549214,1013.7324266484801,21,6,5,1,61.0,78.0,90.0,59.0,61.0,70.66666666666667,-0.19672131147540983
Karachi,2026-05-24 22:29:07.097653,56,23.834033252138482,38.65538946366326,17.76736520400859,72.87564631825134,2.4763637249531296,27.851310180511163,80.04433852395897,5.240258812662088,1014.0637947857404,22,6,5,1,49.0,73.0,91.0,82.0,55.333333333333336,64.83333333333333,0.1428571428571428
Karachi,2026-05-24 23:29:07.097653,57,12.6500404660027,32.82989112288282,5.051867339011968,50.6937451852609,1.993120332848411,28.544237988540875,60.35964248429268,3.3853598596989443,1009.6898136922218,23,6,5,1,56.0,61.0,72.0,50.0,54.0,62.333333333333336,0.017857142857142794
Karachi,2026-05-25 00:29:07.097653,33,16.223351317238972,20.695600794986525,46.64328191690915,34.627882796076804,2.4165658316818908,29.32774280347291,55.98347356172949,4.587870241821019,1016.5777359596912,0,0,5,0,57.0,49.0,78.0,39.0,48.666666666666664,54.833333333333336,-0.42105263157894735
Karachi,2026-05-25 01:29:07.097653,72,26.133482872174937,40.337494452325295,59.18640292511015,26.28162458746953,2.015195583493654,27.72981942643575,63.1622072741904,3.427193149128632,1017.3096511501655,1,0,5,0,33.0,56.0,73.0,28.0,54.0,54.666666666666664,1.1818181818181817
Karachi,2026-05-25 02:29:07.097653,52,30.633395335005936,19.703350285966188,49.54522161683497,53.18200482825713,2.224740328372717,23.176435424662717,47.34372564844135,0.5813510644431732,1015.7499064949491,2,0,5,0,72.0,57.0,61.0,26.0,52.333333333333336,53.166666666666664,-0.2777777777777778
Karachi,2026-05-25 03:29:07.097653,59,19.754741513337606,37.5025314043308,30.311363998613842,45.63015284757167,1.8543651910670202,23.44828762170615,57.8533069376653,3.605487585010085,1017.4075245264501,3,0,5,0,52.0,33.0,49.0,35.0,61.0,54.833333333333336,0.13461538461538458
Karachi,2026-05-25 04:29:07.097653,75,21.803371349703035,60.511463895973556,54.70719937695086,79.41184428709896,1.9731044097179278,19.75231950262548,82.88087498841392,3.512721967476931,1011.0229990412234,4,0,5,0,59.0,72.0,56.0,69.0,62.0,58.0,0.27118644067796605
Karachi,2026-05-25 05:29:07.097653,75,27.937149542838164,38.37044924399764,27.54162202150925,78.82511906576221,1.4509916216469017,18.789227562053288,41.89752431304407,4.167458723043638,1016.6111916836277,5,0,5,0,75.0,52.0,57.0,79.0,69.66666666666667,61.0,0.0
Karachi,2026-05-25 06:29:07.097653,94,27.84138094739378,50.393992028397584,33.871374633390715,54.451719629912674,2.3333229417910926,20.121344371054512,47.54390234123022,2.7440060495732097,1012.8889314286374,6,0,5,0,75.0,59.0,33.0,56.0,81.33333333333333,71.16666666666667,0.2533333333333334
Karachi,2026-05-25 07:29:07.097653,92,40.58407080497775,48.277038125511865,31.242137206762578,41.00093542741234,2.1150856033713956,19.090468383464653,46.25580798247427,1.4770888864722986,1009.6391720294358,7,0,5,0,94.0,75.0,72.0,101.0,87.0,74.5,-0.021276595744680882
Karachi,2026-05-25 08:29:07.097653,85,23.999960520875774,57.28479785802104,29.61931299660387,44.379867839426346,2.156546924464391,15.005879345273476,60.1537771350114,4.313012166350454,1014.688005990334,8,0,5,0,92.0,75.0,52.0,87.0,90.33333333333333,80.0,-0.07608695652173914
Karachi,2026-05-25 09:29:07.097653,106,42.796590431390975,67.56933742178428,47.63549231116482,57.77353463658034,1.7806200221187154,15.158090465647248,89.84934504454309,0.37345542549550403,1014.8412027070588,9,0,5,0,85.0,94.0,59.0,103.0,94.33333333333333,87.83333333333333,0.24705882352941178
Karachi,2026-05-25 10:29:07.097653,88,25.140888502208313,52.02661986290229,33.97228989982206,17.110218096476697,0.9700758835919479,17.24944997861786,48.667896510569136,5.9176382717129385,1010.8692451375668,10,0,5,0,106.0,92.0,75.0,130.0,93.0,90.0,-0.16981132075471694
Karachi,2026-05-25 11:29:07.097653,110,42.64097912744475,59.01954973208021,22.419441711386884,32.98464516675027,0.3783855498583065,19.28965314816177,47.27413247996301,2.5371638775900154,1008.2749333162757,11,0,5,0,88.0,85.0,75.0,122.0,101.33333333333333,95.83333333333333,0.25
Karachi,2026-05-25 12:29:07.097653,109,52.01751083515591,66.43994441731925,19.19869922121631,15.269056870252271,2.358441284700998,19.684203022850518,85.75278648880771,3.4910563441123363,1009.9984725908556,12,0,5,0,110.0,106.0,94.0,105.0,102.33333333333333,98.33333333333333,-0.009090909090909038
Karachi,2026-05-25 13:29:07.097653,105,44.145648229012565,50.99663613906394,7.0761024332088365,15.13525316618437,1.5894647673720934,25.01073252477917,84.10252584829828,4.117116306563144,1011.9977754767389,13,0,5,0,109.0,88.0,92.0,95.0,108.0,100.5,-0.03669724770642202
Karachi,2026-05-25 14:29:07.097653,104,37.30361175195501,63.57903220002947,37.07573390356753,23.708746932596362,0.9559145365259085,25.69477968341711,41.61201849982772,4.181376089688381,1009.6756291105987,14,0,5,0,105.0,110.0,85.0,73.0,106.0,103.66666666666667,-0.00952380952380949
Karachi,2026-05-25 15:29:07.097653,72,29.03816965655732,50.76347574058258,17.647877847056883,43.967727821525884,0.6280972372645832,27.882722580569023,77.58529800896575,0.1820314000965304,1009.9402994823961,15,0,5,0,104.0,109.0,106.0,90.0,93.66666666666667,98.0,-0.3076923076923077
Karachi,2026-05-25 16:29:07.097653,86,34.797734913776466,42.05188273726192,13.14736571090107,64.93420248139526,2.1249509641016604,26.466922342110056,72.77328507382148,4.648173161088527,1011.9139066438227,16,0,5,0,72.0,105.0,88.0,91.0,87.33333333333333,97.66666666666667,0.19444444444444442
Karachi,2026-05-25 17:29:07.097653,89,38.02604967729397,41.234200707478095,40.96064801052227,43.984712381611075,2.1403444277846737,32.99143568425994,78.38704049263545,3.6063076567525467,1017.6178661430856,17,0,5,0,86.0,104.0,110.0,72.0,82.33333333333333,94.16666666666667,0.03488372093023262
Karachi,2026-05-25 18:29:07.097653,82,26.124846535580275,62.07421066153548,42.466509180185184,33.48336273926088,2.0919175298871693,26.287865585794126,64.7251227397961,1.7294772308827822,1015.6424351540765,18,0,5,0,89.0,72.0,109.0,78.0,85.66666666666667,89.66666666666667,-0.0786516853932584
Karachi,2026-05-25 19:29:07.097653,56,25.690956982450658,29.198103803784324,46.36851907417163,15.764709323573069,1.71918192232693,34.39551751401129,89.56896092241479,1.5006660981081723,1011.1974840122656,19,0,5,0,82.0,86.0,105.0,73.0,75.66666666666667,81.5,-0.31707317073170727
Karachi,2026-05-25 20:29:07.097653,83,20.072288887174338,59.47895333533289,32.69672929862253,48.52068662281907,1.105233852702127,34.86862347534154,42.19235093554816,2.331893835886309,1017.5160406891855,20,0,5,0,56.0,89.0,104.0,61.0,73.66666666666667,78.0,0.4821428571428572
Karachi,2026-05-25 21:29:07.097653,45,15.168246774655378,26.244522983128988,54.17300328621376,28.98880105382237,0.9689546265165654,31.862604235756628,51.71857932019029,0.4025166267790161,1014.4564679225873,21,0,5,0,83.0,82.0,72.0,49.0,61.333333333333336,73.5,-0.45783132530120485
Karachi,2026-05-25 22:29:07.097653,68,24.983069145489438,39.84101900109012,56.49885143690253,53.04539245420032,0.3188204942599744,34.47402366477036,59.827299348680754,6.444534781974051,1012.5544964464013,22,0,5,0,45.0,56.0,86.0,56.0,65.33333333333333,70.5,0.5111111111111111
Karachi,2026-05-25 23:29:07.097653,57,26.13869038611748,37.96538597961509,49.40540168858692,78.40314173926929,2.1339366291141286,30.530659143583687,62.48889707828516,5.9723026502866885,1012.6830019895515,23,0,5,0,68.0,83.0,89.0,57.0,56.666666666666664,65.16666666666667,-0.16176470588235292
Karachi,2026-05-26 00:29:07.097653,40,16.235790404321527,17.111963357434245,39.957641510450294,17.792002503428513,0.49235193448601344,29.12486340665488,86.06837013497594,3.9034004019518784,1012.1074446783539,0,1,5,0,57.0,45.0,82.0,33.0,55.0,58.166666666666664,-0.29824561403508776
Karachi,2026-05-26 01:29:07.097653,77,24.03294017090682,47.65111030824754,21.704652447515375,24.848777910535794,1.6876609956896889,27.749609935628598,68.00021820386294,2.5532031673158184,1010.3299205254594,1,1,5,0,40.0,68.0,56.0,72.0,58.0,61.666666666666664,0.925
Karachi,2026-05-26 02:29:07.097653,36,9.520908534962778,18.61689592747904,59.061970689112165,43.11661766695623,1.4089648830481944,31.37314982362211,42.25554977601969,2.6057840241252093,1011.8663219221371,2,1,5,0,77.0,57.0,83.0,52.0,51.0,53.833333333333336,-0.5324675324675325
Karachi,2026-05-26 03:29:07.097653,72,30.023043715158472,32.9805179538919,20.07748919555661,77.80296707421506,1.4587165896379728,25.61831545534584,60.393148171283094,4.516131412347936,1013.2789638404339,3,1,5,0,36.0,40.0,45.0,59.0,61.666666666666664,58.333333333333336,1.0
Karachi,2026-05-26 04:29:07.097653,80,31.608157198935093,50.705097460198,16.14613070947371,64.02668433889968,2.338768259677101,22.402262401425837,60.82452061845349,6.515653799003902,1013.2802735073022,4,1,5,0,72.0,77.0,68.0,75.0,62.666666666666664,60.333333333333336,0.11111111111111116
Karachi,2026-05-26 05:29:07.097653,62,21.97482965613115,35.199212851441494,29.318476258262052,72.87604352139812,0.36955302479673263,17.51753677730523,88.27454692188924,1.8592065208065136,1015.6173690221252,5,1,5,0,80.0,36.0,57.0,75.0,71.33333333333333,61.166666666666664,-0.22499999999999998
Karachi,2026-05-26 06:29:07.097653,100,37.95062285282608,59.275989073021286,8.126231389181365,33.3600393933055,2.001462894183299,18.358976420683472,69.9598545510554,0.7648279147533517,1011.5879785715736,6,1,5,0,62.0,72.0,40.0,94.0,80.66666666666667,71.16666666666667,0.6129032258064515
Karachi,2026-05-26 07:29:07.097653,84,37.08638943943298,40.727036633141545,58.81719555694849,79.44269316450162,0.4145152764080757,15.64634520199468,71.78255355794694,6.095281547190542,1015.1679802930395,7,1,5,0,100.0,80.0,77.0,92.0,82.0,72.33333333333333,-0.16000000000000003
Karachi,2026-05-26 08:29:07.097653,99,37.143698911333075,72.32944560562113,37.36384560290337,17.198297124491017,0.38393793305782986,18.644221694565626,75.66265156256354,0.5742771751689029,1013.7809183876868,8,1,5,0,84.0,62.0,36.0,85.0,94.33333333333333,82.83333333333333,0.1785714285714286
Karachi,2026-05-26 09:29:07.097653,105,41.60675618672053,70.08453210138777,35.63236504152964,13.708103423227058,1.2455989359110402,17.553527341157167,78.50196578410616,0.9829383834947074,1017.6184540452683,9,1,5,0,99.0,100.0,72.0,106.0,96.0,88.33333333333333,0.06060606060606055
Karachi,2026-05-26 10:29:07.097653,103,52.43613533699269,70.09292566826079,41.068795394484596,69.89218389378198,0.43876538355452677,15.822753410496702,71.75255351012446,2.5062842149782942,1011.8528492603398,10,1,5,0,105.0,84.0,80.0,88.0,102.33333333333333,92.16666666666667,-0.01904761904761909
Karachi,2026-05-26 11:29:07.097653,121,41.3375463700079,70.24038171210782,32.33630062774637,74.90854091448904,2.0361166928444066,19.505394917344628,51.85971755669678,0.12086693561006223,1017.0121646426079,11,1,5,0,103.0,99.0,62.0,110.0,109.66666666666667,102.0,0.17475728155339798
Karachi,2026-05-26 12:29:07.097653,121,39.501718665439995,59.30793536894255,6.763493440199787,16.34097502822712,1.465038806026342,19.30116506056739,83.7022957170582,5.224298125613196,1016.2064254729829,12,1,5,0,121.0,105.0,100.0,109.0,115.0,105.5,0.0
Karachi,2026-05-26 13:29:07.097653,82,37.017866400032766,65.27321617397568,38.67712088622182,17.939919872208904,0.3638853218515038,23.23188008185493,76.60599002053151,4.7138105410102,1014.3766428458946,13,1,5,0,121.0,103.0,84.0,105.0,108.0,105.16666666666667,-0.3223140495867769
Karachi,2026-05-26 14:29:07.097653,125,46.82513099621167,74.83873938997633,44.389563232603685,12.322191042904167,0.38910151026022294,23.281845367269487,77.0935242548478,1.8504135455693658,1014.5451446674211,14,1,5,0,82.0,121.0,99.0,104.0,109.33333333333333,109.5,0.524390243902439
Karachi,2026-05-26 15:29:07.097653,76,28.919141807311426,39.77509580087636,27.921198334322924,17.315529384990686,1.6478707654268547,27.125527627541793,89.82783696173746,5.559228238355495,1008.8464993460641,15,1,5,0,125.0,121.0,105.0,72.0,94.33333333333333,104.66666666666667,-0.392
Karachi,2026-05-26 16:29:07.097653,110,40.28949533539438,69.62732843493981,46.65125646391561,24.659387176019663,2.073445998848491,30.50093972387019,80.1263267431658,5.898584856807652,1017.5022460559343,16,1,5,0,76.0,82.0,103.0,86.0,103.66666666666667,105.83333333333333,0.44736842105263164
Karachi,2026-05-26 17:29:07.097653,104,40.56705865835819,72.13605534732,17.48507146361313,77.90536332370007,1.263158968804502,30.55075026564217,81.45757015775766,2.7736587034198728,1009.0693606349574,17,1,5,0,110.0,125.0,121.0,89.0,96.66666666666667,103.0,-0.054545454545454564
Karachi,2026-05-26 18:29:07.097653,63,33.44689197919052,37.99689767937949,17.17021250864012,56.75021555677763,1.5200774773783738,31.146426695930728,87.57027578550792,2.098663644863985,1013.6323330874351,18,1,5,0,104.0,76.0,121.0,82.0,92.33333333333333,93.33333333333333,-0.3942307692307693
Karachi,2026-05-26 19:29:07.097653,66,30.43992802413284,49.87252994007835,13.877934322816568,64.49871178629795,2.0596247989097836,33.13395905242747,47.55669999244469,7.519204055484956,1011.3007080044915,19,1,5,0,63.0,110.0,82.0,56.0,77.66666666666667,90.66666666666667,0.04761904761904767
Karachi,2026-05-26 20:29:07.097653,48,23.676889548519277,37.71265749176153,25.4597117884039,64.32975825840654,1.6431135828920023,34.3943652415857,64.8863688239034,4.44232364416831,1012.2985197828986,20,1,5,0,66.0,104.0,125.0,83.0,59.0,77.83333333333333,-0.2727272727272727
Karachi,2026-05-26 21:29:07.097653,55,15.144057165065796,24.726739166827063,51.5856619463996,47.45516248454502,0.794472522849403,30.513040070549028,69.02835117953938,3.512649305937707,1014.1018301083682,21,1,5,0,48.0,63.0,76.0,45.0,56.333333333333336,74.33333333333333,0.14583333333333326
Karachi,2026-05-26 22:29:07.097653,49,14.003720766707948,24.248913328932623,50.535163418198536,65.8242284399112,1.6487144569128531,32.44951553968592,56.46378646112288,5.7270918932792245,1017.0885137788232,22,1,5,0,55.0,66.0,110.0,68.0,50.666666666666664,64.16666666666667,-0.10909090909090913
Karachi,2026-05-26 23:29:07.097653,62,10.891459980720086,45.29057722345897,26.05533143799271,51.70652726729787,1.68221480994347,33.29193588752718,81.97016719472528,3.6038612700060426,1012.575671235723,23,1,5,0,49.0,48.0,104.0,57.0,55.333333333333336,57.166666666666664,0.26530612244897966
Karachi,2026-05-27 00:29:07.097653,69,23.81494837130388,20.09187820459297,37.40153047891301,32.01822683223503,1.915035357938479,30.147313926553426,78.12098108228616,1.988758828161623,1017.8772955530644,0,2,5,0,62.0,55.0,63.0,40.0,60.0,58.166666666666664,0.11290322580645151
Karachi,2026-05-27 01:29:07.097653,71,33.56650888119921,41.97884387858647,44.64489740612036,49.27770761378805,1.6659232126249628,27.186060654154623,76.0441537254062,3.160319520975107,1013.928120653515,1,2,5,0,69.0,49.0,66.0,77.0,67.33333333333333,59.0,0.02898550724637672
Karachi,2026-05-27 02:29:07.097653,45,20.819419573858777,15.905380879678008,18.266372604541264,47.345601029415946,2.4323326870076833,26.27947501339779,89.85747198790834,5.077308574639471,1009.6055394264217,2,2,5,0,71.0,62.0,48.0,36.0,61.666666666666664,58.5,-0.3661971830985915
Karachi,2026-05-27 03:29:07.097653,55,21.151821068533646,29.576650663473195,14.24775972421109,67.64171376315244,0.7340342791775507,23.834440551385196,52.969068670419524,0.9843711326984272,1009.9000929483125,3,2,5,0,45.0,69.0,55.0,72.0,57.0,58.5,0.22222222222222232
Karachi,2026-05-27 04:29:07.097653,39,15.787869428084035,21.458495557777816,58.4652796266771,78.72090521671613,2.392399495047568,22.507202218319627,76.77286258377106,2.423938521121558,1015.1611103558926,4,2,5,0,55.0,71.0,49.0,80.0,46.333333333333336,56.833333333333336,-0.2909090909090909
Karachi,2026-05-27 05:29:07.097653,60,20.61452334691559,33.22247156642886,38.965652226529016,38.77297957946514,1.484346878770036,15.295282528541732,67.57022374529504,5.76611479716321,1008.5039779424338,5,2,5,0,39.0,45.0,62.0,62.0,51.333333333333336,56.5,0.5384615384615385
Karachi,2026-05-27 06:29:07.097653,94,38.812904210593665,52.26557468097625,58.97786470085151,63.43734749089518,1.7783035090888066,14.96488450239796,55.649459124693806,1.9762631978129648,1012.8034157622222,6,2,5,0,60.0,55.0,69.0,100.0,64.33333333333333,60.666666666666664,0.5666666666666667
Karachi,2026-05-27 07:29:07.097653,111,48.62871687992271,58.42183902674894,23.5765792922726,16.983410282669347,0.5188155143948177,19.28225168865393,48.02934353615629,6.09221712086282,1009.4821910980352,7,2,5,0,94.0,39.0,71.0,84.0,88.33333333333333,67.33333333333333,0.18085106382978733
Karachi,2026-05-27 08:29:07.097653,76,22.514472831668105,64.22615028763019,43.66674349857723,64.37819586138019,1.1372670710318356,13.989441647677118,84.79419185337736,5.829487638719625,1012.3321863517784,8,2,5,0,111.0,60.0,45.0,99.0,93.66666666666667,72.5,-0.3153153153153153
Karachi,2026-05-27 09:29:07.097653,92,38.428734258507944,70.33543976227261,17.243200009768074,35.99918383952625,1.99263412221898,18.075670661125866,69.77277413539227,2.8689417690220975,1015.4991742207172,9,2,5,0,76.0,94.0,55.0,105.0,93.0,78.66666666666667,0.21052631578947367
Karachi,2026-05-27 10:29:07.097653,105,46.896044658433034,54.05427889343929,19.36600942006521,12.757311402278066,1.855204233217779,17.367697457659908,81.24669188203973,1.8629213902219985,1012.5881292824143,10,2,5,0,92.0,111.0,39.0,103.0,91.0,89.66666666666667,0.14130434782608692
Karachi,2026-05-27 11:29:07.097653,113,43.19657542356961,80.56504931300823,33.15461666982932,35.42723249935241,0.3883066539639024,17.350767259315628,67.26724920007725,2.425282251700731,1009.6345110898093,11,2,5,0,105.0,76.0,60.0,121.0,103.33333333333333,98.5,0.07619047619047614
Karachi,2026-05-27 12:29:07.097653,97,42.64588194107304,55.517844396922364,22.578996902943917,52.74499256451514,1.5025073796939383,21.699299514294946,50.998854032700976,8.329228984002869,1010.5192537035664,12,2,5,0,113.0,92.0,94.0,121.0,105.0,99.0,-0.1415929203539823
Karachi,2026-05-27 13:29:07.097653,115,60.20874840461613,70.23671406003372,14.219186011232146,18.34751173770266,0.4942120245305008,23.331514646612977,56.87744065501626,6.748848893866487,1011.6753958865219,13,2,5,0,97.0,105.0,111.0,82.0,108.33333333333333,99.66666666666667,0.18556701030927836
Karachi,2026-05-27 14:29:07.097653,98,39.0275547980533,58.81771146530632,19.45843860941293,74.68241447011782,2.490884144191957,29.220685304192756,59.07694212367733,3.2507819436134766,1008.6956118348642,14,2,5,0,115.0,113.0,76.0,125.0,103.33333333333333,103.33333333333333,-0.14782608695652177
Karachi,2026-05-27 15:29:07.097653,100,42.36510299899552,55.31986249342161,6.966161695622555,15.4370689290987,2.2740524947732483,25.820929951748386,88.64674062518512,1.7836928967591812,1013.8433763608112,15,2,5,0,98.0,97.0,92.0,76.0,104.33333333333333,104.66666666666667,0.020408163265306145
Karachi,2026-05-27 16:29:07.097653,103,37.58742006971524,69.78737698088246,43.74329918126176,75.10047038832164,0.3463774529427813,31.880220240138346,40.281663919069125,3.2340820711625264,1014.0753379127805,16,2,5,0,100.0,115.0,105.0,110.0,100.33333333333333,104.33333333333333,0.030000000000000027
Karachi,2026-05-27 17:29:07.097653,87,36.05061797310613,53.723635484757075,32.06641613972239,59.49962625549805,2.189029073585788,31.36170007826101,89.28330115122534,3.4876538532335295,1008.6215192713257,17,2,5,0,103.0,98.0,113.0,104.0,96.66666666666667,100.0,-0.15533980582524276
Karachi,2026-05-27 18:29:07.097653,73,31.68304278175211,40.260115599506946,10.183368652248909,33.07985227899425,2.322745121228497,30.606159467190082,89.02308175549153,0.513282524781292,1012.0231132117416,18,2,5,0,87.0,100.0,97.0,63.0,87.66666666666667,96.0,-0.16091954022988508
Karachi,2026-05-27 19:29:07.097653,70,29.210724336565455,31.91805340241836,14.443169622067016,37.352524339636524,1.0778060896396013,34.32589952534704,89.80753952650683,3.1600825384305202,1012.1400068288473,19,2,5,0,73.0,103.0,115.0,66.0,76.66666666666667,88.5,-0.04109589041095896
Karachi,2026-05-27 20:29:07.097653,63,20.371345646223713,31.055973257399025,10.639399596195421,61.85665553129209,1.882903641105085,34.1314770089079,63.82940894598173,5.64480864962346,1011.338195685526,20,2,5,0,70.0,87.0,98.0,48.0,68.66666666666667,82.66666666666667,-0.09999999999999998
Karachi,2026-05-27 21:29:07.097653,53,22.326461303095925,18.810937744886225,38.6926044551732,52.10297706168451,1.2726282416571137,32.79909320002865,88.19044848104997,0.5987133624329468,1013.5773974033111,21,2,5,0,63.0,73.0,100.0,55.0,62.0,74.83333333333333,-0.15873015873015872
Karachi,2026-05-27 22:29:07.097653,50,27.365898472172308,30.18016655519754,10.18156999868716,57.015004501846164,1.7415114660679571,32.46079394315676,59.77995909249137,4.653167930274496,1011.4595749006011,22,2,5,0,53.0,70.0,103.0,49.0,55.333333333333336,66.0,-0.05660377358490565
Karachi,2026-05-27 23:29:07.097653,75,32.24395193013212,35.427834923064054,46.485528316936886,37.2415231559436,1.0486982894560213,29.462880187401318,41.314722033419336,5.749595940109559,1012.1640927947781,23,2,5,0,50.0,63.0,87.0,62.0,59.333333333333336,64.0,0.5
Karachi,2026-05-28 00:29:07.097653,58,28.175452633006635,32.92379093132281,6.128100562621515,44.14694372653193,1.0096303205931905,27.348425749490982,51.21735931858822,1.8788853098112637,1015.9752354744161,0,3,5,0,75.0,53.0,73.0,69.0,61.0,61.5,-0.22666666666666668
Karachi,2026-05-28 01:29:07.097653,46,17.45094832629308,38.91482709341729,18.715668339774066,79.29072388265254,1.233754555486674,28.589436708465332,87.26481224686924,6.388351516382112,1009.621093554302,1,3,5,0,58.0,50.0,70.0,71.0,59.666666666666664,57.5,-0.2068965517241379
Karachi,2026-05-28 02:29:07.097653,64,29.538922778769706,48.27852895584941,53.986667174054894,24.974600934980238,0.6202490690355025,24.552121151373452,40.68823466677,1.6193258751033093,1014.1911469530343,2,3,5,0,46.0,75.0,63.0,45.0,56.0,57.666666666666664,0.3913043478260869
Karachi,2026-05-28 03:29:07.097653,53,22.908140878308,32.009487378017106,44.51922249672353,39.249933056549196,2.1285057217578416,22.769281642681644,67.29970677114875,3.8821653237208076,1013.0559440169085,3,3,5,0,64.0,58.0,53.0,55.0,54.333333333333336,57.666666666666664,-0.171875
Karachi,2026-05-28 04:29:07.097653,82,28.284194177083688,48.861443929134566,9.013258310912825,30.42762313017771,1.0671353697956008,21.559643191888554,43.78007944473395,2.3864546306727394,1011.0507163747935,4,3,5,0,53.0,46.0,50.0,39.0,66.33333333333333,63.0,0.5471698113207548
Karachi,2026-05-28 05:29:07.097653,77,32.70462963595269,61.70703331330554,50.16193574668489,63.55780573078949,1.1803290185928594,19.873722440075237,54.31982892137893,2.386007285674793,1015.2753465649041,5,3,5,0,82.0,64.0,75.0,60.0,70.66666666666667,63.333333333333336,-0.060975609756097615
Karachi,2026-05-28 06:29:07.097653,78,26.397703818773074,51.20032966683162,32.11693168471126,63.48088379660045,2.266920147944718,15.21314382777636,44.404642535594334,1.765401860483909,1013.5118835954115,6,3,5,0,77.0,53.0,58.0,94.0,79.0,66.66666666666667,0.01298701298701288
Karachi,2026-05-28 07:29:07.097653,94,34.62772872166796,54.06574346512569,51.57306649428561,30.47118226981771,1.3925723909389771,19.84509756259717,82.97643105565282,4.39715096172404,1012.7736152696069,7,3,5,0,78.0,82.0,46.0,111.0,83.0,74.66666666666667,0.20512820512820507
Karachi,2026-05-28 08:29:07.097653,71,29.521384624050874,31.453969694419882,38.04068759477164,15.697322164308805,1.4973586005718986,17.242364303801356,69.55353548238529,4.697610915462898,1014.6766931477121,8,3,5,0,94.0,77.0,64.0,76.0,81.0,75.83333333333333,-0.24468085106382975
Karachi,2026-05-28 09:29:07.097653,84,35.210897927680364,53.73800058648755,42.50081676180723,10.800287367054283,2.4042958745096166,16.867286864043155,85.10532328591565,2.8711556008456225,1016.0229030798137,9,3,5,0,71.0,78.0,53.0,92.0,83.0,81.0,0.18309859154929575
Karachi,2026-05-28 10:29:07.097653,88,29.282592481633284,59.47772239119129,59.642585821763944,39.92153732697399,2.2507980429189764,18.933488780063986,74.41765997701143,0.2800635726554517,1017.7266879003357,10,3,5,0,84.0,94.0,82.0,105.0,81.0,82.0,0.04761904761904767
Karachi,2026-05-28 11:29:07.097653,111,49.718697339965445,61.619940529967444,17.778455025821,38.72363160350396,0.6728267595545669,19.816230137737346,88.55145656225498,3.8063403332687793,1014.2935036837638,11,3,5,0,88.0,71.0,77.0,113.0,94.33333333333333,87.66666666666667,0.26136363636363646
Karachi,2026-05-28 12:29:07.097653,135,57.255121388412924,83.92225703647009,39.31700661187636,79.18729150479041,1.3410730658198313,22.534125378979404,65.49388273802033,3.844028718821388,1016.7443998540039,12,3,5,0,111.0,84.0,78.0,97.0,111.33333333333333,97.16666666666667,0.21621621621621623
Karachi,2026-05-28 13:29:07.097653,142,53.4552686145702,82.55977982961669,30.31767645315691,42.886145298837576,2.4368517003428,24.005414983481717,71.93552908814372,2.5665699772271453,1008.0109154102296,13,3,5,0,135.0,88.0,94.0,115.0,129.33333333333334,105.16666666666667,0.051851851851851816
Karachi,2026-05-28 14:29:07.097653,115,38.53268747181193,67.85865798749468,7.169857410748029,27.949285870279443,1.1192058561029259,26.435692457992534,68.81544099445283,6.734462574361617,1013.3023569272589,14,3,5,0,142.0,111.0,71.0,98.0,130.66666666666666,112.5,-0.1901408450704225
Karachi,2026-05-28 15:29:07.097653,108,42.76582532849816,45.332945875359314,5.795885282657577,72.38606087220272,1.1174608387356402,29.7725401722752,64.21302147233064,0.12785852980130796,1010.146475487702,15,3,5,0,115.0,135.0,84.0,100.0,121.66666666666667,116.5,-0.060869565217391286
Karachi,2026-05-28 16:29:07.097653,67,24.963935025777765,39.016229162896266,11.557571779982226,44.374756475750495,0.7290665099361395,30.767249097941942,82.29796827115064,1.4345674205071361,1008.9419245708314,16,3,5,0,108.0,142.0,88.0,103.0,96.66666666666667,113.0,-0.37962962962962965
Karachi,2026-05-28 17:29:07.097653,79,32.41548802809123,55.52963303350361,40.70004572962014,51.94229446474045,0.5515108510620754,30.335881808835254,72.22625678351801,1.5383302006046582,1013.3197101706439,17,3,5,0,67.0,115.0,111.0,87.0,84.66666666666667,107.66666666666667,0.17910447761194037
Karachi,2026-05-28 18:29:07.097653,68,25.457714182772737,35.85872578829338,36.19396983523657,16.696809729974888,1.92867053966316,29.682400918121843,80.06561324277364,4.420849068182899,1015.4682650614909,18,3,5,0,79.0,108.0,135.0,73.0,71.33333333333333,96.5,-0.1392405063291139
Karachi,2026-05-28 19:29:07.097653,62,15.131801565538009,38.17383974961711,35.438625864005004,36.804148513084186,1.9940670311433364,36.06300247632158,79.31819683012066,0.8883107251323183,1012.1227252247438,19,3,5,0,68.0,67.0,142.0,70.0,69.66666666666667,83.16666666666667,-0.08823529411764708
Karachi,2026-05-28 20:29:07.097653,62,23.049402396985478,31.439099979201536,6.752121939054305,76.09565721316507,2.4318285197066,32.524553253305776,49.55225803276477,1.0380581629478494,1014.7010744934444,20,3,5,0,62.0,79.0,115.0,63.0,64.0,74.33333333333333,0.0
Karachi,2026-05-28 21:29:07.097653,51,19.154079604237108,33.90679614971019,30.811664799800386,51.26537689227978,2.0015200639917987,31.781191783591506,72.50817662588219,4.902042672356309,1012.8971925384095,21,3,5,0,62.0,68.0,108.0,53.0,58.333333333333336,64.83333333333333,-0.17741935483870963
Karachi,2026-05-28 22:29:07.097653,24,12.900201416202307,12.86565885820863,55.85425498133907,34.11512985997231,0.8353754868739172,28.45474959474663,49.98240095906671,3.925095845595499,1012.3708586595942,22,3,5,0,51.0,62.0,67.0,50.0,45.666666666666664,57.666666666666664,-0.5294117647058824
Karachi,2026-05-28 23:29:07.097653,62,21.405353248181136,29.83059510639852,26.867552812085563,53.796702644211514,0.388256472234734,31.333800460116603,69.16602391218854,3.7541218192567998,1010.9025664043586,23,3,5,0,24.0,62.0,79.0,75.0,45.666666666666664,54.833333333333336,1.5833333333333335
Karachi,2026-05-29 00:29:07.097653,33,21.956915212423993,31.005724509662763,39.3707358383651,73.72877627046813,2.4679622456132524,29.297773207907536,73.87173422231503,4.562857838931056,1011.82593514501,0,4,5,0,62.0,51.0,68.0,58.0,39.666666666666664,49.0,-0.467741935483871
Karachi,2026-05-29 01:29:07.097653,54,12.286168515939293,40.19801301205484,47.8900271592729,29.179342033081305,1.0489915301959327,24.040322488321205,89.86175357937934,2.1496140934542316,1011.4979563079443,1,4,5,0,33.0,24.0,62.0,46.0,49.666666666666664,47.666666666666664,0.6363636363636365
Karachi,2026-05-29 02:29:07.097653,85,40.6080286620997,46.23903264820447,48.11589035280382,45.35817029294721,0.9863373933513258,25.90654808426635,41.527098907486916,2.2420318518836173,1014.4618718401488,2,4,5,0,54.0,62.0,62.0,64.0,57.333333333333336,51.5,0.5740740740740742
Karachi,2026-05-29 03:29:07.097653,44,16.876816221852366,30.979923089706553,33.56040453173992,77.10834577382288,2.2931014614486416,21.933063797776953,44.562119705686044,4.61955854512285,1009.1601851127914,3,4,5,0,85.0,33.0,51.0,53.0,61.0,50.333333333333336,-0.48235294117647054
Karachi,2026-05-29 04:29:07.097653,27,15.116199225239802,20.526708317846076,52.1873569971285,22.067730030891685,1.5872197767989695,26.380630014577388,43.851334818561575,0.310226438437601,1008.9263636868781,4,4,5,0,44.0,54.0,24.0,82.0,52.0,50.833333333333336,-0.38636363636363635
Karachi,2026-05-29 05:29:07.097653,67,27.57715354778275,45.90562907132303,26.52579513500608,60.37647479176981,0.772716582468096,18.204423366325884,59.918064313337,1.2854396927970928,1014.6001299420845,5,4,5,0,27.0,85.0,62.0,77.0,46.0,51.666666666666664,1.4814814814814814
Karachi,2026-05-29 06:29:07.097653,96,44.303535490118776,44.35458954702652,53.87812681316391,53.01367057420877,2.2560117339757273,17.201410105328904,81.07941807429069,2.1334316527442914,1013.4629806987888,6,4,5,0,67.0,44.0,33.0,78.0,63.333333333333336,62.166666666666664,0.4328358208955223
Karachi,2026-05-29 07:29:07.097653,117,44.91910344378976,78.33672222809174,18.212494151754992,57.57725917984444,2.4853938811204355,15.523040941178719,82.20281663935678,4.861746578131383,1012.3020009674266,7,4,5,0,96.0,27.0,54.0,94.0,93.33333333333333,72.66666666666667,0.21875
Karachi,2026-05-29 08:29:07.097653,76,25.129600307396437,41.3764619465224,20.411902384481408,34.585374146729876,0.4906928345318276,19.555753042083943,76.84897978605758,3.5111193979736064,1009.524428844079,8,4,5,0,117.0,67.0,85.0,71.0,96.33333333333333,71.16666666666667,-0.3504273504273504
Karachi,2026-05-29 09:29:07.097653,108,50.56799815001302,62.335591602956406,7.921634330945061,31.971556143863545,2.196953582265472,16.52704180075795,84.84391209149739,4.714583008246031,1012.1102711186932,9,4,5,0,76.0,96.0,44.0,84.0,100.33333333333333,81.83333333333333,0.42105263157894735
Karachi,2026-05-29 10:29:07.097653,99,39.03303887532224,80.50371717518101,48.75700100982556,57.894676941185935,1.1591345349056668,16.6219684621935,56.14299720847262,1.0325886208463304,1015.8973176332001,10,4,5,0,108.0,117.0,27.0,88.0,94.33333333333333,93.83333333333333,-0.08333333333333337
Karachi,2026-05-29 11:29:07.097653,107,44.063212157765065,66.84811673023411,27.938037992798808,25.088029957318174,1.4529593823147497,20.757055770348707,44.40773221261496,3.6309936166469834,1016.8962123578925,11,4,5,0,99.0,76.0,67.0,111.0,104.66666666666667,100.5,0.08080808080808088
Karachi,2026-05-29 12:29:07.097653,149,66.03981965232619,86.70851031957591,17.60141376512695,39.375832140130356,2.3125951466829577,18.23929412917363,42.90765139949251,4.307729009284756,1015.0257656996422,12,4,5,0,107.0,108.0,96.0,135.0,118.33333333333333,109.33333333333333,0.39252336448598135
Karachi,2026-05-29 13:29:07.097653,86,29.41351173462573,34.217576935599595,17.748465268911882,23.17222522370426,2.4414342307052577,24.17966873167773,82.60663598096932,0.2984051547786306,1008.5991217588088,13,4,5,0,149.0,99.0,117.0,142.0,114.0,104.16666666666667,-0.42281879194630867
Karachi,2026-05-29 14:29:07.097653,109,46.89219730257699,76.9902272931419,54.576996767607824,10.581338878633082,0.8767606028993586,28.562799433201715,76.52181471768456,4.72411518109309,1014.7040977660112,14,4,5,0,86.0,107.0,76.0,115.0,114.66666666666667,109.66666666666667,0.2674418604651163
Karachi,2026-05-29 15:29:07.097653,108,40.341966622516715,54.175483240777936,50.86541302535703,77.90401520266487,0.7682716961118103,28.203768026490344,74.93076530055605,2.776962206988414,1010.4098558954629,15,4,5,0,109.0,149.0,108.0,108.0,101.0,109.66666666666667,-0.00917431192660545
Karachi,2026-05-29 16:29:07.097653,111,43.85387117141423,58.744565696458096,35.44419869464508,40.21920850594933,0.4771364289013261,30.27579663251985,56.98381692728344,9.142673403212005,1011.1525124302641,16,4,5,0,108.0,86.0,99.0,67.0,109.33333333333333,111.66666666666667,0.02777777777777768
Karachi,2026-05-29 17:29:07.097653,89,36.05512228897707,50.889772800380634,38.88609402286466,77.85447300938777,1.5359552758567037,32.39697468330735,58.99525943091131,1.3544721377934712,1009.9587320795998,17,4,5,0,111.0,109.0,107.0,79.0,102.66666666666667,108.66666666666667,-0.19819819819819817
Karachi,2026-05-29 18:29:07.097653,84,26.34719392978994,62.10374918913925,31.087906380266006,19.822646383747827,0.32992966999147016,35.34761928762654,87.90567644496596,5.738228735349502,1015.757557906202,18,4,5,0,89.0,108.0,149.0,68.0,94.66666666666667,97.83333333333333,-0.0561797752808989
Karachi,2026-05-29 19:29:07.097653,66,22.650094840136834,46.00233997468458,26.541659858334487,51.115674562024026,1.2061762547418604,35.14719453035076,43.190237204896754,2.2116838069478524,1014.4860212263728,19,4,5,0,84.0,111.0,86.0,62.0,79.66666666666667,94.5,-0.2142857142857143
Karachi,2026-05-29 20:29:07.097653,69,34.37012610953635,40.1594423924839,55.351228467008234,24.06818229538677,0.4614448366344188,33.87933944454605,78.68658684688964,0.23430342888008715,1014.1183505459918,20,4,5,0,66.0,89.0,109.0,62.0,73.0,87.83333333333333,0.045454545454545414
Karachi,2026-05-29 21:29:07.097653,53,25.88652091570095,34.64968396827602,11.908698693616614,65.30518888742924,1.1914967224445348,34.535189411584554,55.481666185419655,1.946089712870016,1014.6797260966928,21,4,5,0,69.0,84.0,108.0,51.0,62.666666666666664,78.66666666666667,-0.23188405797101452
Karachi,2026-05-29 22:29:07.097653,63,25.02392860708687,33.20260419761572,28.01457343439254,64.85920921326826,0.3878508163843404,30.156333379345288,41.95273092062781,3.554958482674932,1010.367722614039,22,4,5,0,53.0,66.0,111.0,24.0,61.666666666666664,70.66666666666667,0.18867924528301883
Karachi,2026-05-29 23:29:07.097653,45,19.406845360833845,28.404071618926867,23.950904939333142,17.882500432751826,2.1374779733392915,32.20944143098703,77.1285055371228,5.074933339130086,1012.4464441432536,23,4,5,0,63.0,69.0,89.0,62.0,53.666666666666664,63.333333333333336,-0.2857142857142857
Karachi,2026-05-30 00:29:07.097653,55,20.79138983523083,33.98059750334477,32.39828961381316,73.84451170134724,0.761425786664845,26.9888880576325,56.54559428391873,6.4439285762643514,1014.3325372154899,0,5,5,1,45.0,53.0,84.0,33.0,54.333333333333336,58.5,0.22222222222222232
Karachi,2026-05-30 01:29:07.097653,50,27.016230131561223,38.10012896908279,30.16975309998463,23.624075304225723,1.0222791627874064,26.33650752355691,76.10737593713984,5.843786177408685,1014.365940276183,1,5,5,1,55.0,63.0,66.0,54.0,50.0,55.833333333333336,-0.09090909090909094
Karachi,2026-05-30 02:29:07.097653,70,27.362233770248924,50.28341996834121,33.53892424080948,52.908413911255224,2.2141055925340623,18.834875649713524,75.382719155906,1.0692359585910112,1015.9185186275513,2,5,5,1,50.0,45.0,69.0,85.0,58.333333333333336,56.0,0.3999999999999999
Karachi,2026-05-30 03:29:07.097653,58,24.365566744904754,38.76135348399092,12.695543747484674,78.99435340613928,1.9417853349308514,23.732306957914755,66.73934377165575,5.260329384532234,1010.8710396668811,3,5,5,1,70.0,55.0,53.0,44.0,59.333333333333336,56.833333333333336,-0.17142857142857137
Karachi,2026-05-30 04:29:07.097653,38,21.09195591146904,20.14392732576925,33.22278258323024,71.76775743364547,0.7818843956125288,19.712255977783293,78.86865646052743,3.7825699142417473,1015.7033612169682,4,5,5,1,58.0,50.0,63.0,27.0,55.333333333333336,52.666666666666664,-0.3448275862068966
Karachi,2026-05-30 05:29:07.097653,91,32.57884303882417,60.633129049701566,18.333034763796597,76.95947499928182,0.4581787210464913,21.565436180916546,69.05191620856218,1.6907939581420242,1012.4018448061694,5,5,5,1,38.0,70.0,45.0,67.0,62.333333333333336,60.333333333333336,1.3947368421052633
Karachi,2026-05-30 06:29:07.097653,66,34.35955211730875,39.112661562612054,15.138224194350519,33.98191398526836,1.874482309081747,18.852181990935296,54.33184264241304,2.576178813045038,1014.7017269205893,6,5,5,1,91.0,58.0,55.0,96.0,65.0,62.166666666666664,-0.27472527472527475
Karachi,2026-05-30 07:29:07.097653,77,23.530923460620446,38.11953081430093,8.565882033240516,17.390294955362435,1.1595456115138405,19.520785179090705,76.70576505322094,1.5803146811105522,1012.5571938006528,7,5,5,1,66.0,38.0,50.0,117.0,78.0,66.66666666666667,0.16666666666666674
Karachi,2026-05-30 08:29:07.097653,86,42.574242891303044,48.41274601832106,46.94589073158775,23.184281130261507,1.985375998060087,14.832806910654924,69.45699079388618,3.074184683872912,1017.4861016979095,8,5,5,1,77.0,91.0,70.0,76.0,76.33333333333333,69.33333333333333,0.11688311688311681
Karachi,2026-05-30 09:29:07.097653,121,46.86853201350361,73.7740807701698,28.509305647110796,45.034642655362966,1.279648499225463,19.34936546400672,40.63636408449603,1.5406842354117596,1009.7930226474165,9,5,5,1,86.0,66.0,58.0,108.0,94.66666666666667,79.83333333333333,0.40697674418604657
Karachi,2026-05-30 10:29:07.097653,73,28.364765822414682,51.6491156116296,39.46540258214671,65.52607747913255,1.061205308539008,22.283509458451146,85.08220888851547,0.9440118535651219,1014.7500508858236,10,5,5,1,121.0,77.0,38.0,99.0,93.33333333333333,85.66666666666667,-0.39669421487603307
Karachi,2026-05-30 11:29:07.097653,156,52.96755026151408,92.15817629888595,45.01763388176089,20.510755092871264,1.2926518980672723,20.87146235037141,67.28218091621567,3.958238255565544,1013.7653500076816,11,5,5,1,73.0,86.0,91.0,107.0,116.66666666666667,96.5,1.1369863013698631
Karachi,2026-05-30 12:29:07.097653,125,48.062367267507845,65.83092159167761,42.362416592245445,56.181207258252996,1.946829768475489,22.580698017384577,83.43136327397659,4.2574610965192745,1009.7273104094775,12,5,5,1,156.0,121.0,66.0,149.0,118.0,106.33333333333333,-0.19871794871794868
Karachi,2026-05-30 13:29:07.097653,112,39.731510745109354,67.84974856674022,30.877539549932525,32.650432282765834,2.2848846303888233,23.268642991969703,84.13684194911224,2.6248059998167763,1008.6600633581166,13,5,5,1,125.0,73.0,77.0,86.0,131.0,112.16666666666667,-0.10399999999999998
Karachi,2026-05-30 14:29:07.097653,105,39.02470911484818,64.00205958302574,26.33441909234514,33.884145067450746,0.4094878324948662,23.950662438869273,62.24833283675443,5.735302607871945,1015.9914438897166,14,5,5,1,112.0,156.0,86.0,109.0,114.0,115.33333333333333,-0.0625
Karachi,2026-05-30 15:29:07.097653,105,41.51205099444012,64.78460976629879,25.677795030236506,56.334241111054844,1.4530453906993015,28.592937106223182,65.38299982256154,2.479138827009774,1009.5745133364627,15,5,5,1,105.0,125.0,121.0,108.0,107.33333333333333,112.66666666666667,0.0
Karachi,2026-05-30 16:29:07.097653,102,45.91569264264056,69.04907398304948,40.202683831153095,42.689959367325415,0.3722379439845307,25.987834179195865,60.7877193837801,2.3944509097489233,1009.8650668278577,16,5,5,1,105.0,112.0,73.0,111.0,104.0,117.5,-0.02857142857142858
Karachi,2026-05-30 17:29:07.097653,97,40.015138813933724,66.61706900611507,32.21368952180303,66.84233051181957,1.3305009990535892,29.821343999650747,62.471838765402275,4.320977964691394,1017.7843422398904,17,5,5,1,102.0,105.0,156.0,89.0,101.33333333333333,107.66666666666667,-0.0490196078431373
Karachi,2026-05-30 18:29:07.097653,88,36.87201006302626,48.2467532149777,51.70227363936809,20.91429567639789,2.247622224013181,28.386089625601144,84.75735794858639,2.7351488301133267,1015.1726085147664,18,5,5,1,97.0,105.0,125.0,84.0,95.66666666666667,101.5,-0.09278350515463918
Karachi,2026-05-30 19:29:07.097653,73,23.95405860207343,39.218335655060315,53.10860913796917,65.29637888369268,1.0954985861246813,31.320093855682384,79.40720069839554,3.169595458052287,1010.5048684160122,19,5,5,1,88.0,102.0,112.0,66.0,86.0,95.0,-0.17045454545454541
Karachi,2026-05-30 20:29:07.097653,62,20.412199030142396,28.902364529590287,14.380820790358516,14.49646736401946,2.351390926377415,34.28409018378712,46.3262838157789,2.04087694123813,1013.909489601516,20,5,5,1,73.0,97.0,105.0,69.0,74.33333333333333,87.83333333333333,-0.15068493150684936
Karachi,2026-05-30 21:29:07.097653,56,31.600704015596925,39.50114374800435,12.49285083501491,23.583771617192347,1.6873386376313408,33.73819336275348,70.5153890770048,3.0334147694759497,1013.3411183840251,21,5,5,1,62.0,88.0,105.0,53.0,63.666666666666664,79.66666666666667,-0.09677419354838712
Karachi,2026-05-30 22:29:07.097653,51,16.762240298654422,42.2479290754077,39.672050931979975,55.930480015221576,2.3551417563446138,32.030030621346455,89.79533201931712,0.6543918749425202,1016.4447326751384,22,5,5,1,56.0,73.0,102.0,63.0,56.333333333333336,71.16666666666667,-0.0892857142857143
Karachi,2026-05-30 23:29:07.097653,68,35.49255192602005,38.29661057532896,21.56741614342537,69.84479595577498,1.9657665759075436,30.9976562376164,69.77753506162429,0.5580988580022588,1015.2932074783263,23,5,5,1,51.0,62.0,97.0,45.0,58.333333333333336,66.33333333333333,0.33333333333333326
Karachi,2026-05-31 00:29:07.097653,58,22.34603433928084,33.41056598272781,6.021389532080438,27.687573941754433,0.527557366627277,25.228270764271578,79.29358127965529,0.32935492248899,1016.3172112549319,0,6,5,1,68.0,56.0,88.0,55.0,59.0,61.333333333333336,-0.1470588235294118
Karachi,2026-05-31 01:29:07.097653,20,8.01143968071752,23.73426045519181,53.87534681496253,32.903412408023904,0.8085330086378897,26.325427799678337,78.45307366905854,0.9148336929323477,1010.1150658797736,1,6,5,1,58.0,51.0,73.0,50.0,48.666666666666664,52.5,-0.6551724137931034
Karachi,2026-05-31 02:29:07.097653,63,30.894925614914953,42.35911254636802,17.479542198409455,47.5984523800718,1.1671750000837138,23.63729678712958,57.51587629361643,1.902292280735494,1014.4021920436701,2,6,5,1,20.0,68.0,62.0,70.0,47.0,52.666666666666664,2.15
Karachi,2026-05-31 03:29:07.097653,61,31.042597903767362,40.51458932951955,56.1104358427195,24.810096454251163,0.6742351404265673,21.61132825815075,58.59246513519794,2.027014768909029,1008.4024085841838,3,6,5,1,63.0,58.0,56.0,58.0,48.0,53.5,-0.031746031746031744
Karachi,2026-05-31 04:29:07.097653,64,25.333684659929176,29.304289144197107,44.45889479830395,66.7809383111254,1.3888055305086533,22.199157255627508,76.20382108952016,4.328550408514251,1008.6894061227922,4,6,5,1,61.0,20.0,51.0,38.0,62.666666666666664,55.666666666666664,0.049180327868852514
Karachi,2026-05-31 05:29:07.097653,66,24.621845472628742,45.27441566459001,46.945941945131636,64.15456515040326,1.3370099425432795,17.622131097497,64.99917658024175,3.444775628269394,1015.135270327046,5,6,5,1,64.0,63.0,68.0,91.0,63.666666666666664,55.333333333333336,0.03125
Karachi,2026-05-31 06:29:07.097653,96,38.465074077305026,50.68392375579606,16.080382268623822,20.17041983760471,2.4037702356602386,16.86243506946967,68.52853545651939,0.8021488576359714,1008.2442010264393,6,6,5,1,66.0,61.0,58.0,66.0,75.33333333333333,61.666666666666664,0.4545454545454546
Karachi,2026-05-31 07:29:07.097653,101,42.48077495512799,52.11431948347142,17.88069340892471,42.46808122716425,1.254201342371151,13.098454898268422,75.64528951824188,3.1665892750936155,1013.7976500890051,7,6,5,1,96.0,64.0,20.0,77.0,87.66666666666667,75.16666666666667,0.05208333333333326
Karachi,2026-05-31 08:29:07.097653,83,37.81925242740713,47.269928375453816,33.669726460323616,64.2379436658235,2.028378969433595,16.41175363924766,78.8787513519525,3.6365104931668544,1016.4040509844453,8,6,5,1,101.0,66.0,63.0,86.0,93.33333333333333,78.5,-0.17821782178217827
Karachi,2026-05-31 09:29:07.097653,107,42.94874439195654,59.705050857889155,14.465491895742419,33.61306717723903,2.3722031986732555,15.096918294260215,53.57582888665357,2.342866967494084,1011.7994180841803,9,6,5,1,83.0,96.0,61.0,121.0,97.0,86.16666666666667,0.28915662650602414
Karachi,2026-05-31 10:29:07.097653,91,39.65679592828132,53.070749102168,21.798743097566774,54.31747759024122,2.229375428142768,18.23020262710378,47.33968797184815,2.878228046186595,1008.4484043683991,10,6,5,1,107.0,101.0,64.0,73.0,93.66666666666667,90.66666666666667,-0.14953271028037385
Karachi,2026-05-31 11:29:07.097653,88,43.505199588089944,41.442248313903505,22.680436287129247,13.514918502030092,0.759068773925502,17.440929657022693,54.58973233618626,3.3806202507941134,1015.1384744962872,11,6,5,1,91.0,83.0,66.0,156.0,95.33333333333333,94.33333333333333,-0.03296703296703296
Karachi,2026-05-31 12:29:07.097653,100,42.146244713784135,68.0300754304317,13.779646328902025,52.60821323705226,1.3912657673577975,21.209084491098434,65.37691625460377,4.52919919527116,1017.2968645246415,12,6,5,1,88.0,107.0,96.0,125.0,93.0,95.0,0.13636363636363646
Karachi,2026-05-31 13:29:07.097653,121,50.32373502978926,82.16969648077949,16.28505583673384,20.68570860004249,1.0650275210510367,22.64007611769515,57.107065864851954,0.14975997492546922,1015.1717139205826,13,6,5,1,100.0,91.0,101.0,112.0,103.0,98.33333333333333,0.20999999999999996
Karachi,2026-05-31 14:29:07.097653,120,40.516500992219456,56.58784288337816,48.37035131045411,68.14083275801158,1.179689129301874,28.34408354608464,68.41813794237969,2.511365922720702,1013.7844724300278,14,6,5,1,121.0,88.0,83.0,105.0,113.66666666666667,104.5,-0.008264462809917328
Karachi,2026-05-31 15:29:07.097653,108,30.410143210677013,73.1733532875659,14.19577200009976,34.88146245063349,1.0937750177406527,28.064988321726553,42.673286206281425,6.016672196115458,1010.3002882987906,15,6,5,1,120.0,100.0,107.0,105.0,116.33333333333333,104.66666666666667,-0.09999999999999998
Karachi,2026-05-31 16:29:07.097653,105,44.29245336723882,57.04163304305896,6.565156551415736,29.7087703909737,2.117990262385009,25.320724254875394,65.48752058068837,5.833322616595913,1008.153756240445,16,6,5,1,108.0,121.0,91.0,102.0,111.0,107.0,-0.02777777777777779
Karachi,2026-05-31 17:29:07.097653,95,37.72877710751565,64.16015169174229,39.614521844591614,68.86222836980394,1.2947059212693846,28.127076561286962,58.399245346885394,4.70187385555156,1014.9467210847905,17,6,5,1,105.0,120.0,88.0,97.0,102.66666666666667,108.16666666666667,-0.09523809523809523
Karachi,2026-05-31 18:29:07.097653,70,25.57719705408858,41.679093701662104,58.679071566584746,13.510081615026714,1.4521275309383141,32.038619248260176,66.73333774464412,4.073649367911352,1010.310261758443,18,6,5,1,95.0,108.0,100.0,88.0,90.0,103.16666666666667,-0.26315789473684215
Karachi,2026-05-31 19:29:07.097653,78,32.70335774774512,47.45876460286808,23.216759804271675,37.762615953404136,2.4613841855035643,30.86771071352725,61.126667744248834,6.309269496804177,1016.5816267718236,19,6,5,1,70.0,105.0,121.0,73.0,81.0,96.0,0.11428571428571432
Karachi,2026-05-31 20:29:07.097653,77,30.500438505381556,44.7229045316794,11.526063675793877,35.90024784025219,0.4319543988213362,27.063263139528296,54.21129253187712,6.835696003213331,1012.6636411883261,20,6,5,1,78.0,95.0,120.0,62.0,75.0,88.83333333333333,-0.012820512820512775
Karachi,2026-05-31 21:29:07.097653,70,33.67936785781238,51.75773354083221,36.37130289521419,29.93602619746856,1.3735068075396475,35.42649923798004,85.20539527288179,2.741840023906295,1013.3063558237245,21,6,5,1,77.0,70.0,108.0,56.0,75.0,82.5,-0.09090909090909094
Karachi,2026-05-31 22:29:07.097653,71,29.171729724729488,33.195058974951664,54.84948161026054,73.82280324010338,2.0029357552814555,33.368651264086324,49.23824942106785,1.0611351134233598,1015.5393654426637,22,6,5,1,70.0,78.0,105.0,51.0,72.66666666666667,76.83333333333333,0.014285714285714235
Karachi,2026-05-31 23:29:07.097653,61,20.924096742386723,41.85079246148641,48.12339789056633,62.564987546170556,0.6325563080140983,31.698807996475924,74.06827877902799,2.4594153647510097,1015.7943060780334,23,6,5,1,71.0,77.0,95.0,68.0,67.33333333333333,71.16666666666667,-0.14084507042253525
Karachi,2026-06-01 00:29:07.097653,55,27.059520440045944,41.97367518699065,39.23837276269938,14.474621493435714,1.6453695081525028,27.785353909058166,86.23223562912071,9.193391027544106,1014.4265083308056,0,0,6,0,61.0,70.0,70.0,58.0,62.333333333333336,68.66666666666667,-0.09836065573770492
Karachi,2026-06-01 01:29:07.097653,67,25.744136139698735,45.9754079159679,22.328107313417966,60.02812146044679,0.8268225149758268,27.925905902840025,66.93349798427165,0.1387126854503884,1017.3843181541274,1,0,6,0,55.0,71.0,78.0,20.0,61.0,66.83333333333333,0.21818181818181825
Karachi,2026-06-01 02:29:07.097653,53,24.081251017453916,50.770442713225904,34.8034095301921,46.910939319015576,2.2082890490940486,23.591279351558235,83.82042442897409,2.058921720941165,1017.8229843632042,2,0,6,0,67.0,61.0,77.0,63.0,58.333333333333336,62.833333333333336,-0.20895522388059706
Karachi,2026-06-01 03:29:07.097653,45,15.83641718743112,23.103631975795093,10.018466271734045,73.06075260811055,1.0196192638801744,23.339162239615213,46.24257392166422,0.17461769501473734,1017.4688544437462,3,0,6,0,53.0,55.0,70.0,61.0,55.0,58.666666666666664,-0.15094339622641506
Karachi,2026-06-01 04:29:07.097653,62,21.77246378885024,45.190835905254374,42.34199833543685,31.90619321438509,1.023938197182001,19.158833548327046,64.6894385128204,3.2495277257547706,1016.2417918534394,4,0,6,0,45.0,67.0,71.0,64.0,53.333333333333336,57.166666666666664,0.37777777777777777
Karachi,2026-06-01 05:29:07.097653,61,24.845596740859538,35.788408302165216,44.8802810393708,50.191339972670804,1.616026532739366,22.375722651619647,62.85126402404697,0.5946179422102649,1015.0562522024425,5,0,6,0,62.0,53.0,61.0,66.0,56.0,57.166666666666664,-0.016129032258064502
Karachi,2026-06-01 06:29:07.097653,69,28.013073567872137,51.790644136051924,58.076739260045535,45.052869231869025,0.7038383978637992,14.931323461560801,40.40594035184974,2.782497954332764,1014.6332585788167,6,0,6,0,61.0,45.0,55.0,96.0,64.0,59.5,0.13114754098360648
Karachi,2026-06-01 07:29:07.097653,85,36.63785169377131,51.29656280963476,19.32185473097894,44.2692634359324,0.9267550055867344,19.737161048709115,62.16286706796672,0.9001903200375181,1009.0375017692054,7,0,6,0,69.0,62.0,67.0,101.0,71.66666666666667,62.5,0.2318840579710144
Karachi,2026-06-01 08:29:07.097653,83,31.90225170745152,46.765214456100594,6.015103047366246,41.92737796620489,1.2165900702627053,17.07783165603466,58.451487819129895,4.235241330169301,1010.7148434681911,8,0,6,0,85.0,61.0,53.0,83.0,79.0,67.5,-0.02352941176470591
Karachi,2026-06-01 09:29:07.097653,96,29.45571327755234,68.40484592557952,35.00846554349329,24.39406328725969,1.0780032989082429,16.293659399003474,73.48993638873077,5.444690512935949,1008.0568822352938,9,0,6,0,83.0,69.0,45.0,107.0,88.0,76.0,0.15662650602409633
Karachi,2026-06-01 10:29:07.097653,77,28.86674742574861,42.61342975338439,43.87347774182479,62.899694574467496,1.4547298796122814,18.40580261311597,86.91648892882593,2.232112755873082,1009.3740987023399,10,0,6,0,96.0,85.0,62.0,91.0,85.33333333333333,78.5,-0.19791666666666663
Karachi,2026-06-01 11:29:07.097653,112,48.839964495425534,56.00450216835523,48.47241117356434,41.593522291750205,1.619208316951726,20.809841764863982,44.289554413101826,2.729739985848596,1012.3922947716919,11,0,6,0,77.0,83.0,61.0,88.0,95.0,87.0,0.4545454545454546
Karachi,2026-06-01 12:29:07.097653,110,42.52035245595782,61.8760742128694,15.655641316364584,77.0961392501824,1.5466683982503622,23.733493473388794,56.373819335731156,2.6731855385373757,1009.4653655078907,12,0,6,0,112.0,96.0,69.0,100.0,99.66666666666667,93.83333333333333,-0.017857142857142905
Karachi,2026-06-01 13:29:07.097653,96,37.45666111648694,62.98513076629777,19.396407797036304,28.25658990349434,1.7391702863822511,23.5557336854469,62.2032368697126,3.3618213504500503,1017.0166341467676,13,0,6,0,110.0,77.0,85.0,121.0,106.0,95.66666666666667,-0.12727272727272732
Karachi,2026-06-01 14:29:07.097653,115,51.27966138553738,80.65797829670827,33.19250088970129,57.79206877389288,0.9770489365372046,23.218607829475445,62.75926890171917,2.9236608260671435,1016.0569918533528,14,0,6,0,96.0,112.0,83.0,120.0,107.0,101.0,0.19791666666666674
Karachi,2026-06-01 15:29:07.097653,115,42.55083606370331,70.05508830236897,23.1830445483501,75.8501955747376,0.5781376997410617,27.18181260835174,78.74048604211268,4.536233904861388,1008.7161191208952,15,0,6,0,115.0,110.0,96.0,108.0,108.66666666666667,104.16666666666667,0.0
Karachi,2026-06-01 16:29:07.097653,70,20.64062472257166,53.07753775855143,52.328131762309475,56.44208261112648,1.9737765911483698,32.63358647332475,62.16978329167204,5.466078266901891,1010.4891371546727,16,0,6,0,115.0,96.0,77.0,105.0,100.0,103.0,-0.3913043478260869
Karachi,2026-06-01 17:29:07.097653,76,29.726324272205495,34.928820432928696,31.056808455629614,70.98910353321762,2.1717168417875006,33.35221042051763,41.35806507268267,1.3718575550156342,1016.190718846115,17,0,6,0,70.0,115.0,112.0,95.0,87.0,97.0,0.08571428571428563
Karachi,2026-06-01 18:29:07.097653,68,24.964276145032528,37.531611133371094,48.976825425610166,67.92366718299043,0.8654137108893509,33.74573018652423,75.50520472964156,2.3813430144514065,1016.0304612655988,18,0,6,0,76.0,115.0,110.0,70.0,71.33333333333333,90.0,-0.10526315789473684
Karachi,2026-06-01 19:29:07.097653,58,18.423521253350295,32.57352834094203,36.93408682652945,35.20824008423027,1.1956023035476435,34.31878065055732,84.24148475728359,4.803238897849489,1017.4545055011779,19,0,6,0,68.0,70.0,96.0,78.0,67.33333333333333,83.66666666666667,-0.1470588235294118
Karachi,2026-06-01 20:29:07.097653,77,30.09995677209704,45.54879815760558,47.519957788941156,52.00867579576476,1.3968522773198218,34.39890018121309,65.69523562748364,0.15666190388193524,1017.9754776161736,20,0,6,0,58.0,76.0,115.0,77.0,67.66666666666667,77.33333333333333,0.3275862068965518
Karachi,2026-06-01 21:29:07.097653,55,24.809290029358536,34.200397795688495,23.29701425916781,20.938293786794894,1.4733190540564602,35.04491627933229,69.05542608492527,0.9414425636911399,1017.7627006324112,21,0,6,0,77.0,68.0,115.0,70.0,63.333333333333336,67.33333333333333,-0.2857142857142857
Karachi,2026-06-01 22:29:07.097653,50,19.974163298883997,35.55819681922215,50.727914206167114,47.486811788691966,1.7508783763928342,31.0149456588317,48.146821948452306,3.4526319057969572,1012.1013798572144,22,0,6,0,55.0,58.0,70.0,71.0,60.666666666666664,64.0,-0.09090909090909094
Karachi,2026-06-01 23:29:07.097653,20,9.920621261521848,9.020119141772067,20.101477355306187,26.129538027003605,0.391527113381707,27.946682117942366,51.03229723394785,3.9926928221409845,1010.5032844380203,23,0,6,0,50.0,77.0,76.0,61.0,41.666666666666664,54.666666666666664,-0.6
Karachi,2026-06-02 00:29:07.097653,59,32.87954667383248,36.83099176750804,35.03543444018099,62.06157704667119,1.8872495820148376,29.13800700147412,51.75851195623059,1.5553996240928154,1015.5841019042706,0,1,6,0,20.0,55.0,68.0,55.0,43.0,53.166666666666664,1.9500000000000002
Karachi,2026-06-02 01:29:07.097653,32,11.258945407622525,19.099026450523105,16.770391224563085,46.964089532448725,0.4363362153547026,25.435389187264782,61.537098744064764,1.8426978917590897,1010.9927289274403,1,1,6,0,59.0,50.0,58.0,67.0,37.0,48.833333333333336,-0.4576271186440678
Karachi,2026-06-02 02:29:07.097653,54,23.359034109408054,25.543817173147858,31.153958689440636,38.78591538421624,1.3302348488803095,22.889958489245632,86.4072610447821,1.4796153565182024,1016.0640036013133,2,1,6,0,32.0,20.0,77.0,53.0,48.333333333333336,45.0,0.6875
Karachi,2026-06-02 03:29:07.097653,62,22.63291344051491,36.85913686761438,22.499636522978673,28.81579673168843,2.120876498252227,21.488890486003967,66.0892383357443,1.2661495213111311,1013.3395473039792,3,1,6,0,54.0,59.0,55.0,45.0,49.333333333333336,46.166666666666664,0.14814814814814814
Karachi,2026-06-02 04:29:07.097653,85,29.932152975597045,50.09665112337091,19.66868868504678,79.90889372889008,1.292673689212472,25.970627849067373,49.60488226006763,4.3869916412092,1015.9392727523496,4,1,6,0,62.0,32.0,50.0,62.0,67.0,52.0,0.37096774193548376
Karachi,2026-06-02 05:29:07.097653,52,18.11671079696623,30.24122907605825,58.18417599154206,15.019736461945287,0.6279974472901451,19.61539501865931,53.30438679344748,0.6390030260047226,1010.7587987971701,5,1,6,0,85.0,54.0,20.0,61.0,66.33333333333333,57.333333333333336,-0.388235294117647
Karachi,2026-06-02 06:29:07.097653,34,11.489134207466607,21.07846625026418,13.804075801770184,13.049247640069401,2.4670744590131113,18.795612442446465,59.20075148635921,2.4689542771333026,1013.0802731555382,6,1,6,0,52.0,62.0,59.0,69.0,57.0,53.166666666666664,-0.34615384615384615
Karachi,2026-06-02 07:29:07.097653,90,38.00630479748805,54.91877703953571,48.30292106015674,25.208018034570518,2.256428016563379,14.827867775678946,71.16294878463998,1.189327664970295,1013.6402379360218,7,1,6,0,34.0,85.0,32.0,85.0,58.666666666666664,62.833333333333336,1.6470588235294117
Karachi,2026-06-02 08:29:07.097653,122,60.54844602256891,69.74623920073904,59.12907277157682,77.97507210394738,1.996889993095031,13.31249408241474,62.00165765020027,0.08942204819756894,1017.4310806772013,8,1,6,0,90.0,52.0,54.0,83.0,82.0,74.16666666666667,0.3555555555555556
Karachi,2026-06-02 09:29:07.097653,119,44.338742310495995,82.0601571095829,6.094581605704281,78.54667178239892,1.205325526378263,15.634488103449844,59.622242208846245,4.740356349493542,1010.6659757683042,9,1,6,0,122.0,34.0,62.0,96.0,110.33333333333333,83.66666666666667,-0.024590163934426257
Karachi,2026-06-02 10:29:07.097653,109,41.5671348089837,56.11954697196738,43.44650777231522,55.84494143404952,0.7044605991564552,20.948187940141988,68.23643001994974,1.9603495556529222,1017.366882392849,10,1,6,0,119.0,90.0,85.0,77.0,116.66666666666667,87.66666666666667,-0.08403361344537819
Karachi,2026-06-02 11:29:07.097653,101,40.3256777361203,55.19417833475563,18.91014930559579,71.60746670444834,2.3711045991207027,20.011696682660663,52.09174974772327,3.3768801608415138,1016.0485891546572,11,1,6,0,109.0,122.0,52.0,112.0,109.66666666666667,95.83333333333333,-0.07339449541284404
Karachi,2026-06-02 12:29:07.097653,122,50.8217298233726,95.50381236352425,7.226830338056745,24.977321158855677,1.471172478337706,22.197190182888786,43.94516362922911,0.0161517596020202,1015.308940540867,12,1,6,0,101.0,119.0,34.0,110.0,110.66666666666667,110.5,0.20792079207920788
Karachi,2026-06-02 13:29:07.097653,94,39.06758677701593,48.320818235949176,27.158926842614694,78.04294659236365,2.1751820128524675,24.406579717583956,41.22071574111111,1.5161210924870483,1015.8687026918512,13,1,6,0,122.0,109.0,90.0,96.0,105.66666666666667,111.16666666666667,-0.2295081967213115
Karachi,2026-06-02 14:29:07.097653,113,51.67093043129117,57.0456397946478,56.436979559398125,19.994939509769527,1.0526090126707368,23.817301240403445,52.56295817335635,4.5121757613900115,1014.0542504588005,14,1,6,0,94.0,101.0,122.0,115.0,109.66666666666667,109.66666666666667,0.2021276595744681
Karachi,2026-06-02 15:29:07.097653,108,31.386141976562293,71.15296745386723,5.647080190184873,17.07876317271608,1.0376342975748354,29.8464835287669,44.57960170722343,8.174542911690619,1010.4408001046248,15,1,6,0,113.0,122.0,119.0,115.0,105.0,107.83333333333333,-0.04424778761061943
Karachi,2026-06-02 16:29:07.097653,110,32.42661009401492,49.92493033729892,37.333713056137995,17.854807747309103,2.468189057482886,27.734384801555635,56.81703192603834,0.9524321287806234,1009.8949496883986,16,1,6,0,108.0,94.0,109.0,70.0,110.33333333333333,108.0,0.0185185185185186
Karachi,2026-06-02 17:29:07.097653,129,49.18439791464597,75.61349188226556,32.57680632274284,50.118954629079525,1.4480327066886698,33.46931896801748,78.64667701798777,2.5977844094211475,1016.6634143585039,17,1,6,0,110.0,113.0,101.0,76.0,115.66666666666667,112.66666666666667,0.17272727272727262
Karachi,2026-06-02 18:29:07.097653,85,39.84099674079115,68.69834310522081,53.03612904040761,64.66820805026367,0.6095299324936418,32.81280754254619,75.81471652434192,3.824561196287,1015.2513940259583,18,1,6,0,129.0,108.0,122.0,68.0,108.0,106.5,-0.3410852713178295
Karachi,2026-06-02 19:29:07.097653,64,18.012149546496776,26.401097179559926,9.620094298634411,35.66670245122432,0.7832842915883563,29.149316301819905,70.54638113940143,1.7677996935214326,1010.1320428276094,19,1,6,0,85.0,110.0,94.0,58.0,92.66666666666667,101.5,-0.24705882352941178
Karachi,2026-06-02 20:29:07.097653,64,10.808392428379252,22.914115304362344,42.48393164376577,78.45271914502885,1.3602774146639858,31.50398102679893,82.62501219397393,4.699043973988248,1014.1509336587441,20,1,6,0,64.0,129.0,113.0,77.0,71.0,93.33333333333333,0.0
Karachi,2026-06-02 21:29:07.097653,32,15.756160227522772,7.356945178978503,42.40603341383025,40.40940966828306,0.39343600307450494,29.15752954456834,54.10338122721383,1.2665346586793738,1012.4754648141422,21,1,6,0,64.0,85.0,108.0,55.0,53.333333333333336,80.66666666666667,-0.5
Karachi,2026-06-02 22:29:07.097653,43,18.65770248656596,33.34600109885447,41.79940092742558,20.53139855412514,1.3175747678322611,34.25476749586393,84.25268765149829,3.3076953204332824,1009.586551699631,22,1,6,0,32.0,64.0,110.0,50.0,46.333333333333336,69.5,0.34375
Karachi,2026-06-02 23:29:07.097653,44,12.50215342185541,35.92800694366534,56.82839722142703,42.61767237302957,1.2216698525762808,30.60738340788758,59.96195848345896,1.9558561910032803,1013.3185710935717,23,1,6,0,43.0,64.0,129.0,20.0,39.666666666666664,55.333333333333336,0.023255813953488413
Karachi,2026-06-03 00:29:07.097653,42,11.927771608787797,21.182494042760595,50.26981409537842,57.53260157957079,2.0145397837028716,24.543315120100438,60.04466591333133,5.438862165909545,1010.8151909246642,0,2,6,0,44.0,32.0,85.0,59.0,43.0,48.166666666666664,-0.045454545454545414
Karachi,2026-06-03 01:29:07.097653,53,16.474300718560144,37.45022820710882,7.30849994339283,68.2558046353065,1.0808723218763319,27.822046124259483,60.26758068127607,1.6472709939287888,1008.9624412415757,1,2,6,0,42.0,43.0,64.0,32.0,46.333333333333336,46.333333333333336,0.26190476190476186
Karachi,2026-06-03 02:29:07.097653,41,17.225852147663232,36.13180596053621,30.909556788748223,42.1137802969615,2.4616072753871188,23.92567147522336,44.90471831204907,2.296252407426968,1012.6695829854541,2,2,6,0,53.0,44.0,64.0,54.0,45.333333333333336,42.5,-0.2264150943396226
Karachi,2026-06-03 03:29:07.097653,75,27.109326248793224,59.66012526000098,26.887418091073343,51.55247782344173,0.6976938224619869,19.961835929113185,88.77452491655279,4.891378074994311,1013.9010855209356,3,2,6,0,41.0,42.0,32.0,62.0,56.333333333333336,49.666666666666664,0.8292682926829269
Karachi,2026-06-03 04:29:07.097653,65,28.471561984386785,37.031181334824986,22.058097159994112,28.714129851119736,1.600170706929897,24.355931673937395,46.92533889125796,0.9439226818142727,1008.4690641038115,4,2,6,0,75.0,53.0,43.0,85.0,60.333333333333336,53.333333333333336,-0.1333333333333333
Karachi,2026-06-03 05:29:07.097653,72,14.565236217416112,24.845780556547204,29.82351988347535,55.21415684838598,0.4973384534181602,19.557717482700777,57.044286223459224,3.1375001135271443,1012.02092749411,5,2,6,0,65.0,41.0,44.0,52.0,70.66666666666667,58.0,0.10769230769230775
Karachi,2026-06-03 06:29:07.097653,75,25.7483723752835,38.48191617210624,26.13068017092876,79.01803607652406,1.9145007647867607,17.484933965097863,55.965016016337856,0.6450686873732034,1010.5766191983669,6,2,6,0,72.0,75.0,42.0,34.0,70.66666666666667,63.5,0.04166666666666674
Karachi,2026-06-03 07:29:07.097653,90,30.406702839828878,50.641025407094126,28.778364493326592,13.43375008114557,2.4884581137363373,16.47374382771542,43.733971640835485,0.8241330827418505,1008.3065059070723,7,2,6,0,75.0,65.0,53.0,90.0,79.0,69.66666666666667,0.19999999999999996
Karachi,2026-06-03 08:29:07.097653,107,41.66888619614335,62.35437400938158,58.859402608475335,72.05714694936174,2.102105003053591,13.973441061684456,47.61300650559383,3.764262551781607,1009.256625496115,8,2,6,0,90.0,72.0,41.0,122.0,90.66666666666667,80.66666666666667,0.18888888888888888
Karachi,2026-06-03 09:29:07.097653,88,32.592261287522476,51.42087491189,9.87481361122694,49.3597751937266,1.5225477895846629,14.663495590519236,42.24291680926929,1.0186049809275353,1009.3903415881838,9,2,6,0,107.0,75.0,75.0,119.0,95.0,82.83333333333333,-0.17757009345794394
Karachi,2026-06-03 10:29:07.097653,96,42.432824810440565,66.61656564988793,55.72269784113014,27.646906169360996,1.3664309862793227,20.64163033947466,54.62022467802567,1.9108541363524167,1009.8287424811797,10,2,6,0,88.0,90.0,65.0,109.0,97.0,88.0,0.09090909090909083
Karachi,2026-06-03 11:29:07.097653,104,32.47206988450854,72.84855802771389,31.41301924090647,76.84227970064805,2.137065914787063,18.395380010936183,83.33284620144532,3.9861728040958755,1016.0337757143792,11,2,6,0,96.0,107.0,72.0,101.0,96.0,93.33333333333333,0.08333333333333326
Karachi,2026-06-03 12:29:07.097653,89,36.152231840814466,52.5137724573428,39.305823502474766,43.834801214122926,2.3591429863635933,21.044135401873728,56.972110286869224,1.8416277177061395,1012.3949186647814,12,2,6,0,104.0,88.0,75.0,122.0,96.33333333333333,95.66666666666667,-0.14423076923076927
Karachi,2026-06-03 13:29:07.097653,96,41.46724487319836,66.8012231441243,50.66006316397316,33.21831761713699,2.4762543567558044,18.840786686777683,46.18459160336896,4.645684146432716,1009.4708599227039,13,2,6,0,89.0,96.0,90.0,94.0,96.33333333333333,96.66666666666667,0.0786516853932584
Karachi,2026-06-03 14:29:07.097653,98,48.81821678695509,62.16376033926667,24.825466603209055,22.70483397895888,1.172386300641865,22.36381592840899,72.28469341919589,3.4313255749721288,1009.0029696692789,14,2,6,0,96.0,104.0,107.0,113.0,94.33333333333333,95.16666666666667,0.02083333333333326
Karachi,2026-06-03 15:29:07.097653,114,43.32278660304756,69.11347247067297,28.67320494483818,27.111654717966346,2.480018444547927,28.29017740056967,89.83004560274553,3.871366223849006,1010.9794045872904,15,2,6,0,98.0,89.0,88.0,108.0,102.66666666666667,99.5,0.16326530612244894
Karachi,2026-06-03 16:29:07.097653,98,41.19766099577414,66.61540521789703,27.52351641532927,68.29943291140097,0.6430377547824293,29.755423520227666,51.616189476596375,5.481931197477064,1015.9801551870445,16,2,6,0,114.0,96.0,96.0,110.0,103.33333333333333,99.83333333333333,-0.14035087719298245
Karachi,2026-06-03 17:29:07.097653,90,27.248054046623697,54.9790684000566,25.61020623946679,53.00870065220161,0.8578095070502003,34.16360464694101,53.97855026852847,3.6396461252281314,1011.6445984793964,17,2,6,0,98.0,98.0,104.0,129.0,100.66666666666667,97.5,-0.08163265306122447
Karachi,2026-06-03 18:29:07.097653,92,25.145606751442713,72.12057107629386,55.904112690579225,73.92719336418213,0.49583547441457165,34.61411589353796,88.59235271403944,6.077694580938688,1009.5989736029394,18,2,6,0,90.0,114.0,89.0,85.0,93.33333333333333,98.0,0.022222222222222143
Karachi,2026-06-03 19:29:07.097653,70,32.29381260728187,30.59762175820358,50.59114401561566,26.237791651045008,0.8978247362658598,32.265984665342906,48.93881437752436,4.822524566075647,1012.0411618154616,19,2,6,0,92.0,98.0,96.0,64.0,84.0,93.66666666666667,-0.23913043478260865
Karachi,2026-06-03 20:29:07.097653,70,28.314987631332993,38.39281645662387,10.994999442463685,18.479700169423104,1.9894626135596247,33.945907129426544,65.56070337295819,1.9530951403310866,1013.5531155728705,20,2,6,0,70.0,90.0,98.0,64.0,77.33333333333333,89.0,0.0
Karachi,2026-06-03 21:29:07.097653,57,28.78795155715857,33.330930986618085,10.946784386240282,10.4261271682913,2.1764335879925896,32.0941997245064,51.98260665080474,5.586296150042543,1008.2958418363802,21,2,6,0,70.0,92.0,114.0,32.0,65.66666666666667,79.5,-0.18571428571428572
Karachi,2026-06-03 22:29:07.097653,57,16.332854806135764,38.31542540014068,28.532823316914516,45.55034263311956,2.013563819225658,36.037822867552805,86.61759489506218,3.5277320418058906,1014.2764180144018,22,2,6,0,57.0,70.0,98.0,43.0,61.333333333333336,72.66666666666667,0.0
Karachi,2026-06-03 23:29:07.097653,42,19.51184883650545,35.51219110511724,10.426155720304498,79.88148512673916,1.6883447119689319,32.95488364159718,89.07605072881469,2.210640582678993,1011.9510075301479,23,2,6,0,57.0,70.0,90.0,44.0,52.0,64.66666666666667,-0.26315789473684215
Karachi,2026-06-04 00:29:07.097653,20,17.344089202719267,11.804811462110747,39.05012023991158,58.64756881730473,1.4307263275498203,29.3393701817155,80.73489230600077,3.5567713906417655,1008.097258751312,0,3,6,0,42.0,57.0,92.0,42.0,39.666666666666664,52.666666666666664,-0.5238095238095238
Karachi,2026-06-04 01:29:07.097653,49,21.701743153199686,18.026985471070372,12.903038399395365,31.587621437560223,1.8591494362700225,27.47134193057287,55.73919079064053,5.224653648780526,1014.7388939894638,1,3,6,0,20.0,57.0,70.0,53.0,37.0,49.166666666666664,1.4500000000000002
Karachi,2026-06-04 02:29:07.097653,75,31.52709149914162,51.95638712841959,33.73052951817406,71.38010081183202,1.159833808387888,27.889700574519615,60.17437376402525,3.9100901884844435,1015.1238763556265,2,3,6,0,49.0,42.0,70.0,41.0,48.0,50.0,0.5306122448979591
Karachi,2026-06-04 03:29:07.097653,72,29.114791443332738,49.647686687952195,5.397097085204477,64.72055861915717,2.150878373299344,24.088603333407526,52.115284183321066,6.644785665102795,1014.2883978855868,3,3,6,0,75.0,20.0,57.0,75.0,65.33333333333333,52.5,-0.040000000000000036
Karachi,2026-06-04 04:29:07.097653,79,23.93797762191746,32.153708086285285,22.41279916269557,11.079061625357747,1.789818206748928,24.117256034140173,84.53789835044958,5.173061115797644,1011.4193021759842,4,3,6,0,72.0,49.0,57.0,65.0,75.33333333333333,56.166666666666664,0.09722222222222232
Karachi,2026-06-04 05:29:07.097653,90,43.0888204681588,54.436000615044186,42.24548980199605,67.18023363787157,1.8351703366876988,14.955849897989873,85.72791388440791,4.046320066804325,1013.2960485406596,5,3,6,0,79.0,75.0,42.0,72.0,80.33333333333333,64.16666666666667,0.139240506329114
Karachi,2026-06-04 06:29:07.097653,81,29.477657346743293,36.07678367321055,31.622141712531665,31.03687300669472,1.479059184883957,18.994253292722085,60.94353311230236,0.9478638345176846,1011.8715770613344,6,3,6,0,90.0,72.0,20.0,75.0,83.33333333333333,74.33333333333333,-0.09999999999999998
Karachi,2026-06-04 07:29:07.097653,90,38.812139067578904,49.11737539847923,58.804821729944344,20.477142520852077,2.2475037652645797,16.241723660324684,72.82665349515008,2.640534971979758,1015.006217301597,7,3,6,0,81.0,79.0,49.0,90.0,87.0,81.16666666666667,0.11111111111111116
Karachi,2026-06-04 08:29:07.097653,85,26.47891709453763,44.21866152538845,53.075708783641595,25.84315878159522,0.8544324140939155,20.512755975255985,48.27765898873469,3.1433282795017026,1013.8358018623369,8,3,6,0,90.0,90.0,75.0,107.0,85.33333333333333,82.83333333333333,-0.05555555555555558
Karachi,2026-06-04 09:29:07.097653,96,32.691545915537375,64.3573839430503,24.748892847373316,42.80058630625973,1.1385248373943115,20.36539076406711,61.74679501817045,4.393263002435494,1008.8179911382745,9,3,6,0,85.0,81.0,72.0,88.0,90.33333333333333,86.83333333333333,0.12941176470588234
Karachi,2026-06-04 10:29:07.097653,115,53.26236874015129,70.06503900943764,7.501759780975103,39.74075489476077,2.010813653290916,18.137468387927107,71.57495533367488,4.274666082544385,1014.4309355821899,10,3,6,0,96.0,90.0,79.0,96.0,98.66666666666667,92.83333333333333,0.19791666666666674
Karachi,2026-06-04 11:29:07.097653,127,49.0779050936925,65.93689680167434,51.509446506326036,30.222110956195873,1.384047571484543,22.414407708129684,59.27015592590098,3.3390808204365725,1014.872384143378,11,3,6,0,115.0,85.0,90.0,104.0,112.66666666666667,99.0,0.10434782608695659
Karachi,2026-06-04 12:29:07.097653,107,50.42969972612673,71.78551122252973,55.117887067306924,22.055282554492287,2.25627082953322,24.56622903998501,57.87997628432299,3.2406998307543424,1011.7070218061469,12,3,6,0,127.0,96.0,81.0,89.0,116.33333333333333,103.33333333333333,-0.15748031496062997
Karachi,2026-06-04 13:29:07.097653,102,40.49882103106776,49.864514898113214,50.13450663804702,63.35615527495185,1.0620785034782751,23.078260983032127,40.04994961334713,4.440913790152139,1016.757857809597,13,3,6,0,107.0,115.0,90.0,96.0,112.0,105.33333333333333,-0.04672897196261683
Karachi,2026-06-04 14:29:07.097653,105,33.185983733763564,66.23411922159681,12.037246750587068,79.3076848614442,1.1125263714032185,29.943867544863714,80.2146731888557,1.2828275487400282,1016.4301435484497,14,3,6,0,102.0,127.0,85.0,98.0,104.66666666666667,108.66666666666667,0.02941176470588225
Karachi,2026-06-04 15:29:07.097653,110,48.55285986647186,59.626697447387436,59.88533239267583,64.44541062937833,2.255218736650576,27.007870055480723,84.4668806010724,6.3910316384997135,1009.7516652389974,15,3,6,0,105.0,107.0,96.0,114.0,105.66666666666667,111.0,0.04761904761904767
Karachi,2026-06-04 16:29:07.097653,73,26.387409514420707,41.07988999455396,19.22213218540256,30.715587737007883,1.3216147044004904,28.57095809932818,88.47317647729162,1.0943337703269425,1017.0426630848586,16,3,6,0,110.0,102.0,115.0,98.0,96.0,104.0,-0.3363636363636363
Karachi,2026-06-04 17:29:07.097653,53,24.82218688999204,36.0272802179173,44.83127020446035,27.136627298849337,1.435474085245471,32.38859942666107,75.96356925346078,5.910818964344058,1012.4087237149507,17,3,6,0,73.0,105.0,127.0,90.0,78.66666666666667,91.66666666666667,-0.273972602739726
Karachi,2026-06-04 18:29:07.097653,71,28.82283324075091,47.21676354705198,54.941918198464684,25.236611324615676,1.0320801737384948,31.220621767990878,67.43961561849423,2.909628943149676,1015.237496526343,18,3,6,0,53.0,110.0,107.0,92.0,65.66666666666667,85.66666666666667,0.3396226415094339
Karachi,2026-06-04 19:29:07.097653,53,13.854305763570448,43.050597943374875,17.962791288189017,19.56865521423254,0.9086738727939803,32.898086161902334,53.464225990435466,5.005159628543188,1016.1409700696723,19,3,6,0,71.0,73.0,102.0,70.0,59.0,77.5,-0.2535211267605634
Karachi,2026-06-04 20:29:07.097653,57,23.772632640968986,33.76870862380259,54.95422050723863,48.593138478461086,1.7430871638444625,35.81886884810182,89.96497379817492,3.7276808685852254,1013.0511242106969,20,3,6,0,53.0,53.0,105.0,70.0,60.333333333333336,69.5,0.07547169811320753
Karachi,2026-06-04 21:29:07.097653,56,33.60915242362061,36.39366197299164,22.021486855717683,52.37802603673409,0.5636494553906486,32.76584431474709,69.48764272660529,3.6920688218216036,1011.9910193937081,21,3,6,0,57.0,71.0,110.0,57.0,55.333333333333336,60.5,-0.01754385964912286
Karachi,2026-06-04 22:29:07.097653,47,21.353136993020957,24.83040847143839,58.702727231123085,59.38518624641961,2.2343998106024006,28.538167644324894,74.0577036165223,4.108508952053042,1017.154513686151,22,3,6,0,56.0,53.0,73.0,57.0,53.333333333333336,56.166666666666664,-0.1607142857142857
Karachi,2026-06-04 23:29:07.097653,72,28.83610652632834,45.14146199801586,20.469301120926104,57.61493596535676,2.0142469008832373,31.391493025190773,74.12030809776589,4.618108578175557,1010.3085355293542,23,3,6,0,47.0,57.0,53.0,42.0,58.333333333333336,59.333333333333336,0.5319148936170213
Karachi,2026-06-05 00:29:07.097653,54,27.33718559739841,36.45659126548897,57.43897036168094,30.463331789836772,0.7196461801527662,27.607412841895208,82.26258978785907,2.34233834682552,1010.5697007771914,0,4,6,0,72.0,56.0,71.0,20.0,57.666666666666664,56.5,-0.25
Karachi,2026-06-05 01:29:07.097653,55,23.265078568211706,32.53112558365921,7.944955799097119,33.12177037777926,1.826843880814044,28.801094675409256,40.483626942345964,5.069598261052473,1011.6162031401344,1,4,6,0,54.0,47.0,53.0,49.0,60.333333333333336,56.833333333333336,0.0185185185185186
Karachi,2026-06-05 02:29:07.097653,63,26.388609170161118,23.581403155530747,44.00996064183972,57.70601748096365,1.6257924268283968,26.39237943165249,51.01234702156859,0.8310587528424329,1016.5946577797057,2,4,6,0,55.0,72.0,57.0,75.0,57.333333333333336,57.833333333333336,0.1454545454545455
Karachi,2026-06-05 03:29:07.097653,41,11.223594058281304,27.674347049262384,34.266112361035205,34.46133485485399,0.705977111620617,25.872248335512875,73.2767000085007,2.9893388533477507,1017.3878826421308,3,4,6,0,63.0,54.0,56.0,72.0,53.0,55.333333333333336,-0.3492063492063492
Karachi,2026-06-05 04:29:07.097653,80,33.403910853469604,51.26849790562607,31.283239241750184,24.883623273351912,0.9010477133105115,22.815064601585394,84.75728684122839,4.671939848544554,1010.2006771475486,4,4,6,0,41.0,55.0,47.0,79.0,61.333333333333336,60.833333333333336,0.9512195121951219
Karachi,2026-06-05 05:29:07.097653,71,33.61680282164171,37.217990798551874,17.292187284071197,36.20353075877177,1.1997703082144358,21.52363431782375,74.2669390960678,4.990035159231779,1016.6387014763125,5,4,6,0,80.0,63.0,72.0,90.0,64.0,60.666666666666664,-0.11250000000000004
Karachi,2026-06-05 06:29:07.097653,90,31.842572942947154,43.75922926659079,43.807768437707054,29.045891030458435,1.8383340175400427,16.73360324944906,60.674564574684005,3.921577696522802,1010.5820295946857,6,4,6,0,71.0,41.0,54.0,81.0,80.33333333333333,66.66666666666667,0.267605633802817
Karachi,2026-06-05 07:29:07.097653,71,35.79716424922405,54.8190609185157,15.494522029546891,16.181890485300446,1.7051914993974133,18.88056638146846,58.07777479351308,2.2132151240885287,1017.7064124674989,7,4,6,0,90.0,80.0,55.0,90.0,77.33333333333333,69.33333333333333,-0.21111111111111114
Karachi,2026-06-05 08:29:07.097653,71,28.218917283177984,46.94773519301064,35.406298779162256,68.10972315936576,1.4709166648887355,20.93690257872058,76.89740041416601,4.793415556737407,1013.9740789198158,8,4,6,0,71.0,71.0,63.0,85.0,77.33333333333333,70.66666666666667,0.0
Karachi,2026-06-05 09:29:07.097653,113,40.95377176469604,66.25628073620943,18.928494967213794,69.71779724099255,1.9905031948508756,15.89529357241392,77.06188485685968,1.6612675217624933,1008.0708646744738,9,4,6,0,71.0,90.0,41.0,96.0,85.0,82.66666666666667,0.591549295774648
Karachi,2026-06-05 10:29:07.097653,111,49.63892238659959,57.87987993781765,57.55917588797458,25.38252101168156,1.9674630271335654,21.67127335317869,70.35289962528452,6.5028181474978215,1008.3412990407118,10,4,6,0,113.0,71.0,80.0,115.0,98.33333333333333,87.83333333333333,-0.017699115044247815
Karachi,2026-06-05 11:29:07.097653,95,36.74482941063242,50.69368225661487,6.574715660960905,14.534053966764123,1.6592901389369632,18.244445568104958,54.57335120486685,2.8306582050006717,1009.4748453080471,11,4,6,0,111.0,71.0,71.0,127.0,106.33333333333333,91.83333333333333,-0.14414414414414412
Karachi,2026-06-05 12:29:07.097653,96,42.57959594978237,68.5937554428176,15.985055406118011,61.71792061458257,2.031378183446616,19.296057509900052,86.25774091952718,0.07925138841192103,1009.8757315781876,12,4,6,0,95.0,113.0,90.0,107.0,100.66666666666667,92.83333333333333,0.010526315789473717
Karachi,2026-06-05 13:29:07.097653,125,48.884925460664746,76.61687345988052,18.327083351309625,24.807003810438957,1.0353794245142602,23.52184852588951,67.59399710593195,0.6106330639668962,1015.676191228266,13,4,6,0,96.0,111.0,71.0,102.0,105.33333333333333,101.83333333333333,0.30208333333333326
Karachi,2026-06-05 14:29:07.097653,88,34.95670277055978,48.479053696308284,27.773730417229903,37.540484260580214,2.2387489623097325,26.431820832257618,79.52461781241652,3.087287273759175,1010.2276587641695,14,4,6,0,125.0,95.0,71.0,105.0,103.0,104.66666666666667,-0.29600000000000004
Karachi,2026-06-05 15:29:07.097653,125,52.80912011544581,79.58949249045878,17.800163302852944,14.489467656616828,1.6528021887642697,28.894052608764696,50.71541310809158,3.2796505426521065,1017.6914162004986,15,4,6,0,88.0,96.0,113.0,110.0,112.66666666666667,106.66666666666667,0.4204545454545454
Karachi,2026-06-05 16:29:07.097653,81,34.05076088006282,42.37922788859859,32.02419996478319,25.838870933090462,2.1091997303873473,27.076475158453597,57.20203943073639,6.939313369902191,1014.3611205720293,16,4,6,0,125.0,125.0,111.0,73.0,98.0,101.66666666666667,-0.352
Karachi,2026-06-05 17:29:07.097653,97,28.958521192621856,70.41101438456384,52.985603779219645,65.50315948307451,1.501814030538625,31.52593444400096,83.72897581936712,0.9230013247715472,1014.9251750925351,17,4,6,0,81.0,88.0,95.0,53.0,101.0,102.0,0.19753086419753085
Karachi,2026-06-05 18:29:07.097653,75,24.422070445034134,55.864837997432936,44.16348817750439,66.30775128406412,0.7805641389750968,30.557094087308496,42.50535149699842,3.0789243986078616,1010.178165192852,18,4,6,0,97.0,125.0,96.0,71.0,84.33333333333333,98.5,-0.22680412371134018
Karachi,2026-06-05 19:29:07.097653,81,37.160345969217886,45.0373514982735,36.89790892943111,24.49593774213973,1.493302283092279,29.749562098171396,65.6157655628331,0.8811571858358866,1016.9270631409508,19,4,6,0,75.0,81.0,125.0,53.0,84.33333333333333,91.16666666666667,0.08000000000000007
Karachi,2026-06-05 20:29:07.097653,56,22.074633042807115,29.07361200472539,9.895174789047381,33.51396915746827,1.1164456603084938,31.14252736893443,64.08527399220046,2.014690293573193,1014.6781457281993,20,4,6,0,81.0,97.0,88.0,57.0,70.66666666666667,85.83333333333333,-0.308641975308642
Karachi,2026-06-05 21:29:07.097653,56,19.919304675470563,12.861876194453266,43.16956596141016,19.396689336562048,1.834497879281608,31.225605878400913,77.56150944540411,6.367944060138676,1016.6440562434186,21,4,6,0,56.0,75.0,125.0,56.0,64.33333333333333,74.33333333333333,0.0
Karachi,2026-06-05 22:29:07.097653,54,15.060340130673694,20.927169138030656,14.152785637101692,15.192084119944568,1.346746341816419,32.97139355098052,54.09468852996662,0.7273275536880184,1017.5648109723122,22,4,6,0,56.0,81.0,81.0,47.0,55.333333333333336,69.83333333333333,-0.0357142857142857
Karachi,2026-06-05 23:29:07.097653,35,8.997083743463103,10.877889825101464,48.250206227893386,79.45202001138867,2.139448170840913,32.96128157562972,50.953341092979976,4.174084848135667,1009.256409771096,23,4,6,0,54.0,56.0,97.0,72.0,48.333333333333336,59.5,-0.35185185185185186
Karachi,2026-06-06 00:29:07.097653,61,14.33595287271102,37.74894183668022,18.753121718058424,55.89157658713874,1.791759527108217,26.053586740249465,86.30664193866168,3.7858147180287833,1008.9658723026895,0,5,6,1,35.0,56.0,75.0,54.0,50.0,57.166666666666664,0.7428571428571429
Karachi,2026-06-06 01:29:07.097653,43,16.823205092194005,23.384543393021627,27.937680057649548,47.94675564388231,1.8059977526689128,27.774474509236278,68.58548259792323,2.9516571472835826,1016.0340782658964,1,5,6,1,61.0,54.0,81.0,55.0,46.333333333333336,50.833333333333336,-0.29508196721311475
Karachi,2026-06-06 02:29:07.097653,50,17.243907759641395,19.591459594498005,24.275861127486035,63.584895028370966,0.7777417336803429,22.646603628458188,45.234478414182725,4.038873246383475,1016.6612605909417,2,5,6,1,43.0,35.0,56.0,63.0,51.333333333333336,49.833333333333336,0.16279069767441867
Karachi,2026-06-06 03:29:07.097653,43,12.71568292318378,24.073621227449074,52.23476530711712,68.8054011781407,2.465349486280839,24.187618457207833,49.651808110716054,0.6799592361134228,1013.8376142087799,3,5,6,1,50.0,61.0,56.0,41.0,45.333333333333336,47.666666666666664,-0.14
Karachi,2026-06-06 04:29:07.097653,26,10.285380921388372,19.981694252020993,11.959945229237448,66.47003376313093,2.1516854603972755,19.754538837992506,89.94130297571242,6.312645015607115,1011.6600054775053,4,5,6,1,43.0,43.0,54.0,80.0,39.666666666666664,43.0,-0.39534883720930236
Karachi,2026-06-06 05:29:07.097653,69,29.56785803743243,45.844722124077805,36.11046853116338,11.157761450291362,2.0358107460335284,17.24048771446106,49.78044981260962,6.849690990247042,1014.5262963607522,5,5,6,1,26.0,50.0,35.0,71.0,46.0,48.666666666666664,1.6538461538461537
Karachi,2026-06-06 06:29:07.097653,116,56.94168219072723,54.51617654764519,12.813388519368424,23.076552873334894,1.0264734953520604,19.671125800419638,70.52377556768394,3.0942093955186265,1011.0566407259246,6,5,6,1,69.0,43.0,61.0,90.0,70.33333333333333,57.833333333333336,0.681159420289855
Karachi,2026-06-06 07:29:07.097653,99,32.25403717080233,58.69407355905694,43.76377098727026,55.843371148248174,1.4783896362639104,16.098748178797265,61.0064039497809,7.846212261227108,1010.3838569215346,7,5,6,1,116.0,26.0,43.0,71.0,94.66666666666667,67.16666666666667,-0.14655172413793105
Karachi,2026-06-06 08:29:07.097653,94,43.68134293809624,45.75993036661757,54.77929702869646,36.3031543462774,0.601627013763523,16.368072097294604,84.27995474249177,2.201944136900159,1012.8814520952726,8,5,6,1,99.0,69.0,50.0,71.0,103.0,74.5,-0.0505050505050505
Karachi,2026-06-06 09:29:07.097653,97,43.773444204064326,65.57573417560565,28.903420962698938,78.77378557427748,1.4846471486579533,12.832615214574702,77.75842961476638,3.8008639877125603,1010.1615382760638,9,5,6,1,94.0,116.0,43.0,113.0,96.66666666666667,83.5,0.03191489361702127
Karachi,2026-06-06 10:29:07.097653,106,38.63163650540204,70.0638216342563,31.845074314573672,56.57833548467778,0.620956342263232,19.96489949257144,69.84756981309079,5.863778127549027,1012.8370360831517,10,5,6,1,97.0,99.0,26.0,111.0,99.0,96.83333333333333,0.09278350515463907
Karachi,2026-06-06 11:29:07.097653,117,47.89000437945024,63.12651909918445,56.008256006551925,76.95842361104445,1.516683256777123,20.984962792845835,40.536949089899124,2.081991079554181,1017.5660650546357,11,5,6,1,106.0,94.0,69.0,95.0,106.66666666666667,104.83333333333333,0.10377358490566047
Karachi,2026-06-06 12:29:07.097653,92,34.62695686145885,49.2443230430172,33.65452637571464,24.101253715205566,1.7271881363407926,21.010915688562626,83.98976037467298,0.2369018822411233,1016.3978403561739,12,5,6,1,117.0,97.0,116.0,96.0,105.0,100.83333333333333,-0.2136752136752137
Karachi,2026-06-06 13:29:07.097653,125,51.20548298557575,71.72542372123662,31.81791409272585,70.4769919680516,1.1584311279497852,19.874285756468318,62.23337354193581,0.22343413123770794,1017.4163091950002,13,5,6,1,92.0,106.0,99.0,125.0,111.33333333333333,105.16666666666667,0.3586956521739131
Karachi,2026-06-06 14:29:07.097653,116,54.23024780508348,52.00454194924038,36.808100648736726,32.49466140706578,1.3967987323288453,27.418738356669525,86.57888265092882,7.121653127805318,1016.0632897484736,14,5,6,1,125.0,117.0,94.0,88.0,111.0,108.83333333333333,-0.07199999999999995
Karachi,2026-06-06 15:29:07.097653,111,47.82242689164274,69.87933898025388,42.90763549996235,79.26953657664647,2.226437452884089,25.738025588098584,64.77695064271006,1.9419506987224446,1011.5475093594628,15,5,6,1,116.0,92.0,97.0,125.0,117.33333333333333,111.16666666666667,-0.0431034482758621
Karachi,2026-06-06 16:29:07.097653,101,43.17389629902558,58.7635252785665,10.878585629786727,21.03820704512031,0.5388389183461806,28.093293099798824,74.71122445913628,2.628526473163003,1016.1204523855156,16,5,6,1,111.0,125.0,106.0,81.0,109.33333333333333,110.33333333333333,-0.09009009009009006
Karachi,2026-06-06 17:29:07.097653,88,33.07198188762098,60.59669339163416,50.16107902578338,46.14378731868286,2.0418123645992363,35.28094236221144,43.46463247333211,0.7744718433578912,1017.2291574355321,17,5,6,1,101.0,116.0,117.0,97.0,100.0,105.5,-0.12871287128712872
Karachi,2026-06-06 18:29:07.097653,90,28.61688409117924,45.26847738000096,28.952776509929258,65.49911736859853,0.6756600121916321,30.52093034205705,77.2575826763393,4.896678558658377,1017.4703578783706,18,5,6,1,88.0,111.0,92.0,75.0,93.0,105.16666666666667,0.022727272727272707
Karachi,2026-06-06 19:29:07.097653,81,31.402715208515982,43.71460080582757,8.979168044361705,40.28497364228251,0.3807575621701825,34.21182653516555,56.89980156559615,1.4368802815508301,1014.83197850685,19,5,6,1,90.0,101.0,125.0,81.0,86.33333333333333,97.83333333333333,-0.09999999999999998
Karachi,2026-06-06 20:29:07.097653,59,29.90879650867344,23.761431537217867,48.24004680590172,42.765884213135266,0.7082641260391052,34.12418452416524,57.56795071658904,2.017473944677356,1010.1136664381511,20,5,6,1,81.0,88.0,116.0,56.0,76.66666666666667,88.33333333333333,-0.2716049382716049
Karachi,2026-06-06 21:29:07.097653,50,12.437268705431793,22.07533747461602,25.732248442744964,79.04490568540187,1.9830950179350775,33.50775099607272,45.9327922354695,3.599040838832321,1008.3972915336469,21,5,6,1,59.0,90.0,111.0,56.0,63.333333333333336,78.16666666666667,-0.15254237288135597
Karachi,2026-06-06 22:29:07.097653,55,16.943386085275186,23.872393420692237,10.520212230227965,39.77157052108073,1.191277361341092,32.492204315384534,47.34285743201011,0.8719081455088551,1009.4720022816016,22,5,6,1,50.0,81.0,101.0,54.0,54.666666666666664,70.5,0.10000000000000009
Karachi,2026-06-06 23:29:07.097653,74,30.334349674672644,52.522305921025016,39.85784717487878,52.28504704193445,2.2195451370616004,31.409631373270777,49.28795281031051,2.642835460971549,1017.6554691789395,23,5,6,1,55.0,59.0,88.0,35.0,59.666666666666664,68.16666666666667,0.34545454545454546
Karachi,2026-06-07 00:29:07.097653,31,7.642083621840284,13.261941529103755,53.40722443885029,13.81777624726055,1.454356590600985,29.543881181881076,56.41030842857112,5.80441917900654,1012.6209682419277,0,6,6,1,74.0,50.0,90.0,61.0,53.333333333333336,58.333333333333336,-0.5810810810810811
Karachi,2026-06-07 01:29:07.097653,29,7.641121254440476,18.399013212981718,53.82644301776925,68.9547056147182,0.3489507742379281,26.966715643268046,84.59849563878026,3.8565087950337267,1016.5498601483206,1,6,6,1,31.0,55.0,81.0,43.0,44.666666666666664,49.666666666666664,-0.06451612903225812
Karachi,2026-06-07 02:29:07.097653,56,20.47826729336495,30.84828307211432,57.67149111449353,55.371763428568045,1.8767699411242391,28.022566248221484,58.41301191150403,3.2610845848567167,1012.6504415355829,2,6,6,1,29.0,74.0,59.0,50.0,38.666666666666664,49.166666666666664,0.9310344827586208
Karachi,2026-06-07 03:29:07.097653,59,16.99195781594679,25.574345127243802,52.72380028716784,38.28140720039695,0.542512399186712,20.304126517581274,76.21813532816091,3.42972941892773,1014.6081758345983,3,6,6,1,56.0,31.0,50.0,43.0,48.0,50.666666666666664,0.0535714285714286
Karachi,2026-06-07 04:29:07.097653,67,22.169440755140606,39.21367159396053,5.117750564001137,11.131867796816383,2.0366351936162337,23.042916208030753,44.13737519449357,2.2217298080468724,1008.2414077712233,4,6,6,1,59.0,29.0,55.0,26.0,60.666666666666664,52.666666666666664,0.13559322033898313
Karachi,2026-06-07 05:29:07.097653,75,33.87503023015729,50.32966262423988,25.913264152736463,51.41681744154527,0.6698256095713961,20.987830347882724,69.55493996359962,6.992304639509851,1010.4986494271936,5,6,6,1,67.0,56.0,74.0,69.0,67.0,52.833333333333336,0.11940298507462677
Karachi,2026-06-07 06:29:07.097653,76,24.123937561036353,36.329104567939936,50.01984189480267,10.886047993891353,1.0599820487721296,19.468595012383293,64.09456156352198,1.3756857389318653,1012.3626928004259,6,6,6,1,75.0,59.0,31.0,116.0,72.66666666666667,60.333333333333336,0.01333333333333342
Karachi,2026-06-07 07:29:07.097653,110,36.05564850036856,72.54041608511514,25.14391532991608,10.084252973631253,1.9747971451757929,19.50655224496771,88.89789734772523,3.42185232392786,1014.3063104715417,7,6,6,1,76.0,67.0,29.0,99.0,87.0,73.83333333333333,0.44736842105263164
Karachi,2026-06-07 08:29:07.097653,70,25.24445123147144,35.794096821889795,38.085167850883835,53.12689935045483,2.3993089864481276,16.814801209463216,82.31038849394815,3.230051132685614,1009.7152118805318,8,6,6,1,110.0,75.0,56.0,94.0,85.33333333333333,76.16666666666667,-0.36363636363636365
Karachi,2026-06-07 09:29:07.097653,88,39.17407673810632,49.40757742975292,38.34743210559926,23.231194713418798,1.1171546914228112,13.5346452380337,62.74148862193249,5.017525014266271,1015.6455146427049,9,6,6,1,70.0,76.0,59.0,97.0,89.33333333333333,81.0,0.2571428571428571
Karachi,2026-06-07 10:29:07.097653,104,40.788167244534534,66.90462941085885,25.076391722135266,23.43212848026667,2.124680484437659,17.92721145029552,78.75713820226693,5.206347877587279,1011.6440470613624,10,6,6,1,88.0,110.0,67.0,106.0,87.33333333333333,87.16666666666667,0.18181818181818188
Karachi,2026-06-07 11:29:07.097653,84,31.409071657965725,45.29047631505983,54.74606600047082,55.72900960829206,0.7197429840468452,17.36075731525851,49.65193706468888,2.9359623910258583,1016.1743526923389,11,6,6,1,104.0,70.0,75.0,117.0,92.0,88.66666666666667,-0.1923076923076923
Karachi,2026-06-07 12:29:07.097653,107,43.166667560985616,64.71790923479828,32.67755899623647,13.7588031557562,2.0757954944454804,19.536281580283873,68.1168163695889,3.581332986226099,1008.9796909039507,12,6,6,1,84.0,88.0,76.0,92.0,98.33333333333333,93.83333333333333,0.2738095238095237
Karachi,2026-06-07 13:29:07.097653,133,44.831393745538676,77.82236973445065,30.563131326562544,31.938389303218944,1.7464869303637525,20.44460829151501,43.73095277843541,3.6570695078278965,1014.7975658768237,13,6,6,1,107.0,104.0,110.0,125.0,108.0,97.66666666666667,0.2429906542056075
Karachi,2026-06-07 14:29:07.097653,106,44.9911520440642,64.81137971641411,59.863256011404275,20.460233149941335,0.7240357158672106,24.045310283112332,57.404451612584154,1.5442833111412142,1010.9332833320651,14,6,6,1,133.0,84.0,70.0,116.0,115.33333333333333,103.66666666666667,-0.20300751879699253
Karachi,2026-06-07 15:29:07.097653,104,43.7866619655689,43.75831736863802,32.14252002399392,50.61234588575737,0.9655087127731055,25.877304972853267,51.29310908110851,0.17797920495555086,1015.9538317412262,15,6,6,1,106.0,107.0,88.0,111.0,114.33333333333333,106.33333333333333,-0.018867924528301883
Karachi,2026-06-07 16:29:07.097653,76,28.392469038485913,31.021062591782112,14.811903856071957,56.32356083091771,0.5898959549134792,24.244860340145795,75.94549076626055,1.7898726185560587,1012.0217042704242,16,6,6,1,104.0,133.0,104.0,101.0,95.33333333333333,101.66666666666667,-0.2692307692307693
Karachi,2026-06-07 17:29:07.097653,78,36.43728265197547,52.039226187864784,33.21881825748909,60.479509751933044,1.1425274243414894,32.05729807205696,64.50453456071807,1.8768026472462622,1014.6534963226356,17,6,6,1,76.0,106.0,84.0,88.0,86.0,100.66666666666667,0.026315789473684292
Karachi,2026-06-07 18:29:07.097653,74,24.111341223291184,52.92068382227697,49.770920453596155,27.86618518429958,0.7480270104712103,36.368846946285274,77.55352394240052,0.6014351560717355,1017.3430526863648,18,6,6,1,78.0,104.0,107.0,90.0,76.0,95.16666666666667,-0.05128205128205132
Karachi,2026-06-07 19:29:07.097653,67,32.627425844500195,33.197927689096346,47.72731797940548,16.24748261456088,1.716795497987042,33.939880997305124,65.76477188157227,4.49916514274726,1008.2062663201376,19,6,6,1,74.0,76.0,133.0,81.0,73.0,84.16666666666667,-0.09459459459459463
Karachi,2026-06-07 20:29:07.097653,84,34.46233109799887,48.58256733766485,48.371997080965905,15.507855985932848,2.487911229285229,32.594152086931544,44.324222107581924,3.004236842034945,1008.1111678233437,20,6,6,1,67.0,78.0,106.0,59.0,75.0,80.5,0.25373134328358216
Karachi,2026-06-07 21:29:07.097653,67,25.178102040721313,42.64905150838668,43.94130811988515,39.83060839155067,0.3264201587853811,32.61791381896012,76.76838248662634,2.5706109052263257,1015.7027925217672,21,6,6,1,84.0,74.0,104.0,50.0,72.66666666666667,74.33333333333333,-0.20238095238095233
